sampled_at_vn,sampled_at_utc,weekday,hour_vn,hotspot_label,ward,lat,lng,distinct_event_days,flood_water_level_avg,current_speed_kmh,free_flow_speed_kmh,congestion_ratio,current_travel_time_s,free_flow_travel_time_s,road_class,confidence,road_closure
2026-08-15 23:53:59,2026-08-15T16:53:59Z,Sat,23,15 Đường Quang Trung,Phường Hải Châu,16.075051,108.222198,5,12.0,34,34,1.0,532,532,FRC4,1,False
2026-08-15 23:53:59,2026-08-15T16:53:59Z,Sat,23,Phần Lăng 1,Phường Hòa Cường Bắc,16.054171,108.188345,5,49.2,31,31,1.0,246,246,FRC4,1,False
2026-08-15 23:53:59,2026-08-15T16:53:59Z,Sat,23,24 Đường Trần Phú,Phường Thạch Thang,16.077081,108.223023,5,12.0,37,37,1.0,288,288,FRC4,1,False
2026-08-15 23:53:59,2026-08-15T16:53:59Z,Sat,23,2 Đường Lý Thái Tổ (Duong Ly Thai To),Phường Thạc Gián,16.066432,108.209833,4,64.6,39,39,1.0,476,476,FRC1,1,False
2026-08-15 23:53:59,2026-08-15T16:53:59Z,Sat,23,100 Đường Trần Phú,Phường Hải Châu 1,16.06907,108.22398,4,46.5,26,33,0.788,326,257,FRC4,1,False
2026-08-15 23:53:59,2026-08-15T16:53:59Z,Sat,23,Ngã tư Bắc Sơn – Trần Văn Ơn (Khu vực gi,Phường Hòa An,16.054638,108.176766,3,96.9,36,36,1.0,282,282,FRC4,1,False
2026-08-15 23:53:59,2026-08-15T16:53:59Z,Sat,23,40 Đường Trần Phú,Phường Hải Châu I,16.071757,108.224725,3,59.6,17,26,0.654,22,14,FRC4,0.94,False
2026-08-15 23:53:59,2026-08-15T16:53:59Z,Sat,23,Bàu Làng,Phường Thanh Khê Đông,16.070435,108.185778,3,49.0,34,34,1.0,532,532,FRC4,1,False
2026-08-15 23:53:59,2026-08-15T16:53:59Z,Sat,23,Huỳnh Ngọc Huệ,Phường Hòa Khê,16.061159,108.185345,3,81.0,28,28,1.0,286,286,FRC4,1,False
2026-08-15 23:53:59,2026-08-15T16:53:59Z,Sat,23,"Hàm Nghi, tổ 36 P.Vĩnh Trung (số 87 - 16",Phường Thạc Gián,16.061954,108.210494,2,93.1,40,40,1.0,1770,1770,FRC2,1,False
2026-08-15 23:53:59,2026-08-15T16:53:59Z,Sat,23,Đường Bắc Sơn (Từ số nhà 02 đến số nhà 9,Phường Hòa An,16.059092,108.175051,2,105.7,34,46,0.739,1176,869,FRC1,0.996658,False
2026-08-15 23:53:59,2026-08-15T16:53:59Z,Sat,23,Lê Thanh Nghị,Phường Hòa Cường Nam,16.035861,108.218057,2,19.2,37,37,1.0,157,157,FRC4,1,False
2026-08-15 23:53:59,2026-08-15T16:53:59Z,Sat,23,50 Đường Hoàng Hoa Thám,Phường Tam Thuận,16.069332,108.209716,2,45.0,38,38,1.0,256,256,FRC4,1,False
2026-08-15 23:53:59,2026-08-15T16:53:59Z,Sat,23,Đường Cầm Bá Thước (Toàn bộ tuyến đường),Phường Hòa Cường Bắc,16.042987,108.212774,2,52.0,47,47,1.0,786,786,FRC4,1,False
2026-08-15 23:53:59,2026-08-15T16:53:59Z,Sat,23,Hà Huy Tập,Phường Hòa Khê,16.05858,108.184255,2,64.0,31,31,1.0,246,246,FRC4,1,False
2026-08-15 23:53:59,2026-08-15T16:53:59Z,Sat,23,Kiệt 179 Nguyễn Văn Linh (Toàn bộ kiệt),Phường Nam Dương,16.060362,108.214005,2,65.0,40,40,1.0,1770,1770,FRC2,1,False
2026-08-15 23:53:59,2026-08-15T16:53:59Z,Sat,23,67 Đường Tố Hữu,Phường Hòa Cường Nam,16.034478,108.219218,2,10.0,37,37,1.0,157,157,FRC4,1,False
2026-08-15 23:53:59,2026-08-15T16:53:59Z,Sat,23,Ngã tư Lê Thạch – Cao Sơn Pháo (Khu vực ,Phường Hòa Minh,16.057221,108.172134,2,53.3,33,47,0.702,1211,850,FRC1,0.996857,False
2026-08-15 23:53:59,2026-08-15T16:53:59Z,Sat,23,Đường Hải Hồ,Phường Thanh Bình,16.081622,108.216037,2,36.7,36,36,1.0,249,249,FRC3,1,False
2026-08-15 23:53:59,2026-08-15T16:53:59Z,Sat,23,Kiệt 640 Trưng Nữ Vương (Toàn bộ kiệt),Phường Hòa Cường Bắc,16.04386,108.207734,2,70.0,47,47,1.0,786,786,FRC4,1,False
2026-08-15 23:53:59,2026-08-15T16:53:59Z,Sat,23,20 Đường Lê Quý Đôn,Phường Bình Hiên,16.055828,108.22107,2,51.7,29,29,1.0,144,144,FRC4,1,False
2026-08-15 23:53:59,2026-08-15T16:53:59Z,Sat,23,Đống Đa,Phường Thanh Bình,16.078364,108.216795,2,10.0,36,36,1.0,249,249,FRC3,1,False
2026-08-15 23:53:59,2026-08-15T16:53:59Z,Sat,23,Quận Liên Chiểu,Phường Hòa Minh,16.06738,108.166799,2,55.0,33,41,0.805,247,199,FRC4,1,False
2026-08-15 23:53:59,2026-08-15T16:53:59Z,Sat,23,Núi Thành,Phường Hòa Cường Nam,16.036737,108.222882,2,17.5,31,33,0.939,283,266,FRC4,1,False
2026-08-15 23:53:59,2026-08-15T16:53:59Z,Sat,23,"Ngã 3 Phạm Văn Nghị - Đào Duy Anh, phườn",Phường Thạc Gián,16.05869,108.209048,2,40.0,38,38,1.0,1175,1175,FRC4,1,False
2026-08-15 23:53:59,2026-08-15T16:53:59Z,Sat,23,Quận Sơn Trà,Phường Thọ Quang,16.104352,108.253997,2,26.5,45,45,1.0,1365,1365,FRC3,1,False
2026-08-15 23:53:59,2026-08-15T16:53:59Z,Sat,23,Quang Trung - Đống Đa (Đoạn ngã 4),Phường Thanh Bình,16.073419,108.213994,2,105.5,37,37,1.0,288,288,FRC4,1,False
2026-08-15 23:53:59,2026-08-15T16:53:59Z,Sat,23,Trưng Nữ Vương,Phường Hòa Thuận Tây,16.044318,108.206417,2,25.0,47,47,1.0,786,786,FRC4,1,False
2026-08-15 23:53:59,2026-08-15T16:53:59Z,Sat,23,Đ. Ngô Thì Nhậm,Phường Hòa Minh,16.071259,108.156865,2,40.0,31,40,0.775,251,194,FRC4,1,False
2026-08-15 23:53:59,2026-08-15T16:53:59Z,Sat,23,Ngô Tử Hạ,Phường Hòa An,16.043478,108.178278,2,55.0,52,52,1.0,1328,1328,FRC1,1,False
2026-08-15 23:53:59,2026-08-15T16:53:59Z,Sat,23,"Kiệt 818 Trần Cao Vân, tổ 20 P.Thanh Khê",Phường Thanh Khê Đông,16.069731,108.184158,2,90.0,35,35,1.0,517,517,FRC4,1,False
2026-08-15 23:53:59,2026-08-15T16:53:59Z,Sat,23,Hẻm 45 Đường An Mỹ 08 (Hem 45 Duong An M,Phường An Hải Tây,16.06394,108.23185,2,10.0,32,32,1.0,73,73,FRC3,1,False
2026-08-16 00:02:19,2026-08-15T17:02:19Z,Sun,0,15 Đường Quang Trung,Phường Hải Châu,16.075051,108.222198,5,12.0,34,34,1.0,532,532,FRC4,1,False
2026-08-16 00:02:19,2026-08-15T17:02:19Z,Sun,0,Phần Lăng 1,Phường Hòa Cường Bắc,16.054171,108.188345,5,49.2,31,31,1.0,246,246,FRC4,1,False
2026-08-16 00:02:19,2026-08-15T17:02:19Z,Sun,0,24 Đường Trần Phú,Phường Thạch Thang,16.077081,108.223023,5,12.0,37,37,1.0,288,288,FRC4,1,False
2026-08-16 00:02:19,2026-08-15T17:02:19Z,Sun,0,2 Đường Lý Thái Tổ (Duong Ly Thai To),Phường Thạc Gián,16.066432,108.209833,4,64.6,39,39,1.0,476,476,FRC1,1,False
2026-08-16 00:02:19,2026-08-15T17:02:19Z,Sun,0,100 Đường Trần Phú,Phường Hải Châu 1,16.06907,108.22398,4,46.5,33,33,1.0,257,257,FRC4,1,False
2026-08-16 00:02:19,2026-08-15T17:02:19Z,Sun,0,Ngã tư Bắc Sơn – Trần Văn Ơn (Khu vực gi,Phường Hòa An,16.054638,108.176766,3,96.9,36,36,1.0,282,282,FRC4,1,False
2026-08-16 00:02:19,2026-08-15T17:02:19Z,Sun,0,40 Đường Trần Phú,Phường Hải Châu I,16.071757,108.224725,3,59.6,18,27,0.667,21,14,FRC4,0.81,False
2026-08-16 00:02:19,2026-08-15T17:02:19Z,Sun,0,Bàu Làng,Phường Thanh Khê Đông,16.070435,108.185778,3,49.0,34,34,1.0,532,532,FRC4,1,False
2026-08-16 00:02:19,2026-08-15T17:02:19Z,Sun,0,Huỳnh Ngọc Huệ,Phường Hòa Khê,16.061159,108.185345,3,81.0,28,28,1.0,286,286,FRC4,1,False
2026-08-16 00:02:19,2026-08-15T17:02:19Z,Sun,0,"Hàm Nghi, tổ 36 P.Vĩnh Trung (số 87 - 16",Phường Thạc Gián,16.061954,108.210494,2,93.1,33,41,0.805,2146,1727,FRC2,0.972941,False
2026-08-16 00:02:19,2026-08-15T17:02:19Z,Sun,0,Đường Bắc Sơn (Từ số nhà 02 đến số nhà 9,Phường Hòa An,16.059092,108.175051,2,105.7,33,46,0.717,1211,869,FRC1,0.996635,False
2026-08-16 00:02:19,2026-08-15T17:02:19Z,Sun,0,Lê Thanh Nghị,Phường Hòa Cường Nam,16.035861,108.218057,2,19.2,37,37,1.0,157,157,FRC4,1,False
2026-08-16 00:02:19,2026-08-15T17:02:19Z,Sun,0,50 Đường Hoàng Hoa Thám,Phường Tam Thuận,16.069332,108.209716,2,45.0,38,38,1.0,256,256,FRC4,1,False
2026-08-16 00:02:19,2026-08-15T17:02:19Z,Sun,0,Đường Cầm Bá Thước (Toàn bộ tuyến đường),Phường Hòa Cường Bắc,16.042987,108.212774,2,52.0,47,47,1.0,786,786,FRC4,1,False
2026-08-16 00:02:19,2026-08-15T17:02:19Z,Sun,0,Hà Huy Tập,Phường Hòa Khê,16.05858,108.184255,2,64.0,31,31,1.0,246,246,FRC4,1,False
2026-08-16 00:02:19,2026-08-15T17:02:19Z,Sun,0,Kiệt 179 Nguyễn Văn Linh (Toàn bộ kiệt),Phường Nam Dương,16.060362,108.214005,2,65.0,33,41,0.805,2146,1727,FRC2,0.972941,False
2026-08-16 00:02:19,2026-08-15T17:02:19Z,Sun,0,67 Đường Tố Hữu,Phường Hòa Cường Nam,16.034478,108.219218,2,10.0,37,37,1.0,157,157,FRC4,1,False
2026-08-16 00:02:19,2026-08-15T17:02:19Z,Sun,0,Ngã tư Lê Thạch – Cao Sơn Pháo (Khu vực ,Phường Hòa Minh,16.057221,108.172134,2,53.3,33,46,0.717,1211,869,FRC1,0.996635,False
2026-08-16 00:02:19,2026-08-15T17:02:19Z,Sun,0,Đường Hải Hồ,Phường Thanh Bình,16.081622,108.216037,2,36.7,36,36,1.0,249,249,FRC3,1,False
2026-08-16 00:02:19,2026-08-15T17:02:19Z,Sun,0,Kiệt 640 Trưng Nữ Vương (Toàn bộ kiệt),Phường Hòa Cường Bắc,16.04386,108.207734,2,70.0,47,47,1.0,786,786,FRC4,1,False
2026-08-16 00:02:19,2026-08-15T17:02:19Z,Sun,0,20 Đường Lê Quý Đôn,Phường Bình Hiên,16.055828,108.22107,2,51.7,29,29,1.0,144,144,FRC4,1,False
2026-08-16 00:02:19,2026-08-15T17:02:19Z,Sun,0,Đống Đa,Phường Thanh Bình,16.078364,108.216795,2,10.0,36,36,1.0,249,249,FRC3,1,False
2026-08-16 00:02:19,2026-08-15T17:02:19Z,Sun,0,Quận Liên Chiểu,Phường Hòa Minh,16.06738,108.166799,2,55.0,41,41,1.0,199,199,FRC4,1,False
2026-08-16 00:02:19,2026-08-15T17:02:19Z,Sun,0,Núi Thành,Phường Hòa Cường Nam,16.036737,108.222882,2,17.5,29,33,0.879,303,266,FRC4,1,False
2026-08-16 00:02:19,2026-08-15T17:02:19Z,Sun,0,"Ngã 3 Phạm Văn Nghị - Đào Duy Anh, phườn",Phường Thạc Gián,16.05869,108.209048,2,40.0,38,38,1.0,1175,1175,FRC4,1,False
2026-08-16 00:02:19,2026-08-15T17:02:19Z,Sun,0,Quận Sơn Trà,Phường Thọ Quang,16.104352,108.253997,2,26.5,45,45,1.0,1365,1365,FRC3,1,False
2026-08-16 00:02:19,2026-08-15T17:02:19Z,Sun,0,Quang Trung - Đống Đa (Đoạn ngã 4),Phường Thanh Bình,16.073419,108.213994,2,105.5,37,37,1.0,288,288,FRC4,1,False
2026-08-16 00:02:19,2026-08-15T17:02:19Z,Sun,0,Trưng Nữ Vương,Phường Hòa Thuận Tây,16.044318,108.206417,2,25.0,47,47,1.0,786,786,FRC4,1,False
2026-08-16 00:02:19,2026-08-15T17:02:19Z,Sun,0,Đ. Ngô Thì Nhậm,Phường Hòa Minh,16.071259,108.156865,2,40.0,32,39,0.821,243,199,FRC4,1,False
2026-08-16 00:02:19,2026-08-15T17:02:19Z,Sun,0,Ngô Tử Hạ,Phường Hòa An,16.043478,108.178278,2,55.0,52,52,1.0,1328,1328,FRC1,1,False
2026-08-16 00:02:19,2026-08-15T17:02:19Z,Sun,0,"Kiệt 818 Trần Cao Vân, tổ 20 P.Thanh Khê",Phường Thanh Khê Đông,16.069731,108.184158,2,90.0,27,35,0.771,670,517,FRC4,0.996047,False
2026-08-16 00:02:19,2026-08-15T17:02:19Z,Sun,0,Hẻm 45 Đường An Mỹ 08 (Hem 45 Duong An M,Phường An Hải Tây,16.06394,108.23185,2,10.0,23,32,0.719,102,73,FRC3,0.99,False
2026-08-16 00:03:44,2026-08-15T17:03:44Z,Sun,0,15 Đường Quang Trung,Phường Hải Châu,16.075051,108.222198,5,12.0,34,34,1.0,532,532,FRC4,1,False
2026-08-16 00:03:44,2026-08-15T17:03:44Z,Sun,0,Phần Lăng 1,Phường Hòa Cường Bắc,16.054171,108.188345,5,49.2,31,31,1.0,246,246,FRC4,1,False
2026-08-16 00:03:44,2026-08-15T17:03:44Z,Sun,0,24 Đường Trần Phú,Phường Thạch Thang,16.077081,108.223023,5,12.0,37,37,1.0,288,288,FRC4,1,False
2026-08-16 00:03:44,2026-08-15T17:03:44Z,Sun,0,2 Đường Lý Thái Tổ (Duong Ly Thai To),Phường Thạc Gián,16.066432,108.209833,4,64.6,39,39,1.0,476,476,FRC1,1,False
2026-08-16 00:03:44,2026-08-15T17:03:44Z,Sun,0,100 Đường Trần Phú,Phường Hải Châu 1,16.06907,108.22398,4,46.5,33,33,1.0,257,257,FRC4,1,False
2026-08-16 00:03:44,2026-08-15T17:03:44Z,Sun,0,Ngã tư Bắc Sơn – Trần Văn Ơn (Khu vực gi,Phường Hòa An,16.054638,108.176766,3,96.9,36,36,1.0,282,282,FRC4,1,False
2026-08-16 00:03:44,2026-08-15T17:03:44Z,Sun,0,40 Đường Trần Phú,Phường Hải Châu I,16.071757,108.224725,3,59.6,18,27,0.667,21,14,FRC4,0.81,False
2026-08-16 00:03:44,2026-08-15T17:03:44Z,Sun,0,Bàu Làng,Phường Thanh Khê Đông,16.070435,108.185778,3,49.0,34,34,1.0,532,532,FRC4,1,False
2026-08-16 00:03:44,2026-08-15T17:03:44Z,Sun,0,Huỳnh Ngọc Huệ,Phường Hòa Khê,16.061159,108.185345,3,81.0,28,28,1.0,286,286,FRC4,1,False
2026-08-16 00:03:44,2026-08-15T17:03:44Z,Sun,0,"Hàm Nghi, tổ 36 P.Vĩnh Trung (số 87 - 16",Phường Thạc Gián,16.061954,108.210494,2,93.1,33,42,0.786,2146,1686,FRC2,0.976441,False
2026-08-16 00:03:44,2026-08-15T17:03:44Z,Sun,0,Đường Bắc Sơn (Từ số nhà 02 đến số nhà 9,Phường Hòa An,16.059092,108.175051,2,105.7,35,46,0.761,1142,869,FRC1,0.996635,False
2026-08-16 00:03:44,2026-08-15T17:03:44Z,Sun,0,Lê Thanh Nghị,Phường Hòa Cường Nam,16.035861,108.218057,2,19.2,37,37,1.0,157,157,FRC4,1,False
2026-08-16 00:03:44,2026-08-15T17:03:44Z,Sun,0,50 Đường Hoàng Hoa Thám,Phường Tam Thuận,16.069332,108.209716,2,45.0,38,38,1.0,256,256,FRC4,1,False
2026-08-16 00:03:44,2026-08-15T17:03:44Z,Sun,0,Đường Cầm Bá Thước (Toàn bộ tuyến đường),Phường Hòa Cường Bắc,16.042987,108.212774,2,52.0,47,47,1.0,786,786,FRC4,1,False
2026-08-16 00:03:44,2026-08-15T17:03:44Z,Sun,0,Hà Huy Tập,Phường Hòa Khê,16.05858,108.184255,2,64.0,31,31,1.0,246,246,FRC4,1,False
2026-08-16 00:03:44,2026-08-15T17:03:44Z,Sun,0,Kiệt 179 Nguyễn Văn Linh (Toàn bộ kiệt),Phường Nam Dương,16.060362,108.214005,2,65.0,33,42,0.786,2146,1686,FRC2,0.976441,False
2026-08-16 00:03:44,2026-08-15T17:03:44Z,Sun,0,67 Đường Tố Hữu,Phường Hòa Cường Nam,16.034478,108.219218,2,10.0,37,37,1.0,157,157,FRC4,1,False
2026-08-16 00:03:44,2026-08-15T17:03:44Z,Sun,0,Ngã tư Lê Thạch – Cao Sơn Pháo (Khu vực ,Phường Hòa Minh,16.057221,108.172134,2,53.3,35,46,0.761,1142,869,FRC1,0.996635,False
2026-08-16 00:03:44,2026-08-15T17:03:44Z,Sun,0,Đường Hải Hồ,Phường Thanh Bình,16.081622,108.216037,2,36.7,36,36,1.0,249,249,FRC3,1,False
2026-08-16 00:03:44,2026-08-15T17:03:44Z,Sun,0,Kiệt 640 Trưng Nữ Vương (Toàn bộ kiệt),Phường Hòa Cường Bắc,16.04386,108.207734,2,70.0,47,47,1.0,786,786,FRC4,1,False
2026-08-16 00:03:44,2026-08-15T17:03:44Z,Sun,0,20 Đường Lê Quý Đôn,Phường Bình Hiên,16.055828,108.22107,2,51.7,29,29,1.0,144,144,FRC4,1,False
2026-08-16 00:03:44,2026-08-15T17:03:44Z,Sun,0,Đống Đa,Phường Thanh Bình,16.078364,108.216795,2,10.0,36,36,1.0,249,249,FRC3,1,False
2026-08-16 00:03:44,2026-08-15T17:03:44Z,Sun,0,Quận Liên Chiểu,Phường Hòa Minh,16.06738,108.166799,2,55.0,41,41,1.0,199,199,FRC4,1,False
2026-08-16 00:03:44,2026-08-15T17:03:44Z,Sun,0,Núi Thành,Phường Hòa Cường Nam,16.036737,108.222882,2,17.5,29,34,0.853,303,258,FRC4,1,False
2026-08-16 00:03:44,2026-08-15T17:03:44Z,Sun,0,"Ngã 3 Phạm Văn Nghị - Đào Duy Anh, phườn",Phường Thạc Gián,16.05869,108.209048,2,40.0,38,38,1.0,1175,1175,FRC4,1,False
2026-08-16 00:03:44,2026-08-15T17:03:44Z,Sun,0,Quận Sơn Trà,Phường Thọ Quang,16.104352,108.253997,2,26.5,45,45,1.0,1365,1365,FRC3,1,False
2026-08-16 00:03:44,2026-08-15T17:03:44Z,Sun,0,Quang Trung - Đống Đa (Đoạn ngã 4),Phường Thanh Bình,16.073419,108.213994,2,105.5,37,37,1.0,288,288,FRC4,1,False
2026-08-16 00:03:44,2026-08-15T17:03:44Z,Sun,0,Trưng Nữ Vương,Phường Hòa Thuận Tây,16.044318,108.206417,2,25.0,47,47,1.0,786,786,FRC4,1,False
2026-08-16 00:03:44,2026-08-15T17:03:44Z,Sun,0,Đ. Ngô Thì Nhậm,Phường Hòa Minh,16.071259,108.156865,2,40.0,32,40,0.8,243,194,FRC4,1,False
2026-08-16 00:03:44,2026-08-15T17:03:44Z,Sun,0,Ngô Tử Hạ,Phường Hòa An,16.043478,108.178278,2,55.0,52,52,1.0,1328,1328,FRC1,1,False
2026-08-16 00:03:44,2026-08-15T17:03:44Z,Sun,0,"Kiệt 818 Trần Cao Vân, tổ 20 P.Thanh Khê",Phường Thanh Khê Đông,16.069731,108.184158,2,90.0,35,35,1.0,517,517,FRC4,1,False
2026-08-16 00:03:44,2026-08-15T17:03:44Z,Sun,0,Hẻm 45 Đường An Mỹ 08 (Hem 45 Duong An M,Phường An Hải Tây,16.06394,108.23185,2,10.0,23,32,0.719,102,73,FRC3,0.99,False
2026-08-16 00:06:54,2026-08-15T17:06:54Z,Sun,0,15 Đường Quang Trung,Phường Hải Châu,16.075051,108.222198,5,12.0,34,34,1.0,532,532,FRC4,1,False
2026-08-16 00:06:54,2026-08-15T17:06:54Z,Sun,0,Phần Lăng 1,Phường Hòa Cường Bắc,16.054171,108.188345,5,49.2,31,31,1.0,246,246,FRC4,1,False
2026-08-16 00:06:54,2026-08-15T17:06:54Z,Sun,0,24 Đường Trần Phú,Phường Thạch Thang,16.077081,108.223023,5,12.0,37,37,1.0,288,288,FRC4,1,False
2026-08-16 00:06:54,2026-08-15T17:06:54Z,Sun,0,2 Đường Lý Thái Tổ (Duong Ly Thai To),Phường Thạc Gián,16.066432,108.209833,4,64.6,39,39,1.0,476,476,FRC1,1,False
2026-08-16 00:06:54,2026-08-15T17:06:54Z,Sun,0,100 Đường Trần Phú,Phường Hải Châu 1,16.06907,108.22398,4,46.5,33,33,1.0,257,257,FRC4,1,False
2026-08-16 00:06:54,2026-08-15T17:06:54Z,Sun,0,Ngã tư Bắc Sơn – Trần Văn Ơn (Khu vực gi,Phường Hòa An,16.054638,108.176766,3,96.9,36,36,1.0,282,282,FRC4,1,False
2026-08-16 00:06:54,2026-08-15T17:06:54Z,Sun,0,40 Đường Trần Phú,Phường Hải Châu I,16.071757,108.224725,3,59.6,18,27,0.667,21,14,FRC4,0.6,False
2026-08-16 00:06:54,2026-08-15T17:06:54Z,Sun,0,Bàu Làng,Phường Thanh Khê Đông,16.070435,108.185778,3,49.0,34,34,1.0,532,532,FRC4,1,False
2026-08-16 00:06:54,2026-08-15T17:06:54Z,Sun,0,Huỳnh Ngọc Huệ,Phường Hòa Khê,16.061159,108.185345,3,81.0,28,28,1.0,286,286,FRC4,1,False
2026-08-16 00:06:54,2026-08-15T17:06:54Z,Sun,0,"Hàm Nghi, tổ 36 P.Vĩnh Trung (số 87 - 16",Phường Thạc Gián,16.061954,108.210494,2,93.1,34,41,0.829,2082,1727,FRC2,0.979209,False
2026-08-16 00:06:54,2026-08-15T17:06:54Z,Sun,0,Đường Bắc Sơn (Từ số nhà 02 đến số nhà 9,Phường Hòa An,16.059092,108.175051,2,105.7,35,47,0.745,1142,850,FRC1,0.996659,False
2026-08-16 00:06:54,2026-08-15T17:06:54Z,Sun,0,Lê Thanh Nghị,Phường Hòa Cường Nam,16.035861,108.218057,2,19.2,37,37,1.0,157,157,FRC4,1,False
2026-08-16 00:06:54,2026-08-15T17:06:54Z,Sun,0,50 Đường Hoàng Hoa Thám,Phường Tam Thuận,16.069332,108.209716,2,45.0,38,38,1.0,256,256,FRC4,1,False
2026-08-16 00:06:54,2026-08-15T17:06:54Z,Sun,0,Đường Cầm Bá Thước (Toàn bộ tuyến đường),Phường Hòa Cường Bắc,16.042987,108.212774,2,52.0,47,47,1.0,786,786,FRC4,1,False
2026-08-16 00:06:54,2026-08-15T17:06:54Z,Sun,0,Hà Huy Tập,Phường Hòa Khê,16.05858,108.184255,2,64.0,31,31,1.0,246,246,FRC4,1,False
2026-08-16 00:06:54,2026-08-15T17:06:54Z,Sun,0,Kiệt 179 Nguyễn Văn Linh (Toàn bộ kiệt),Phường Nam Dương,16.060362,108.214005,2,65.0,34,41,0.829,2082,1727,FRC2,0.979209,False
2026-08-16 00:06:54,2026-08-15T17:06:54Z,Sun,0,67 Đường Tố Hữu,Phường Hòa Cường Nam,16.034478,108.219218,2,10.0,37,37,1.0,157,157,FRC4,1,False
2026-08-16 00:06:54,2026-08-15T17:06:54Z,Sun,0,Ngã tư Lê Thạch – Cao Sơn Pháo (Khu vực ,Phường Hòa Minh,16.057221,108.172134,2,53.3,35,46,0.761,1142,869,FRC1,0.997222,False
2026-08-16 00:06:54,2026-08-15T17:06:54Z,Sun,0,Đường Hải Hồ,Phường Thanh Bình,16.081622,108.216037,2,36.7,36,36,1.0,249,249,FRC3,1,False
2026-08-16 00:06:54,2026-08-15T17:06:54Z,Sun,0,Kiệt 640 Trưng Nữ Vương (Toàn bộ kiệt),Phường Hòa Cường Bắc,16.04386,108.207734,2,70.0,47,47,1.0,786,786,FRC4,1,False
2026-08-16 00:06:54,2026-08-15T17:06:54Z,Sun,0,20 Đường Lê Quý Đôn,Phường Bình Hiên,16.055828,108.22107,2,51.7,29,29,1.0,144,144,FRC4,1,False
2026-08-16 00:06:54,2026-08-15T17:06:54Z,Sun,0,Đống Đa,Phường Thanh Bình,16.078364,108.216795,2,10.0,36,36,1.0,249,249,FRC3,1,False
2026-08-16 00:06:54,2026-08-15T17:06:54Z,Sun,0,Quận Liên Chiểu,Phường Hòa Minh,16.06738,108.166799,2,55.0,41,41,1.0,199,199,FRC4,1,False
2026-08-16 00:06:54,2026-08-15T17:06:54Z,Sun,0,Núi Thành,Phường Hòa Cường Nam,16.036737,108.222882,2,17.5,28,33,0.848,314,266,FRC4,1,False
2026-08-16 00:06:54,2026-08-15T17:06:54Z,Sun,0,"Ngã 3 Phạm Văn Nghị - Đào Duy Anh, phườn",Phường Thạc Gián,16.05869,108.209048,2,40.0,38,38,1.0,1175,1175,FRC4,1,False
2026-08-16 00:06:54,2026-08-15T17:06:54Z,Sun,0,Quận Sơn Trà,Phường Thọ Quang,16.104352,108.253997,2,26.5,45,45,1.0,1365,1365,FRC3,1,False
2026-08-16 00:06:54,2026-08-15T17:06:54Z,Sun,0,Quang Trung - Đống Đa (Đoạn ngã 4),Phường Thanh Bình,16.073419,108.213994,2,105.5,37,37,1.0,288,288,FRC4,1,False
2026-08-16 00:06:54,2026-08-15T17:06:54Z,Sun,0,Trưng Nữ Vương,Phường Hòa Thuận Tây,16.044318,108.206417,2,25.0,47,47,1.0,786,786,FRC4,1,False
2026-08-16 00:06:54,2026-08-15T17:06:54Z,Sun,0,Đ. Ngô Thì Nhậm,Phường Hòa Minh,16.071259,108.156865,2,40.0,40,40,1.0,194,194,FRC4,1,False
2026-08-16 00:06:54,2026-08-15T17:06:54Z,Sun,0,Ngô Tử Hạ,Phường Hòa An,16.043478,108.178278,2,55.0,52,52,1.0,1328,1328,FRC1,1,False
2026-08-16 00:06:54,2026-08-15T17:06:54Z,Sun,0,"Kiệt 818 Trần Cao Vân, tổ 20 P.Thanh Khê",Phường Thanh Khê Đông,16.069731,108.184158,2,90.0,35,35,1.0,517,517,FRC4,1,False
2026-08-16 00:06:54,2026-08-15T17:06:54Z,Sun,0,Hẻm 45 Đường An Mỹ 08 (Hem 45 Duong An M,Phường An Hải Tây,16.06394,108.23185,2,10.0,23,32,0.719,102,73,FRC3,0.99,False
2026-08-16 00:36:55,2026-08-15T17:36:55Z,Sun,0,15 Đường Quang Trung,Phường Hải Châu,16.075051,108.222198,5,12.0,34,34,1.0,532,532,FRC4,1,False
2026-08-16 00:36:55,2026-08-15T17:36:55Z,Sun,0,Phần Lăng 1,Phường Hòa Cường Bắc,16.054171,108.188345,5,49.2,31,31,1.0,246,246,FRC4,1,False
2026-08-16 00:36:55,2026-08-15T17:36:55Z,Sun,0,24 Đường Trần Phú,Phường Thạch Thang,16.077081,108.223023,5,12.0,37,37,1.0,288,288,FRC4,1,False
2026-08-16 00:36:55,2026-08-15T17:36:55Z,Sun,0,2 Đường Lý Thái Tổ (Duong Ly Thai To),Phường Thạc Gián,16.066432,108.209833,4,64.6,39,39,1.0,476,476,FRC1,1,False
2026-08-16 00:36:55,2026-08-15T17:36:55Z,Sun,0,100 Đường Trần Phú,Phường Hải Châu 1,16.06907,108.22398,4,46.5,26,33,0.788,326,257,FRC4,0.997332,False
2026-08-16 00:36:55,2026-08-15T17:36:55Z,Sun,0,Ngã tư Bắc Sơn – Trần Văn Ơn (Khu vực gi,Phường Hòa An,16.054638,108.176766,3,96.9,36,36,1.0,282,282,FRC4,1,False
2026-08-16 00:36:55,2026-08-15T17:36:55Z,Sun,0,40 Đường Trần Phú,Phường Hải Châu I,16.071757,108.224725,3,59.6,27,27,1.0,14,14,FRC4,1,False
2026-08-16 00:36:55,2026-08-15T17:36:55Z,Sun,0,Bàu Làng,Phường Thanh Khê Đông,16.070435,108.185778,3,49.0,34,34,1.0,532,532,FRC4,1,False
2026-08-16 00:36:55,2026-08-15T17:36:55Z,Sun,0,Huỳnh Ngọc Huệ,Phường Hòa Khê,16.061159,108.185345,3,81.0,23,27,0.852,348,296,FRC4,0.884164,False
2026-08-16 00:36:55,2026-08-15T17:36:55Z,Sun,0,"Hàm Nghi, tổ 36 P.Vĩnh Trung (số 87 - 16",Phường Thạc Gián,16.061954,108.210494,2,93.1,40,40,1.0,1770,1770,FRC2,1,False
2026-08-16 00:36:55,2026-08-15T17:36:55Z,Sun,0,Đường Bắc Sơn (Từ số nhà 02 đến số nhà 9,Phường Hòa An,16.059092,108.175051,2,105.7,47,47,1.0,850,850,FRC1,1,False
2026-08-16 00:36:55,2026-08-15T17:36:55Z,Sun,0,Lê Thanh Nghị,Phường Hòa Cường Nam,16.035861,108.218057,2,19.2,37,37,1.0,157,157,FRC4,1,False
2026-08-16 00:36:55,2026-08-15T17:36:55Z,Sun,0,50 Đường Hoàng Hoa Thám,Phường Tam Thuận,16.069332,108.209716,2,45.0,38,38,1.0,256,256,FRC4,1,False
2026-08-16 00:36:55,2026-08-15T17:36:55Z,Sun,0,Đường Cầm Bá Thước (Toàn bộ tuyến đường),Phường Hòa Cường Bắc,16.042987,108.212774,2,52.0,47,47,1.0,786,786,FRC4,1,False
2026-08-16 00:36:55,2026-08-15T17:36:55Z,Sun,0,Hà Huy Tập,Phường Hòa Khê,16.05858,108.184255,2,64.0,31,31,1.0,246,246,FRC4,1,False
2026-08-16 00:36:55,2026-08-15T17:36:55Z,Sun,0,Kiệt 179 Nguyễn Văn Linh (Toàn bộ kiệt),Phường Nam Dương,16.060362,108.214005,2,65.0,40,40,1.0,1770,1770,FRC2,1,False
2026-08-16 00:36:55,2026-08-15T17:36:55Z,Sun,0,67 Đường Tố Hữu,Phường Hòa Cường Nam,16.034478,108.219218,2,10.0,37,37,1.0,157,157,FRC4,1,False
2026-08-16 00:36:55,2026-08-15T17:36:55Z,Sun,0,Ngã tư Lê Thạch – Cao Sơn Pháo (Khu vực ,Phường Hòa Minh,16.057221,108.172134,2,53.3,47,47,1.0,850,850,FRC1,1,False
2026-08-16 00:36:55,2026-08-15T17:36:55Z,Sun,0,Đường Hải Hồ,Phường Thanh Bình,16.081622,108.216037,2,36.7,36,36,1.0,249,249,FRC3,1,False
2026-08-16 00:36:55,2026-08-15T17:36:55Z,Sun,0,Kiệt 640 Trưng Nữ Vương (Toàn bộ kiệt),Phường Hòa Cường Bắc,16.04386,108.207734,2,70.0,47,47,1.0,786,786,FRC4,1,False
2026-08-16 00:36:55,2026-08-15T17:36:55Z,Sun,0,20 Đường Lê Quý Đôn,Phường Bình Hiên,16.055828,108.22107,2,51.7,29,29,1.0,144,144,FRC4,1,False
2026-08-16 00:36:55,2026-08-15T17:36:55Z,Sun,0,Đống Đa,Phường Thanh Bình,16.078364,108.216795,2,10.0,36,36,1.0,249,249,FRC3,1,False
2026-08-16 00:36:55,2026-08-15T17:36:55Z,Sun,0,Quận Liên Chiểu,Phường Hòa Minh,16.06738,108.166799,2,55.0,41,41,1.0,199,199,FRC4,1,False
2026-08-16 00:36:55,2026-08-15T17:36:55Z,Sun,0,Núi Thành,Phường Hòa Cường Nam,16.036737,108.222882,2,17.5,34,34,1.0,258,258,FRC4,1,False
2026-08-16 00:36:55,2026-08-15T17:36:55Z,Sun,0,"Ngã 3 Phạm Văn Nghị - Đào Duy Anh, phườn",Phường Thạc Gián,16.05869,108.209048,2,40.0,38,38,1.0,1175,1175,FRC4,1,False
2026-08-16 00:36:55,2026-08-15T17:36:55Z,Sun,0,Quận Sơn Trà,Phường Thọ Quang,16.104352,108.253997,2,26.5,45,45,1.0,1365,1365,FRC3,1,False
2026-08-16 00:36:55,2026-08-15T17:36:55Z,Sun,0,Quang Trung - Đống Đa (Đoạn ngã 4),Phường Thanh Bình,16.073419,108.213994,2,105.5,37,37,1.0,288,288,FRC4,1,False
2026-08-16 00:36:55,2026-08-15T17:36:55Z,Sun,0,Trưng Nữ Vương,Phường Hòa Thuận Tây,16.044318,108.206417,2,25.0,47,47,1.0,786,786,FRC4,1,False
2026-08-16 00:36:55,2026-08-15T17:36:55Z,Sun,0,Đ. Ngô Thì Nhậm,Phường Hòa Minh,16.071259,108.156865,2,40.0,33,39,0.846,236,199,FRC4,1,False
2026-08-16 00:36:55,2026-08-15T17:36:55Z,Sun,0,Ngô Tử Hạ,Phường Hòa An,16.043478,108.178278,2,55.0,52,52,1.0,1328,1328,FRC1,1,False
2026-08-16 00:36:55,2026-08-15T17:36:55Z,Sun,0,"Kiệt 818 Trần Cao Vân, tổ 20 P.Thanh Khê",Phường Thanh Khê Đông,16.069731,108.184158,2,90.0,35,35,1.0,517,517,FRC4,1,False
2026-08-16 00:36:55,2026-08-15T17:36:55Z,Sun,0,Hẻm 45 Đường An Mỹ 08 (Hem 45 Duong An M,Phường An Hải Tây,16.06394,108.23185,2,10.0,21,32,0.656,112,73,FRC3,0.97,False
2026-08-16 01:06:55,2026-08-15T18:06:55Z,Sun,1,15 Đường Quang Trung,Phường Hải Châu,16.075051,108.222198,5,12.0,34,34,1.0,532,532,FRC4,1,False
2026-08-16 01:06:55,2026-08-15T18:06:55Z,Sun,1,Phần Lăng 1,Phường Hòa Cường Bắc,16.054171,108.188345,5,49.2,31,31,1.0,246,246,FRC4,1,False
2026-08-16 01:06:55,2026-08-15T18:06:55Z,Sun,1,24 Đường Trần Phú,Phường Thạch Thang,16.077081,108.223023,5,12.0,37,37,1.0,288,288,FRC4,1,False
2026-08-16 01:06:55,2026-08-15T18:06:55Z,Sun,1,2 Đường Lý Thái Tổ (Duong Ly Thai To),Phường Thạc Gián,16.066432,108.209833,4,64.6,39,39,1.0,476,476,FRC1,1,False
2026-08-16 01:06:55,2026-08-15T18:06:55Z,Sun,1,100 Đường Trần Phú,Phường Hải Châu 1,16.06907,108.22398,4,46.5,33,33,1.0,257,257,FRC4,1,False
2026-08-16 01:06:55,2026-08-15T18:06:55Z,Sun,1,Ngã tư Bắc Sơn – Trần Văn Ơn (Khu vực gi,Phường Hòa An,16.054638,108.176766,3,96.9,36,36,1.0,282,282,FRC4,1,False
2026-08-16 01:06:55,2026-08-15T18:06:55Z,Sun,1,40 Đường Trần Phú,Phường Hải Châu I,16.071757,108.224725,3,59.6,27,27,1.0,14,14,FRC4,1,False
2026-08-16 01:06:55,2026-08-15T18:06:55Z,Sun,1,Bàu Làng,Phường Thanh Khê Đông,16.070435,108.185778,3,49.0,34,34,1.0,532,532,FRC4,1,False
2026-08-16 01:06:55,2026-08-15T18:06:55Z,Sun,1,Huỳnh Ngọc Huệ,Phường Hòa Khê,16.061159,108.185345,3,81.0,28,28,1.0,286,286,FRC4,1,False
2026-08-16 01:06:55,2026-08-15T18:06:55Z,Sun,1,"Hàm Nghi, tổ 36 P.Vĩnh Trung (số 87 - 16",Phường Thạc Gián,16.061954,108.210494,2,93.1,40,40,1.0,1770,1770,FRC2,1,False
2026-08-16 01:06:55,2026-08-15T18:06:55Z,Sun,1,Đường Bắc Sơn (Từ số nhà 02 đến số nhà 9,Phường Hòa An,16.059092,108.175051,2,105.7,47,47,1.0,850,850,FRC1,1,False
2026-08-16 01:06:55,2026-08-15T18:06:55Z,Sun,1,Lê Thanh Nghị,Phường Hòa Cường Nam,16.035861,108.218057,2,19.2,37,37,1.0,157,157,FRC4,1,False
2026-08-16 01:06:55,2026-08-15T18:06:55Z,Sun,1,50 Đường Hoàng Hoa Thám,Phường Tam Thuận,16.069332,108.209716,2,45.0,38,38,1.0,256,256,FRC4,1,False
2026-08-16 01:06:55,2026-08-15T18:06:55Z,Sun,1,Đường Cầm Bá Thước (Toàn bộ tuyến đường),Phường Hòa Cường Bắc,16.042987,108.212774,2,52.0,47,47,1.0,786,786,FRC4,1,False
2026-08-16 01:06:55,2026-08-15T18:06:55Z,Sun,1,Hà Huy Tập,Phường Hòa Khê,16.05858,108.184255,2,64.0,31,31,1.0,246,246,FRC4,1,False
2026-08-16 01:06:55,2026-08-15T18:06:55Z,Sun,1,Kiệt 179 Nguyễn Văn Linh (Toàn bộ kiệt),Phường Nam Dương,16.060362,108.214005,2,65.0,40,40,1.0,1770,1770,FRC2,1,False
2026-08-16 01:06:55,2026-08-15T18:06:55Z,Sun,1,67 Đường Tố Hữu,Phường Hòa Cường Nam,16.034478,108.219218,2,10.0,37,37,1.0,157,157,FRC4,1,False
2026-08-16 01:06:55,2026-08-15T18:06:55Z,Sun,1,Ngã tư Lê Thạch – Cao Sơn Pháo (Khu vực ,Phường Hòa Minh,16.057221,108.172134,2,53.3,47,47,1.0,850,850,FRC1,1,False
2026-08-16 01:06:55,2026-08-15T18:06:55Z,Sun,1,Đường Hải Hồ,Phường Thanh Bình,16.081622,108.216037,2,36.7,36,36,1.0,249,249,FRC3,1,False
2026-08-16 01:06:55,2026-08-15T18:06:55Z,Sun,1,Kiệt 640 Trưng Nữ Vương (Toàn bộ kiệt),Phường Hòa Cường Bắc,16.04386,108.207734,2,70.0,47,47,1.0,786,786,FRC4,1,False
2026-08-16 01:06:55,2026-08-15T18:06:55Z,Sun,1,20 Đường Lê Quý Đôn,Phường Bình Hiên,16.055828,108.22107,2,51.7,29,29,1.0,144,144,FRC4,1,False
2026-08-16 01:06:55,2026-08-15T18:06:55Z,Sun,1,Đống Đa,Phường Thanh Bình,16.078364,108.216795,2,10.0,36,36,1.0,249,249,FRC3,1,False
2026-08-16 01:06:55,2026-08-15T18:06:55Z,Sun,1,Quận Liên Chiểu,Phường Hòa Minh,16.06738,108.166799,2,55.0,41,41,1.0,199,199,FRC4,1,False
2026-08-16 01:06:55,2026-08-15T18:06:55Z,Sun,1,Núi Thành,Phường Hòa Cường Nam,16.036737,108.222882,2,17.5,29,33,0.879,303,266,FRC4,1,False
2026-08-16 01:06:55,2026-08-15T18:06:55Z,Sun,1,"Ngã 3 Phạm Văn Nghị - Đào Duy Anh, phườn",Phường Thạc Gián,16.05869,108.209048,2,40.0,38,38,1.0,1175,1175,FRC4,1,False
2026-08-16 01:06:55,2026-08-15T18:06:55Z,Sun,1,Quận Sơn Trà,Phường Thọ Quang,16.104352,108.253997,2,26.5,45,45,1.0,1365,1365,FRC3,1,False
2026-08-16 01:06:55,2026-08-15T18:06:55Z,Sun,1,Quang Trung - Đống Đa (Đoạn ngã 4),Phường Thanh Bình,16.073419,108.213994,2,105.5,37,37,1.0,288,288,FRC4,1,False
2026-08-16 01:06:55,2026-08-15T18:06:55Z,Sun,1,Trưng Nữ Vương,Phường Hòa Thuận Tây,16.044318,108.206417,2,25.0,47,47,1.0,786,786,FRC4,1,False
2026-08-16 01:06:55,2026-08-15T18:06:55Z,Sun,1,Đ. Ngô Thì Nhậm,Phường Hòa Minh,16.071259,108.156865,2,40.0,32,39,0.821,243,199,FRC4,1,False
2026-08-16 01:06:55,2026-08-15T18:06:55Z,Sun,1,Ngô Tử Hạ,Phường Hòa An,16.043478,108.178278,2,55.0,52,52,1.0,1328,1328,FRC1,1,False
2026-08-16 01:06:55,2026-08-15T18:06:55Z,Sun,1,"Kiệt 818 Trần Cao Vân, tổ 20 P.Thanh Khê",Phường Thanh Khê Đông,16.069731,108.184158,2,90.0,35,35,1.0,517,517,FRC4,1,False
2026-08-16 01:06:55,2026-08-15T18:06:55Z,Sun,1,Hẻm 45 Đường An Mỹ 08 (Hem 45 Duong An M,Phường An Hải Tây,16.06394,108.23185,2,10.0,18,32,0.562,130,73,FRC3,0.948175,False
2026-08-16 01:36:55,2026-08-15T18:36:55Z,Sun,1,15 Đường Quang Trung,Phường Hải Châu,16.075051,108.222198,5,12.0,34,34,1.0,532,532,FRC4,1,False
2026-08-16 01:36:55,2026-08-15T18:36:55Z,Sun,1,Phần Lăng 1,Phường Hòa Cường Bắc,16.054171,108.188345,5,49.2,31,31,1.0,246,246,FRC4,1,False
2026-08-16 01:36:55,2026-08-15T18:36:55Z,Sun,1,24 Đường Trần Phú,Phường Thạch Thang,16.077081,108.223023,5,12.0,37,37,1.0,288,288,FRC4,1,False
2026-08-16 01:36:55,2026-08-15T18:36:55Z,Sun,1,2 Đường Lý Thái Tổ (Duong Ly Thai To),Phường Thạc Gián,16.066432,108.209833,4,64.6,39,39,1.0,476,476,FRC1,1,False
2026-08-16 01:36:55,2026-08-15T18:36:55Z,Sun,1,100 Đường Trần Phú,Phường Hải Châu 1,16.06907,108.22398,4,46.5,33,33,1.0,257,257,FRC4,1,False
2026-08-16 01:36:55,2026-08-15T18:36:55Z,Sun,1,Ngã tư Bắc Sơn – Trần Văn Ơn (Khu vực gi,Phường Hòa An,16.054638,108.176766,3,96.9,36,36,1.0,282,282,FRC4,1,False
2026-08-16 01:36:55,2026-08-15T18:36:55Z,Sun,1,40 Đường Trần Phú,Phường Hải Châu I,16.071757,108.224725,3,59.6,27,27,1.0,14,14,FRC4,1,False
2026-08-16 01:36:55,2026-08-15T18:36:55Z,Sun,1,Bàu Làng,Phường Thanh Khê Đông,16.070435,108.185778,3,49.0,31,34,0.912,584,532,FRC4,0.928266,False
2026-08-16 01:36:55,2026-08-15T18:36:55Z,Sun,1,Huỳnh Ngọc Huệ,Phường Hòa Khê,16.061159,108.185345,3,81.0,28,28,1.0,286,286,FRC4,1,False
2026-08-16 01:36:55,2026-08-15T18:36:55Z,Sun,1,"Hàm Nghi, tổ 36 P.Vĩnh Trung (số 87 - 16",Phường Thạc Gián,16.061954,108.210494,2,93.1,40,40,1.0,1770,1770,FRC2,1,False
2026-08-16 01:36:55,2026-08-15T18:36:55Z,Sun,1,Đường Bắc Sơn (Từ số nhà 02 đến số nhà 9,Phường Hòa An,16.059092,108.175051,2,105.7,47,47,1.0,850,850,FRC1,1,False
2026-08-16 01:36:55,2026-08-15T18:36:55Z,Sun,1,Lê Thanh Nghị,Phường Hòa Cường Nam,16.035861,108.218057,2,19.2,37,37,1.0,157,157,FRC4,1,False
2026-08-16 01:36:55,2026-08-15T18:36:55Z,Sun,1,50 Đường Hoàng Hoa Thám,Phường Tam Thuận,16.069332,108.209716,2,45.0,38,38,1.0,256,256,FRC4,1,False
2026-08-16 01:36:55,2026-08-15T18:36:55Z,Sun,1,Đường Cầm Bá Thước (Toàn bộ tuyến đường),Phường Hòa Cường Bắc,16.042987,108.212774,2,52.0,47,47,1.0,786,786,FRC4,1,False
2026-08-16 01:36:55,2026-08-15T18:36:55Z,Sun,1,Hà Huy Tập,Phường Hòa Khê,16.05858,108.184255,2,64.0,31,31,1.0,246,246,FRC4,1,False
2026-08-16 01:36:55,2026-08-15T18:36:55Z,Sun,1,Kiệt 179 Nguyễn Văn Linh (Toàn bộ kiệt),Phường Nam Dương,16.060362,108.214005,2,65.0,40,40,1.0,1770,1770,FRC2,1,False
2026-08-16 01:36:55,2026-08-15T18:36:55Z,Sun,1,67 Đường Tố Hữu,Phường Hòa Cường Nam,16.034478,108.219218,2,10.0,37,37,1.0,157,157,FRC4,1,False
2026-08-16 01:36:55,2026-08-15T18:36:55Z,Sun,1,Ngã tư Lê Thạch – Cao Sơn Pháo (Khu vực ,Phường Hòa Minh,16.057221,108.172134,2,53.3,47,47,1.0,850,850,FRC1,1,False
2026-08-16 01:36:55,2026-08-15T18:36:55Z,Sun,1,Đường Hải Hồ,Phường Thanh Bình,16.081622,108.216037,2,36.7,36,36,1.0,249,249,FRC3,1,False
2026-08-16 01:36:55,2026-08-15T18:36:55Z,Sun,1,Kiệt 640 Trưng Nữ Vương (Toàn bộ kiệt),Phường Hòa Cường Bắc,16.04386,108.207734,2,70.0,47,47,1.0,786,786,FRC4,1,False
2026-08-16 01:36:55,2026-08-15T18:36:55Z,Sun,1,20 Đường Lê Quý Đôn,Phường Bình Hiên,16.055828,108.22107,2,51.7,29,29,1.0,144,144,FRC4,1,False
2026-08-16 01:36:55,2026-08-15T18:36:55Z,Sun,1,Đống Đa,Phường Thanh Bình,16.078364,108.216795,2,10.0,36,36,1.0,249,249,FRC3,1,False
2026-08-16 01:36:55,2026-08-15T18:36:55Z,Sun,1,Quận Liên Chiểu,Phường Hòa Minh,16.06738,108.166799,2,55.0,41,41,1.0,199,199,FRC4,1,False
2026-08-16 01:36:55,2026-08-15T18:36:55Z,Sun,1,Núi Thành,Phường Hòa Cường Nam,16.036737,108.222882,2,17.5,34,34,1.0,258,258,FRC4,1,False
2026-08-16 01:36:55,2026-08-15T18:36:55Z,Sun,1,"Ngã 3 Phạm Văn Nghị - Đào Duy Anh, phườn",Phường Thạc Gián,16.05869,108.209048,2,40.0,38,38,1.0,1175,1175,FRC4,1,False
2026-08-16 01:36:55,2026-08-15T18:36:55Z,Sun,1,Quận Sơn Trà,Phường Thọ Quang,16.104352,108.253997,2,26.5,45,45,1.0,1365,1365,FRC3,1,False
2026-08-16 01:36:55,2026-08-15T18:36:55Z,Sun,1,Quang Trung - Đống Đa (Đoạn ngã 4),Phường Thanh Bình,16.073419,108.213994,2,105.5,37,37,1.0,288,288,FRC4,1,False
2026-08-16 01:36:55,2026-08-15T18:36:55Z,Sun,1,Trưng Nữ Vương,Phường Hòa Thuận Tây,16.044318,108.206417,2,25.0,47,47,1.0,786,786,FRC4,1,False
2026-08-16 01:36:55,2026-08-15T18:36:55Z,Sun,1,Đ. Ngô Thì Nhậm,Phường Hòa Minh,16.071259,108.156865,2,40.0,40,40,1.0,194,194,FRC4,1,False
2026-08-16 01:36:55,2026-08-15T18:36:55Z,Sun,1,Ngô Tử Hạ,Phường Hòa An,16.043478,108.178278,2,55.0,52,52,1.0,1328,1328,FRC1,1,False
2026-08-16 01:36:55,2026-08-15T18:36:55Z,Sun,1,"Kiệt 818 Trần Cao Vân, tổ 20 P.Thanh Khê",Phường Thanh Khê Đông,16.069731,108.184158,2,90.0,35,35,1.0,517,517,FRC4,1,False
2026-08-16 01:36:55,2026-08-15T18:36:55Z,Sun,1,Hẻm 45 Đường An Mỹ 08 (Hem 45 Duong An M,Phường An Hải Tây,16.06394,108.23185,2,10.0,18,33,0.545,130,71,FRC3,0.846931,False
2026-08-16 02:06:55,2026-08-15T19:06:55Z,Sun,2,15 Đường Quang Trung,Phường Hải Châu,16.075051,108.222198,5,12.0,31,34,0.912,584,532,FRC4,0.968705,False
2026-08-16 02:06:55,2026-08-15T19:06:55Z,Sun,2,Phần Lăng 1,Phường Hòa Cường Bắc,16.054171,108.188345,5,49.2,31,31,1.0,246,246,FRC4,1,False
2026-08-16 02:06:55,2026-08-15T19:06:55Z,Sun,2,24 Đường Trần Phú,Phường Thạch Thang,16.077081,108.223023,5,12.0,37,37,1.0,288,288,FRC4,1,False
2026-08-16 02:06:55,2026-08-15T19:06:55Z,Sun,2,2 Đường Lý Thái Tổ (Duong Ly Thai To),Phường Thạc Gián,16.066432,108.209833,4,64.6,39,39,1.0,476,476,FRC1,1,False
2026-08-16 02:06:55,2026-08-15T19:06:55Z,Sun,2,100 Đường Trần Phú,Phường Hải Châu 1,16.06907,108.22398,4,46.5,29,33,0.879,293,257,FRC4,0.979653,False
2026-08-16 02:06:55,2026-08-15T19:06:55Z,Sun,2,Ngã tư Bắc Sơn – Trần Văn Ơn (Khu vực gi,Phường Hòa An,16.054638,108.176766,3,96.9,36,36,1.0,282,282,FRC4,1,False
2026-08-16 02:06:55,2026-08-15T19:06:55Z,Sun,2,40 Đường Trần Phú,Phường Hải Châu I,16.071757,108.224725,3,59.6,27,27,1.0,14,14,FRC4,1,False
2026-08-16 02:06:55,2026-08-15T19:06:55Z,Sun,2,Bàu Làng,Phường Thanh Khê Đông,16.070435,108.185778,3,49.0,31,34,0.912,584,532,FRC4,0.968705,False
2026-08-16 02:06:55,2026-08-15T19:06:55Z,Sun,2,Huỳnh Ngọc Huệ,Phường Hòa Khê,16.061159,108.185345,3,81.0,28,28,1.0,286,286,FRC4,1,False
2026-08-16 02:06:55,2026-08-15T19:06:55Z,Sun,2,"Hàm Nghi, tổ 36 P.Vĩnh Trung (số 87 - 16",Phường Thạc Gián,16.061954,108.210494,2,93.1,40,40,1.0,1770,1770,FRC2,1,False
2026-08-16 02:06:55,2026-08-15T19:06:55Z,Sun,2,Đường Bắc Sơn (Từ số nhà 02 đến số nhà 9,Phường Hòa An,16.059092,108.175051,2,105.7,47,47,1.0,850,850,FRC1,1,False
2026-08-16 02:06:55,2026-08-15T19:06:55Z,Sun,2,Lê Thanh Nghị,Phường Hòa Cường Nam,16.035861,108.218057,2,19.2,37,37,1.0,157,157,FRC4,1,False
2026-08-16 02:06:55,2026-08-15T19:06:55Z,Sun,2,50 Đường Hoàng Hoa Thám,Phường Tam Thuận,16.069332,108.209716,2,45.0,38,38,1.0,256,256,FRC4,1,False
2026-08-16 02:06:55,2026-08-15T19:06:55Z,Sun,2,Đường Cầm Bá Thước (Toàn bộ tuyến đường),Phường Hòa Cường Bắc,16.042987,108.212774,2,52.0,47,47,1.0,786,786,FRC4,1,False
2026-08-16 02:06:55,2026-08-15T19:06:55Z,Sun,2,Hà Huy Tập,Phường Hòa Khê,16.05858,108.184255,2,64.0,31,31,1.0,246,246,FRC4,1,False
2026-08-16 02:06:55,2026-08-15T19:06:55Z,Sun,2,Kiệt 179 Nguyễn Văn Linh (Toàn bộ kiệt),Phường Nam Dương,16.060362,108.214005,2,65.0,40,40,1.0,1770,1770,FRC2,1,False
2026-08-16 02:06:55,2026-08-15T19:06:55Z,Sun,2,67 Đường Tố Hữu,Phường Hòa Cường Nam,16.034478,108.219218,2,10.0,37,37,1.0,157,157,FRC4,1,False
2026-08-16 02:06:55,2026-08-15T19:06:55Z,Sun,2,Ngã tư Lê Thạch – Cao Sơn Pháo (Khu vực ,Phường Hòa Minh,16.057221,108.172134,2,53.3,47,47,1.0,850,850,FRC1,1,False
2026-08-16 02:06:55,2026-08-15T19:06:55Z,Sun,2,Đường Hải Hồ,Phường Thanh Bình,16.081622,108.216037,2,36.7,36,36,1.0,249,249,FRC3,1,False
2026-08-16 02:06:55,2026-08-15T19:06:55Z,Sun,2,Kiệt 640 Trưng Nữ Vương (Toàn bộ kiệt),Phường Hòa Cường Bắc,16.04386,108.207734,2,70.0,47,47,1.0,786,786,FRC4,1,False
2026-08-16 02:06:55,2026-08-15T19:06:55Z,Sun,2,20 Đường Lê Quý Đôn,Phường Bình Hiên,16.055828,108.22107,2,51.7,29,29,1.0,144,144,FRC4,1,False
2026-08-16 02:06:55,2026-08-15T19:06:55Z,Sun,2,Đống Đa,Phường Thanh Bình,16.078364,108.216795,2,10.0,36,36,1.0,249,249,FRC3,1,False
2026-08-16 02:06:55,2026-08-15T19:06:55Z,Sun,2,Quận Liên Chiểu,Phường Hòa Minh,16.06738,108.166799,2,55.0,41,41,1.0,199,199,FRC4,1,False
2026-08-16 02:06:55,2026-08-15T19:06:55Z,Sun,2,Núi Thành,Phường Hòa Cường Nam,16.036737,108.222882,2,17.5,34,34,1.0,258,258,FRC4,1,False
2026-08-16 02:06:55,2026-08-15T19:06:55Z,Sun,2,"Ngã 3 Phạm Văn Nghị - Đào Duy Anh, phườn",Phường Thạc Gián,16.05869,108.209048,2,40.0,38,38,1.0,1175,1175,FRC4,1,False
2026-08-16 02:06:55,2026-08-15T19:06:55Z,Sun,2,Quận Sơn Trà,Phường Thọ Quang,16.104352,108.253997,2,26.5,45,45,1.0,1365,1365,FRC3,1,False
2026-08-16 02:06:55,2026-08-15T19:06:55Z,Sun,2,Quang Trung - Đống Đa (Đoạn ngã 4),Phường Thanh Bình,16.073419,108.213994,2,105.5,37,37,1.0,288,288,FRC4,1,False
2026-08-16 02:06:55,2026-08-15T19:06:55Z,Sun,2,Trưng Nữ Vương,Phường Hòa Thuận Tây,16.044318,108.206417,2,25.0,47,47,1.0,786,786,FRC4,1,False
2026-08-16 02:06:55,2026-08-15T19:06:55Z,Sun,2,Đ. Ngô Thì Nhậm,Phường Hòa Minh,16.071259,108.156865,2,40.0,40,40,1.0,194,194,FRC4,1,False
2026-08-16 02:06:55,2026-08-15T19:06:55Z,Sun,2,Ngô Tử Hạ,Phường Hòa An,16.043478,108.178278,2,55.0,52,52,1.0,1328,1328,FRC1,1,False
2026-08-16 02:06:55,2026-08-15T19:06:55Z,Sun,2,"Kiệt 818 Trần Cao Vân, tổ 20 P.Thanh Khê",Phường Thanh Khê Đông,16.069731,108.184158,2,90.0,35,35,1.0,517,517,FRC4,1,False
2026-08-16 02:06:55,2026-08-15T19:06:55Z,Sun,2,Hẻm 45 Đường An Mỹ 08 (Hem 45 Duong An M,Phường An Hải Tây,16.06394,108.23185,2,10.0,21,32,0.656,112,73,FRC3,0.870582,False
2026-08-16 02:36:55,2026-08-15T19:36:55Z,Sun,2,15 Đường Quang Trung,Phường Hải Châu,16.075051,108.222198,5,12.0,34,34,1.0,532,532,FRC4,1,False
2026-08-16 02:36:55,2026-08-15T19:36:55Z,Sun,2,Phần Lăng 1,Phường Hòa Cường Bắc,16.054171,108.188345,5,49.2,31,31,1.0,246,246,FRC4,1,False
2026-08-16 02:36:55,2026-08-15T19:36:55Z,Sun,2,24 Đường Trần Phú,Phường Thạch Thang,16.077081,108.223023,5,12.0,37,37,1.0,288,288,FRC4,1,False
2026-08-16 02:36:55,2026-08-15T19:36:55Z,Sun,2,2 Đường Lý Thái Tổ (Duong Ly Thai To),Phường Thạc Gián,16.066432,108.209833,4,64.6,39,39,1.0,476,476,FRC1,1,False
2026-08-16 02:36:55,2026-08-15T19:36:55Z,Sun,2,100 Đường Trần Phú,Phường Hải Châu 1,16.06907,108.22398,4,46.5,33,33,1.0,257,257,FRC4,1,False
2026-08-16 02:36:55,2026-08-15T19:36:55Z,Sun,2,Ngã tư Bắc Sơn – Trần Văn Ơn (Khu vực gi,Phường Hòa An,16.054638,108.176766,3,96.9,36,36,1.0,282,282,FRC4,1,False
2026-08-16 02:36:55,2026-08-15T19:36:55Z,Sun,2,40 Đường Trần Phú,Phường Hải Châu I,16.071757,108.224725,3,59.6,27,27,1.0,14,14,FRC4,1,False
2026-08-16 02:36:55,2026-08-15T19:36:55Z,Sun,2,Bàu Làng,Phường Thanh Khê Đông,16.070435,108.185778,3,49.0,34,34,1.0,532,532,FRC4,1,False
2026-08-16 02:36:55,2026-08-15T19:36:55Z,Sun,2,Huỳnh Ngọc Huệ,Phường Hòa Khê,16.061159,108.185345,3,81.0,28,28,1.0,286,286,FRC4,1,False
2026-08-16 02:36:55,2026-08-15T19:36:55Z,Sun,2,"Hàm Nghi, tổ 36 P.Vĩnh Trung (số 87 - 16",Phường Thạc Gián,16.061954,108.210494,2,93.1,40,40,1.0,1770,1770,FRC2,1,False
2026-08-16 02:36:55,2026-08-15T19:36:55Z,Sun,2,Đường Bắc Sơn (Từ số nhà 02 đến số nhà 9,Phường Hòa An,16.059092,108.175051,2,105.7,47,47,1.0,850,850,FRC1,1,False
2026-08-16 02:36:55,2026-08-15T19:36:55Z,Sun,2,Lê Thanh Nghị,Phường Hòa Cường Nam,16.035861,108.218057,2,19.2,37,37,1.0,157,157,FRC4,1,False
2026-08-16 02:36:55,2026-08-15T19:36:55Z,Sun,2,50 Đường Hoàng Hoa Thám,Phường Tam Thuận,16.069332,108.209716,2,45.0,38,38,1.0,256,256,FRC4,1,False
2026-08-16 02:36:55,2026-08-15T19:36:55Z,Sun,2,Đường Cầm Bá Thước (Toàn bộ tuyến đường),Phường Hòa Cường Bắc,16.042987,108.212774,2,52.0,47,47,1.0,786,786,FRC4,1,False
2026-08-16 02:36:55,2026-08-15T19:36:55Z,Sun,2,Hà Huy Tập,Phường Hòa Khê,16.05858,108.184255,2,64.0,31,31,1.0,246,246,FRC4,1,False
2026-08-16 02:36:55,2026-08-15T19:36:55Z,Sun,2,Kiệt 179 Nguyễn Văn Linh (Toàn bộ kiệt),Phường Nam Dương,16.060362,108.214005,2,65.0,40,40,1.0,1770,1770,FRC2,1,False
2026-08-16 02:36:55,2026-08-15T19:36:55Z,Sun,2,67 Đường Tố Hữu,Phường Hòa Cường Nam,16.034478,108.219218,2,10.0,37,37,1.0,157,157,FRC4,1,False
2026-08-16 02:36:55,2026-08-15T19:36:55Z,Sun,2,Ngã tư Lê Thạch – Cao Sơn Pháo (Khu vực ,Phường Hòa Minh,16.057221,108.172134,2,53.3,47,47,1.0,850,850,FRC1,1,False
2026-08-16 02:36:55,2026-08-15T19:36:55Z,Sun,2,Đường Hải Hồ,Phường Thanh Bình,16.081622,108.216037,2,36.7,36,36,1.0,249,249,FRC3,1,False
2026-08-16 02:36:55,2026-08-15T19:36:55Z,Sun,2,Kiệt 640 Trưng Nữ Vương (Toàn bộ kiệt),Phường Hòa Cường Bắc,16.04386,108.207734,2,70.0,47,47,1.0,786,786,FRC4,1,False
2026-08-16 02:36:55,2026-08-15T19:36:55Z,Sun,2,20 Đường Lê Quý Đôn,Phường Bình Hiên,16.055828,108.22107,2,51.7,29,29,1.0,144,144,FRC4,1,False
2026-08-16 02:36:55,2026-08-15T19:36:55Z,Sun,2,Đống Đa,Phường Thanh Bình,16.078364,108.216795,2,10.0,36,36,1.0,249,249,FRC3,1,False
2026-08-16 02:36:55,2026-08-15T19:36:55Z,Sun,2,Quận Liên Chiểu,Phường Hòa Minh,16.06738,108.166799,2,55.0,41,41,1.0,199,199,FRC4,1,False
2026-08-16 02:36:55,2026-08-15T19:36:55Z,Sun,2,Núi Thành,Phường Hòa Cường Nam,16.036737,108.222882,2,17.5,34,34,1.0,258,258,FRC4,1,False
2026-08-16 02:36:55,2026-08-15T19:36:55Z,Sun,2,"Ngã 3 Phạm Văn Nghị - Đào Duy Anh, phườn",Phường Thạc Gián,16.05869,108.209048,2,40.0,38,38,1.0,1175,1175,FRC4,1,False
2026-08-16 02:36:55,2026-08-15T19:36:55Z,Sun,2,Quận Sơn Trà,Phường Thọ Quang,16.104352,108.253997,2,26.5,45,45,1.0,1365,1365,FRC3,1,False
2026-08-16 02:36:55,2026-08-15T19:36:55Z,Sun,2,Quang Trung - Đống Đa (Đoạn ngã 4),Phường Thanh Bình,16.073419,108.213994,2,105.5,37,37,1.0,288,288,FRC4,1,False
2026-08-16 02:36:55,2026-08-15T19:36:55Z,Sun,2,Trưng Nữ Vương,Phường Hòa Thuận Tây,16.044318,108.206417,2,25.0,47,47,1.0,786,786,FRC4,1,False
2026-08-16 02:36:55,2026-08-15T19:36:55Z,Sun,2,Đ. Ngô Thì Nhậm,Phường Hòa Minh,16.071259,108.156865,2,40.0,40,40,1.0,194,194,FRC4,1,False
2026-08-16 02:36:55,2026-08-15T19:36:55Z,Sun,2,Ngô Tử Hạ,Phường Hòa An,16.043478,108.178278,2,55.0,52,52,1.0,1328,1328,FRC1,1,False
2026-08-16 02:36:55,2026-08-15T19:36:55Z,Sun,2,"Kiệt 818 Trần Cao Vân, tổ 20 P.Thanh Khê",Phường Thanh Khê Đông,16.069731,108.184158,2,90.0,35,35,1.0,517,517,FRC4,1,False
2026-08-16 02:36:55,2026-08-15T19:36:55Z,Sun,2,Hẻm 45 Đường An Mỹ 08 (Hem 45 Duong An M,Phường An Hải Tây,16.06394,108.23185,2,10.0,22,33,0.667,107,71,FRC3,0.846931,False
2026-08-16 03:06:55,2026-08-15T20:06:55Z,Sun,3,15 Đường Quang Trung,Phường Hải Châu,16.075051,108.222198,5,12.0,34,34,1.0,532,532,FRC4,1,False
2026-08-16 03:06:55,2026-08-15T20:06:55Z,Sun,3,Phần Lăng 1,Phường Hòa Cường Bắc,16.054171,108.188345,5,49.2,31,31,1.0,246,246,FRC4,1,False
2026-08-16 03:06:55,2026-08-15T20:06:55Z,Sun,3,24 Đường Trần Phú,Phường Thạch Thang,16.077081,108.223023,5,12.0,37,37,1.0,288,288,FRC4,1,False
2026-08-16 03:06:55,2026-08-15T20:06:55Z,Sun,3,2 Đường Lý Thái Tổ (Duong Ly Thai To),Phường Thạc Gián,16.066432,108.209833,4,64.6,39,39,1.0,476,476,FRC1,1,False
2026-08-16 03:06:55,2026-08-15T20:06:55Z,Sun,3,100 Đường Trần Phú,Phường Hải Châu 1,16.06907,108.22398,4,46.5,33,33,1.0,257,257,FRC4,1,False
2026-08-16 03:06:55,2026-08-15T20:06:55Z,Sun,3,Ngã tư Bắc Sơn – Trần Văn Ơn (Khu vực gi,Phường Hòa An,16.054638,108.176766,3,96.9,36,36,1.0,282,282,FRC4,1,False
2026-08-16 03:06:55,2026-08-15T20:06:55Z,Sun,3,40 Đường Trần Phú,Phường Hải Châu I,16.071757,108.224725,3,59.6,27,27,1.0,14,14,FRC4,1,False
2026-08-16 03:06:55,2026-08-15T20:06:55Z,Sun,3,Bàu Làng,Phường Thanh Khê Đông,16.070435,108.185778,3,49.0,34,34,1.0,532,532,FRC4,1,False
2026-08-16 03:06:55,2026-08-15T20:06:55Z,Sun,3,Huỳnh Ngọc Huệ,Phường Hòa Khê,16.061159,108.185345,3,81.0,23,27,0.852,348,296,FRC4,0.786298,False
2026-08-16 03:06:55,2026-08-15T20:06:55Z,Sun,3,"Hàm Nghi, tổ 36 P.Vĩnh Trung (số 87 - 16",Phường Thạc Gián,16.061954,108.210494,2,93.1,40,40,1.0,1770,1770,FRC2,1,False
2026-08-16 03:06:55,2026-08-15T20:06:55Z,Sun,3,Đường Bắc Sơn (Từ số nhà 02 đến số nhà 9,Phường Hòa An,16.059092,108.175051,2,105.7,47,47,1.0,850,850,FRC1,1,False
2026-08-16 03:06:55,2026-08-15T20:06:55Z,Sun,3,Lê Thanh Nghị,Phường Hòa Cường Nam,16.035861,108.218057,2,19.2,30,37,0.811,194,157,FRC4,0.99,False
2026-08-16 03:06:55,2026-08-15T20:06:55Z,Sun,3,50 Đường Hoàng Hoa Thám,Phường Tam Thuận,16.069332,108.209716,2,45.0,38,38,1.0,256,256,FRC4,1,False
2026-08-16 03:06:55,2026-08-15T20:06:55Z,Sun,3,Đường Cầm Bá Thước (Toàn bộ tuyến đường),Phường Hòa Cường Bắc,16.042987,108.212774,2,52.0,47,47,1.0,786,786,FRC4,1,False
2026-08-16 03:06:55,2026-08-15T20:06:55Z,Sun,3,Hà Huy Tập,Phường Hòa Khê,16.05858,108.184255,2,64.0,31,31,1.0,246,246,FRC4,1,False
2026-08-16 03:06:55,2026-08-15T20:06:55Z,Sun,3,Kiệt 179 Nguyễn Văn Linh (Toàn bộ kiệt),Phường Nam Dương,16.060362,108.214005,2,65.0,40,40,1.0,1770,1770,FRC2,1,False
2026-08-16 03:06:55,2026-08-15T20:06:55Z,Sun,3,67 Đường Tố Hữu,Phường Hòa Cường Nam,16.034478,108.219218,2,10.0,30,37,0.811,194,157,FRC4,0.98,False
2026-08-16 03:06:55,2026-08-15T20:06:55Z,Sun,3,Ngã tư Lê Thạch – Cao Sơn Pháo (Khu vực ,Phường Hòa Minh,16.057221,108.172134,2,53.3,47,47,1.0,850,850,FRC1,1,False
2026-08-16 03:06:55,2026-08-15T20:06:55Z,Sun,3,Đường Hải Hồ,Phường Thanh Bình,16.081622,108.216037,2,36.7,31,35,0.886,289,256,FRC3,0.958966,False
2026-08-16 03:06:55,2026-08-15T20:06:55Z,Sun,3,Kiệt 640 Trưng Nữ Vương (Toàn bộ kiệt),Phường Hòa Cường Bắc,16.04386,108.207734,2,70.0,47,47,1.0,786,786,FRC4,1,False
2026-08-16 03:06:55,2026-08-15T20:06:55Z,Sun,3,20 Đường Lê Quý Đôn,Phường Bình Hiên,16.055828,108.22107,2,51.7,29,29,1.0,144,144,FRC4,1,False
2026-08-16 03:06:55,2026-08-15T20:06:55Z,Sun,3,Đống Đa,Phường Thanh Bình,16.078364,108.216795,2,10.0,30,35,0.857,299,256,FRC3,0.96806,False
2026-08-16 03:06:55,2026-08-15T20:06:55Z,Sun,3,Quận Liên Chiểu,Phường Hòa Minh,16.06738,108.166799,2,55.0,41,41,1.0,199,199,FRC4,1,False
2026-08-16 03:06:55,2026-08-15T20:06:55Z,Sun,3,Núi Thành,Phường Hòa Cường Nam,16.036737,108.222882,2,17.5,30,32,0.938,293,274,FRC4,0.97888,False
2026-08-16 03:06:55,2026-08-15T20:06:55Z,Sun,3,"Ngã 3 Phạm Văn Nghị - Đào Duy Anh, phườn",Phường Thạc Gián,16.05869,108.209048,2,40.0,38,38,1.0,1175,1175,FRC4,1,False
2026-08-16 03:06:55,2026-08-15T20:06:55Z,Sun,3,Quận Sơn Trà,Phường Thọ Quang,16.104352,108.253997,2,26.5,45,45,1.0,1365,1365,FRC3,1,False
2026-08-16 03:06:55,2026-08-15T20:06:55Z,Sun,3,Quang Trung - Đống Đa (Đoạn ngã 4),Phường Thanh Bình,16.073419,108.213994,2,105.5,37,37,1.0,288,288,FRC4,1,False
2026-08-16 03:06:55,2026-08-15T20:06:55Z,Sun,3,Trưng Nữ Vương,Phường Hòa Thuận Tây,16.044318,108.206417,2,25.0,47,47,1.0,786,786,FRC4,1,False
2026-08-16 03:06:55,2026-08-15T20:06:55Z,Sun,3,Đ. Ngô Thì Nhậm,Phường Hòa Minh,16.071259,108.156865,2,40.0,40,40,1.0,194,194,FRC4,1,False
2026-08-16 03:06:55,2026-08-15T20:06:55Z,Sun,3,Ngô Tử Hạ,Phường Hòa An,16.043478,108.178278,2,55.0,52,52,1.0,1328,1328,FRC1,1,False
2026-08-16 03:06:55,2026-08-15T20:06:55Z,Sun,3,"Kiệt 818 Trần Cao Vân, tổ 20 P.Thanh Khê",Phường Thanh Khê Đông,16.069731,108.184158,2,90.0,35,35,1.0,517,517,FRC4,1,False
2026-08-16 03:06:55,2026-08-15T20:06:55Z,Sun,3,Hẻm 45 Đường An Mỹ 08 (Hem 45 Duong An M,Phường An Hải Tây,16.06394,108.23185,2,10.0,32,32,1.0,73,73,FRC3,1,False
2026-08-16 03:36:55,2026-08-15T20:36:55Z,Sun,3,15 Đường Quang Trung,Phường Hải Châu,16.075051,108.222198,5,12.0,34,34,1.0,532,532,FRC4,1,False
2026-08-16 03:36:55,2026-08-15T20:36:55Z,Sun,3,Phần Lăng 1,Phường Hòa Cường Bắc,16.054171,108.188345,5,49.2,26,30,0.867,294,255,FRC4,0.640039,False
2026-08-16 03:36:55,2026-08-15T20:36:55Z,Sun,3,24 Đường Trần Phú,Phường Thạch Thang,16.077081,108.223023,5,12.0,37,37,1.0,288,288,FRC4,1,False
2026-08-16 03:36:55,2026-08-15T20:36:55Z,Sun,3,2 Đường Lý Thái Tổ (Duong Ly Thai To),Phường Thạc Gián,16.066432,108.209833,4,64.6,39,39,1.0,476,476,FRC1,1,False
2026-08-16 03:36:55,2026-08-15T20:36:55Z,Sun,3,100 Đường Trần Phú,Phường Hải Châu 1,16.06907,108.22398,4,46.5,33,33,1.0,257,257,FRC4,1,False
2026-08-16 03:36:55,2026-08-15T20:36:55Z,Sun,3,Ngã tư Bắc Sơn – Trần Văn Ơn (Khu vực gi,Phường Hòa An,16.054638,108.176766,3,96.9,36,36,1.0,282,282,FRC4,1,False
2026-08-16 03:36:55,2026-08-15T20:36:55Z,Sun,3,40 Đường Trần Phú,Phường Hải Châu I,16.071757,108.224725,3,59.6,21,26,0.808,18,14,FRC4,0.6,False
2026-08-16 03:36:55,2026-08-15T20:36:55Z,Sun,3,Bàu Làng,Phường Thanh Khê Đông,16.070435,108.185778,3,49.0,34,34,1.0,532,532,FRC4,1,False
2026-08-16 03:36:55,2026-08-15T20:36:55Z,Sun,3,Huỳnh Ngọc Huệ,Phường Hòa Khê,16.061159,108.185345,3,81.0,28,28,1.0,286,286,FRC4,1,False
2026-08-16 03:36:55,2026-08-15T20:36:55Z,Sun,3,"Hàm Nghi, tổ 36 P.Vĩnh Trung (số 87 - 16",Phường Thạc Gián,16.061954,108.210494,2,93.1,40,40,1.0,1770,1770,FRC2,1,False
2026-08-16 03:36:55,2026-08-15T20:36:55Z,Sun,3,Đường Bắc Sơn (Từ số nhà 02 đến số nhà 9,Phường Hòa An,16.059092,108.175051,2,105.7,39,47,0.83,1025,850,FRC1,0.992018,False
2026-08-16 03:36:55,2026-08-15T20:36:55Z,Sun,3,Lê Thanh Nghị,Phường Hòa Cường Nam,16.035861,108.218057,2,19.2,37,37,1.0,157,157,FRC4,1,False
2026-08-16 03:36:55,2026-08-15T20:36:55Z,Sun,3,50 Đường Hoàng Hoa Thám,Phường Tam Thuận,16.069332,108.209716,2,45.0,38,38,1.0,256,256,FRC4,1,False
2026-08-16 03:36:55,2026-08-15T20:36:55Z,Sun,3,Đường Cầm Bá Thước (Toàn bộ tuyến đường),Phường Hòa Cường Bắc,16.042987,108.212774,2,52.0,47,47,1.0,786,786,FRC4,1,False
2026-08-16 03:36:55,2026-08-15T20:36:55Z,Sun,3,Hà Huy Tập,Phường Hòa Khê,16.05858,108.184255,2,64.0,26,30,0.867,294,255,FRC4,0.640039,False
2026-08-16 03:36:55,2026-08-15T20:36:55Z,Sun,3,Kiệt 179 Nguyễn Văn Linh (Toàn bộ kiệt),Phường Nam Dương,16.060362,108.214005,2,65.0,40,40,1.0,1770,1770,FRC2,1,False
2026-08-16 03:36:55,2026-08-15T20:36:55Z,Sun,3,67 Đường Tố Hữu,Phường Hòa Cường Nam,16.034478,108.219218,2,10.0,37,37,1.0,157,157,FRC4,1,False
2026-08-16 03:36:55,2026-08-15T20:36:55Z,Sun,3,Ngã tư Lê Thạch – Cao Sơn Pháo (Khu vực ,Phường Hòa Minh,16.057221,108.172134,2,53.3,39,47,0.83,1025,850,FRC1,0.992018,False
2026-08-16 03:36:55,2026-08-15T20:36:55Z,Sun,3,Đường Hải Hồ,Phường Thanh Bình,16.081622,108.216037,2,36.7,36,36,1.0,249,249,FRC3,1,False
2026-08-16 03:36:55,2026-08-15T20:36:55Z,Sun,3,Kiệt 640 Trưng Nữ Vương (Toàn bộ kiệt),Phường Hòa Cường Bắc,16.04386,108.207734,2,70.0,47,47,1.0,786,786,FRC4,1,False
2026-08-16 03:36:55,2026-08-15T20:36:55Z,Sun,3,20 Đường Lê Quý Đôn,Phường Bình Hiên,16.055828,108.22107,2,51.7,29,29,1.0,144,144,FRC4,1,False
2026-08-16 03:36:55,2026-08-15T20:36:55Z,Sun,3,Đống Đa,Phường Thanh Bình,16.078364,108.216795,2,10.0,36,36,1.0,249,249,FRC3,1,False
2026-08-16 03:36:55,2026-08-15T20:36:55Z,Sun,3,Quận Liên Chiểu,Phường Hòa Minh,16.06738,108.166799,2,55.0,41,41,1.0,199,199,FRC4,1,False
2026-08-16 03:36:55,2026-08-15T20:36:55Z,Sun,3,Núi Thành,Phường Hòa Cường Nam,16.036737,108.222882,2,17.5,34,34,1.0,258,258,FRC4,1,False
2026-08-16 03:36:55,2026-08-15T20:36:55Z,Sun,3,"Ngã 3 Phạm Văn Nghị - Đào Duy Anh, phườn",Phường Thạc Gián,16.05869,108.209048,2,40.0,38,38,1.0,1175,1175,FRC4,1,False
2026-08-16 03:36:55,2026-08-15T20:36:55Z,Sun,3,Quận Sơn Trà,Phường Thọ Quang,16.104352,108.253997,2,26.5,45,45,1.0,1365,1365,FRC3,1,False
2026-08-16 03:36:55,2026-08-15T20:36:55Z,Sun,3,Quang Trung - Đống Đa (Đoạn ngã 4),Phường Thanh Bình,16.073419,108.213994,2,105.5,37,37,1.0,288,288,FRC4,1,False
2026-08-16 03:36:55,2026-08-15T20:36:55Z,Sun,3,Trưng Nữ Vương,Phường Hòa Thuận Tây,16.044318,108.206417,2,25.0,47,47,1.0,786,786,FRC4,1,False
2026-08-16 03:36:55,2026-08-15T20:36:55Z,Sun,3,Đ. Ngô Thì Nhậm,Phường Hòa Minh,16.071259,108.156865,2,40.0,40,40,1.0,194,194,FRC4,1,False
2026-08-16 03:36:55,2026-08-15T20:36:55Z,Sun,3,Ngô Tử Hạ,Phường Hòa An,16.043478,108.178278,2,55.0,52,52,1.0,1328,1328,FRC1,1,False
2026-08-16 03:36:55,2026-08-15T20:36:55Z,Sun,3,"Kiệt 818 Trần Cao Vân, tổ 20 P.Thanh Khê",Phường Thanh Khê Đông,16.069731,108.184158,2,90.0,35,35,1.0,517,517,FRC4,1,False
2026-08-16 03:36:55,2026-08-15T20:36:55Z,Sun,3,Hẻm 45 Đường An Mỹ 08 (Hem 45 Duong An M,Phường An Hải Tây,16.06394,108.23185,2,10.0,32,32,1.0,73,73,FRC3,1,False
2026-08-16 04:06:55,2026-08-15T21:06:55Z,Sun,4,15 Đường Quang Trung,Phường Hải Châu,16.075051,108.222198,5,12.0,34,34,1.0,532,532,FRC4,1,False
2026-08-16 04:06:55,2026-08-15T21:06:55Z,Sun,4,Phần Lăng 1,Phường Hòa Cường Bắc,16.054171,108.188345,5,49.2,31,31,1.0,246,246,FRC4,1,False
2026-08-16 04:06:55,2026-08-15T21:06:55Z,Sun,4,24 Đường Trần Phú,Phường Thạch Thang,16.077081,108.223023,5,12.0,37,37,1.0,288,288,FRC4,1,False
2026-08-16 04:06:55,2026-08-15T21:06:55Z,Sun,4,2 Đường Lý Thái Tổ (Duong Ly Thai To),Phường Thạc Gián,16.066432,108.209833,4,64.6,39,39,1.0,476,476,FRC1,1,False
2026-08-16 04:06:55,2026-08-15T21:06:55Z,Sun,4,100 Đường Trần Phú,Phường Hải Châu 1,16.06907,108.22398,4,46.5,26,33,0.788,326,257,FRC4,0.927552,False
2026-08-16 04:06:55,2026-08-15T21:06:55Z,Sun,4,Ngã tư Bắc Sơn – Trần Văn Ơn (Khu vực gi,Phường Hòa An,16.054638,108.176766,3,96.9,36,36,1.0,282,282,FRC4,1,False
2026-08-16 04:06:55,2026-08-15T21:06:55Z,Sun,4,40 Đường Trần Phú,Phường Hải Châu I,16.071757,108.224725,3,59.6,27,27,1.0,14,14,FRC4,1,False
2026-08-16 04:06:55,2026-08-15T21:06:55Z,Sun,4,Bàu Làng,Phường Thanh Khê Đông,16.070435,108.185778,3,49.0,34,34,1.0,532,532,FRC4,1,False
2026-08-16 04:06:55,2026-08-15T21:06:55Z,Sun,4,Huỳnh Ngọc Huệ,Phường Hòa Khê,16.061159,108.185345,3,81.0,28,28,1.0,286,286,FRC4,1,False
2026-08-16 04:06:55,2026-08-15T21:06:55Z,Sun,4,"Hàm Nghi, tổ 36 P.Vĩnh Trung (số 87 - 16",Phường Thạc Gián,16.061954,108.210494,2,93.1,40,40,1.0,1770,1770,FRC2,1,False
2026-08-16 04:06:55,2026-08-15T21:06:55Z,Sun,4,Đường Bắc Sơn (Từ số nhà 02 đến số nhà 9,Phường Hòa An,16.059092,108.175051,2,105.7,47,47,1.0,850,850,FRC1,1,False
2026-08-16 04:06:55,2026-08-15T21:06:55Z,Sun,4,Lê Thanh Nghị,Phường Hòa Cường Nam,16.035861,108.218057,2,19.2,37,37,1.0,157,157,FRC4,1,False
2026-08-16 04:06:55,2026-08-15T21:06:55Z,Sun,4,50 Đường Hoàng Hoa Thám,Phường Tam Thuận,16.069332,108.209716,2,45.0,38,38,1.0,256,256,FRC4,1,False
2026-08-16 04:06:55,2026-08-15T21:06:55Z,Sun,4,Đường Cầm Bá Thước (Toàn bộ tuyến đường),Phường Hòa Cường Bắc,16.042987,108.212774,2,52.0,47,47,1.0,786,786,FRC4,1,False
2026-08-16 04:06:55,2026-08-15T21:06:55Z,Sun,4,Hà Huy Tập,Phường Hòa Khê,16.05858,108.184255,2,64.0,31,31,1.0,246,246,FRC4,1,False
2026-08-16 04:06:55,2026-08-15T21:06:55Z,Sun,4,Kiệt 179 Nguyễn Văn Linh (Toàn bộ kiệt),Phường Nam Dương,16.060362,108.214005,2,65.0,40,40,1.0,1770,1770,FRC2,1,False
2026-08-16 04:06:55,2026-08-15T21:06:55Z,Sun,4,67 Đường Tố Hữu,Phường Hòa Cường Nam,16.034478,108.219218,2,10.0,37,37,1.0,157,157,FRC4,1,False
2026-08-16 04:06:55,2026-08-15T21:06:55Z,Sun,4,Ngã tư Lê Thạch – Cao Sơn Pháo (Khu vực ,Phường Hòa Minh,16.057221,108.172134,2,53.3,47,47,1.0,850,850,FRC1,1,False
2026-08-16 04:06:55,2026-08-15T21:06:55Z,Sun,4,Đường Hải Hồ,Phường Thanh Bình,16.081622,108.216037,2,36.7,29,35,0.829,309,256,FRC3,0.895968,False
2026-08-16 04:06:55,2026-08-15T21:06:55Z,Sun,4,Kiệt 640 Trưng Nữ Vương (Toàn bộ kiệt),Phường Hòa Cường Bắc,16.04386,108.207734,2,70.0,47,47,1.0,786,786,FRC4,1,False
2026-08-16 04:06:55,2026-08-15T21:06:55Z,Sun,4,20 Đường Lê Quý Đôn,Phường Bình Hiên,16.055828,108.22107,2,51.7,29,29,1.0,144,144,FRC4,1,False
2026-08-16 04:06:55,2026-08-15T21:06:55Z,Sun,4,Đống Đa,Phường Thanh Bình,16.078364,108.216795,2,10.0,29,35,0.829,309,256,FRC3,0.895968,False
2026-08-16 04:06:55,2026-08-15T21:06:55Z,Sun,4,Quận Liên Chiểu,Phường Hòa Minh,16.06738,108.166799,2,55.0,41,41,1.0,199,199,FRC4,1,False
2026-08-16 04:06:55,2026-08-15T21:06:55Z,Sun,4,Núi Thành,Phường Hòa Cường Nam,16.036737,108.222882,2,17.5,34,34,1.0,258,258,FRC4,1,False
2026-08-16 04:06:55,2026-08-15T21:06:55Z,Sun,4,"Ngã 3 Phạm Văn Nghị - Đào Duy Anh, phườn",Phường Thạc Gián,16.05869,108.209048,2,40.0,38,38,1.0,1175,1175,FRC4,1,False
2026-08-16 04:06:55,2026-08-15T21:06:55Z,Sun,4,Quận Sơn Trà,Phường Thọ Quang,16.104352,108.253997,2,26.5,45,45,1.0,1365,1365,FRC3,1,False
2026-08-16 04:06:55,2026-08-15T21:06:55Z,Sun,4,Quang Trung - Đống Đa (Đoạn ngã 4),Phường Thanh Bình,16.073419,108.213994,2,105.5,37,37,1.0,288,288,FRC4,1,False
2026-08-16 04:06:55,2026-08-15T21:06:55Z,Sun,4,Trưng Nữ Vương,Phường Hòa Thuận Tây,16.044318,108.206417,2,25.0,47,47,1.0,786,786,FRC4,1,False
2026-08-16 04:06:55,2026-08-15T21:06:55Z,Sun,4,Đ. Ngô Thì Nhậm,Phường Hòa Minh,16.071259,108.156865,2,40.0,40,40,1.0,194,194,FRC4,1,False
2026-08-16 04:06:55,2026-08-15T21:06:55Z,Sun,4,Ngô Tử Hạ,Phường Hòa An,16.043478,108.178278,2,55.0,52,52,1.0,1328,1328,FRC1,1,False
2026-08-16 04:06:55,2026-08-15T21:06:55Z,Sun,4,"Kiệt 818 Trần Cao Vân, tổ 20 P.Thanh Khê",Phường Thanh Khê Đông,16.069731,108.184158,2,90.0,29,34,0.853,624,532,FRC4,0.911557,False
2026-08-16 04:06:55,2026-08-15T21:06:55Z,Sun,4,Hẻm 45 Đường An Mỹ 08 (Hem 45 Duong An M,Phường An Hải Tây,16.06394,108.23185,2,10.0,32,32,1.0,73,73,FRC3,1,False
2026-08-16 04:36:55,2026-08-15T21:36:55Z,Sun,4,15 Đường Quang Trung,Phường Hải Châu,16.075051,108.222198,5,12.0,34,34,1.0,532,532,FRC4,1,False
2026-08-16 04:36:55,2026-08-15T21:36:55Z,Sun,4,Phần Lăng 1,Phường Hòa Cường Bắc,16.054171,108.188345,5,49.2,31,31,1.0,246,246,FRC4,1,False
2026-08-16 04:36:55,2026-08-15T21:36:55Z,Sun,4,24 Đường Trần Phú,Phường Thạch Thang,16.077081,108.223023,5,12.0,37,37,1.0,288,288,FRC4,1,False
2026-08-16 04:36:55,2026-08-15T21:36:55Z,Sun,4,2 Đường Lý Thái Tổ (Duong Ly Thai To),Phường Thạc Gián,16.066432,108.209833,4,64.6,39,39,1.0,476,476,FRC1,1,False
2026-08-16 04:36:55,2026-08-15T21:36:55Z,Sun,4,100 Đường Trần Phú,Phường Hải Châu 1,16.06907,108.22398,4,46.5,33,33,1.0,257,257,FRC4,1,False
2026-08-16 04:36:55,2026-08-15T21:36:55Z,Sun,4,Ngã tư Bắc Sơn – Trần Văn Ơn (Khu vực gi,Phường Hòa An,16.054638,108.176766,3,96.9,36,36,1.0,282,282,FRC4,1,False
2026-08-16 04:36:55,2026-08-15T21:36:55Z,Sun,4,40 Đường Trần Phú,Phường Hải Châu I,16.071757,108.224725,3,59.6,27,27,1.0,14,14,FRC4,1,False
2026-08-16 04:36:55,2026-08-15T21:36:55Z,Sun,4,Bàu Làng,Phường Thanh Khê Đông,16.070435,108.185778,3,49.0,34,34,1.0,532,532,FRC4,1,False
2026-08-16 04:36:55,2026-08-15T21:36:55Z,Sun,4,Huỳnh Ngọc Huệ,Phường Hòa Khê,16.061159,108.185345,3,81.0,28,28,1.0,286,286,FRC4,1,False
2026-08-16 04:36:55,2026-08-15T21:36:55Z,Sun,4,"Hàm Nghi, tổ 36 P.Vĩnh Trung (số 87 - 16",Phường Thạc Gián,16.061954,108.210494,2,93.1,40,40,1.0,1770,1770,FRC2,1,False
2026-08-16 04:36:55,2026-08-15T21:36:55Z,Sun,4,Đường Bắc Sơn (Từ số nhà 02 đến số nhà 9,Phường Hòa An,16.059092,108.175051,2,105.7,47,47,1.0,850,850,FRC1,1,False
2026-08-16 04:36:55,2026-08-15T21:36:55Z,Sun,4,Lê Thanh Nghị,Phường Hòa Cường Nam,16.035861,108.218057,2,19.2,37,37,1.0,157,157,FRC4,1,False
2026-08-16 04:36:55,2026-08-15T21:36:55Z,Sun,4,50 Đường Hoàng Hoa Thám,Phường Tam Thuận,16.069332,108.209716,2,45.0,38,38,1.0,256,256,FRC4,1,False
2026-08-16 04:36:55,2026-08-15T21:36:55Z,Sun,4,Đường Cầm Bá Thước (Toàn bộ tuyến đường),Phường Hòa Cường Bắc,16.042987,108.212774,2,52.0,47,47,1.0,786,786,FRC4,1,False
2026-08-16 04:36:55,2026-08-15T21:36:55Z,Sun,4,Hà Huy Tập,Phường Hòa Khê,16.05858,108.184255,2,64.0,31,31,1.0,246,246,FRC4,1,False
2026-08-16 04:36:55,2026-08-15T21:36:55Z,Sun,4,Kiệt 179 Nguyễn Văn Linh (Toàn bộ kiệt),Phường Nam Dương,16.060362,108.214005,2,65.0,40,40,1.0,1770,1770,FRC2,1,False
2026-08-16 04:36:55,2026-08-15T21:36:55Z,Sun,4,67 Đường Tố Hữu,Phường Hòa Cường Nam,16.034478,108.219218,2,10.0,37,37,1.0,157,157,FRC4,1,False
2026-08-16 04:36:55,2026-08-15T21:36:55Z,Sun,4,Ngã tư Lê Thạch – Cao Sơn Pháo (Khu vực ,Phường Hòa Minh,16.057221,108.172134,2,53.3,47,47,1.0,850,850,FRC1,1,False
2026-08-16 04:36:55,2026-08-15T21:36:55Z,Sun,4,Đường Hải Hồ,Phường Thanh Bình,16.081622,108.216037,2,36.7,36,36,1.0,249,249,FRC3,1,False
2026-08-16 04:36:55,2026-08-15T21:36:55Z,Sun,4,Kiệt 640 Trưng Nữ Vương (Toàn bộ kiệt),Phường Hòa Cường Bắc,16.04386,108.207734,2,70.0,47,47,1.0,786,786,FRC4,1,False
2026-08-16 04:36:55,2026-08-15T21:36:55Z,Sun,4,20 Đường Lê Quý Đôn,Phường Bình Hiên,16.055828,108.22107,2,51.7,29,29,1.0,144,144,FRC4,1,False
2026-08-16 04:36:55,2026-08-15T21:36:55Z,Sun,4,Đống Đa,Phường Thanh Bình,16.078364,108.216795,2,10.0,36,36,1.0,249,249,FRC3,1,False
2026-08-16 04:36:55,2026-08-15T21:36:55Z,Sun,4,Quận Liên Chiểu,Phường Hòa Minh,16.06738,108.166799,2,55.0,41,41,1.0,199,199,FRC4,1,False
2026-08-16 04:36:55,2026-08-15T21:36:55Z,Sun,4,Núi Thành,Phường Hòa Cường Nam,16.036737,108.222882,2,17.5,34,34,1.0,258,258,FRC4,1,False
2026-08-16 04:36:55,2026-08-15T21:36:55Z,Sun,4,"Ngã 3 Phạm Văn Nghị - Đào Duy Anh, phườn",Phường Thạc Gián,16.05869,108.209048,2,40.0,38,38,1.0,1175,1175,FRC4,1,False
2026-08-16 04:36:55,2026-08-15T21:36:55Z,Sun,4,Quận Sơn Trà,Phường Thọ Quang,16.104352,108.253997,2,26.5,45,45,1.0,1365,1365,FRC3,1,False
2026-08-16 04:36:55,2026-08-15T21:36:55Z,Sun,4,Quang Trung - Đống Đa (Đoạn ngã 4),Phường Thanh Bình,16.073419,108.213994,2,105.5,37,37,1.0,288,288,FRC4,1,False
2026-08-16 04:36:55,2026-08-15T21:36:55Z,Sun,4,Trưng Nữ Vương,Phường Hòa Thuận Tây,16.044318,108.206417,2,25.0,47,47,1.0,786,786,FRC4,1,False
2026-08-16 04:36:55,2026-08-15T21:36:55Z,Sun,4,Đ. Ngô Thì Nhậm,Phường Hòa Minh,16.071259,108.156865,2,40.0,40,40,1.0,194,194,FRC4,1,False
2026-08-16 04:36:55,2026-08-15T21:36:55Z,Sun,4,Ngô Tử Hạ,Phường Hòa An,16.043478,108.178278,2,55.0,52,52,1.0,1328,1328,FRC1,1,False
2026-08-16 04:36:55,2026-08-15T21:36:55Z,Sun,4,"Kiệt 818 Trần Cao Vân, tổ 20 P.Thanh Khê",Phường Thanh Khê Đông,16.069731,108.184158,2,90.0,35,35,1.0,517,517,FRC4,1,False
2026-08-16 04:36:55,2026-08-15T21:36:55Z,Sun,4,Hẻm 45 Đường An Mỹ 08 (Hem 45 Duong An M,Phường An Hải Tây,16.06394,108.23185,2,10.0,32,32,1.0,73,73,FRC3,1,False
2026-08-16 05:06:55,2026-08-15T22:06:55Z,Sun,5,15 Đường Quang Trung,Phường Hải Châu,16.075051,108.222198,5,12.0,34,34,1.0,532,532,FRC4,1,False
2026-08-16 05:06:55,2026-08-15T22:06:55Z,Sun,5,Phần Lăng 1,Phường Hòa Cường Bắc,16.054171,108.188345,5,49.2,31,31,1.0,246,246,FRC4,1,False
2026-08-16 05:06:55,2026-08-15T22:06:55Z,Sun,5,24 Đường Trần Phú,Phường Thạch Thang,16.077081,108.223023,5,12.0,37,37,1.0,288,288,FRC4,1,False
2026-08-16 05:06:55,2026-08-15T22:06:55Z,Sun,5,2 Đường Lý Thái Tổ (Duong Ly Thai To),Phường Thạc Gián,16.066432,108.209833,4,64.6,39,39,1.0,476,476,FRC1,1,False
2026-08-16 05:06:55,2026-08-15T22:06:55Z,Sun,5,100 Đường Trần Phú,Phường Hải Châu 1,16.06907,108.22398,4,46.5,33,33,1.0,257,257,FRC4,1,False
2026-08-16 05:06:55,2026-08-15T22:06:55Z,Sun,5,Ngã tư Bắc Sơn – Trần Văn Ơn (Khu vực gi,Phường Hòa An,16.054638,108.176766,3,96.9,29,35,0.829,351,290,FRC4,0.837662,False
2026-08-16 05:06:55,2026-08-15T22:06:55Z,Sun,5,40 Đường Trần Phú,Phường Hải Châu I,16.071757,108.224725,3,59.6,27,27,1.0,14,14,FRC4,1,False
2026-08-16 05:06:55,2026-08-15T22:06:55Z,Sun,5,Bàu Làng,Phường Thanh Khê Đông,16.070435,108.185778,3,49.0,34,34,1.0,532,532,FRC4,1,False
2026-08-16 05:06:55,2026-08-15T22:06:55Z,Sun,5,Huỳnh Ngọc Huệ,Phường Hòa Khê,16.061159,108.185345,3,81.0,28,28,1.0,286,286,FRC4,1,False
2026-08-16 05:06:55,2026-08-15T22:06:55Z,Sun,5,"Hàm Nghi, tổ 36 P.Vĩnh Trung (số 87 - 16",Phường Thạc Gián,16.061954,108.210494,2,93.1,40,40,1.0,1770,1770,FRC2,1,False
2026-08-16 05:06:55,2026-08-15T22:06:55Z,Sun,5,Đường Bắc Sơn (Từ số nhà 02 đến số nhà 9,Phường Hòa An,16.059092,108.175051,2,105.7,41,46,0.891,975,869,FRC1,1,False
2026-08-16 05:06:55,2026-08-15T22:06:55Z,Sun,5,Lê Thanh Nghị,Phường Hòa Cường Nam,16.035861,108.218057,2,19.2,37,37,1.0,157,157,FRC4,1,False
2026-08-16 05:06:55,2026-08-15T22:06:55Z,Sun,5,50 Đường Hoàng Hoa Thám,Phường Tam Thuận,16.069332,108.209716,2,45.0,38,38,1.0,256,256,FRC4,1,False
2026-08-16 05:06:55,2026-08-15T22:06:55Z,Sun,5,Đường Cầm Bá Thước (Toàn bộ tuyến đường),Phường Hòa Cường Bắc,16.042987,108.212774,2,52.0,47,47,1.0,786,786,FRC4,1,False
2026-08-16 05:06:55,2026-08-15T22:06:55Z,Sun,5,Hà Huy Tập,Phường Hòa Khê,16.05858,108.184255,2,64.0,31,31,1.0,246,246,FRC4,1,False
2026-08-16 05:06:55,2026-08-15T22:06:55Z,Sun,5,Kiệt 179 Nguyễn Văn Linh (Toàn bộ kiệt),Phường Nam Dương,16.060362,108.214005,2,65.0,40,40,1.0,1770,1770,FRC2,1,False
2026-08-16 05:06:55,2026-08-15T22:06:55Z,Sun,5,67 Đường Tố Hữu,Phường Hòa Cường Nam,16.034478,108.219218,2,10.0,37,37,1.0,157,157,FRC4,1,False
2026-08-16 05:06:55,2026-08-15T22:06:55Z,Sun,5,Ngã tư Lê Thạch – Cao Sơn Pháo (Khu vực ,Phường Hòa Minh,16.057221,108.172134,2,53.3,41,46,0.891,975,869,FRC1,1,False
2026-08-16 05:06:55,2026-08-15T22:06:55Z,Sun,5,Đường Hải Hồ,Phường Thanh Bình,16.081622,108.216037,2,36.7,36,36,1.0,249,249,FRC3,1,False
2026-08-16 05:06:55,2026-08-15T22:06:55Z,Sun,5,Kiệt 640 Trưng Nữ Vương (Toàn bộ kiệt),Phường Hòa Cường Bắc,16.04386,108.207734,2,70.0,47,47,1.0,786,786,FRC4,1,False
2026-08-16 05:06:55,2026-08-15T22:06:55Z,Sun,5,20 Đường Lê Quý Đôn,Phường Bình Hiên,16.055828,108.22107,2,51.7,29,29,1.0,144,144,FRC4,1,False
2026-08-16 05:06:55,2026-08-15T22:06:55Z,Sun,5,Đống Đa,Phường Thanh Bình,16.078364,108.216795,2,10.0,36,36,1.0,249,249,FRC3,1,False
2026-08-16 05:06:55,2026-08-15T22:06:55Z,Sun,5,Quận Liên Chiểu,Phường Hòa Minh,16.06738,108.166799,2,55.0,41,41,1.0,199,199,FRC4,1,False
2026-08-16 05:06:55,2026-08-15T22:06:55Z,Sun,5,Núi Thành,Phường Hòa Cường Nam,16.036737,108.222882,2,17.5,34,34,1.0,258,258,FRC4,1,False
2026-08-16 05:06:55,2026-08-15T22:06:55Z,Sun,5,"Ngã 3 Phạm Văn Nghị - Đào Duy Anh, phườn",Phường Thạc Gián,16.05869,108.209048,2,40.0,38,38,1.0,1175,1175,FRC4,1,False
2026-08-16 05:06:55,2026-08-15T22:06:55Z,Sun,5,Quận Sơn Trà,Phường Thọ Quang,16.104352,108.253997,2,26.5,45,45,1.0,1365,1365,FRC3,1,False
2026-08-16 05:06:55,2026-08-15T22:06:55Z,Sun,5,Quang Trung - Đống Đa (Đoạn ngã 4),Phường Thanh Bình,16.073419,108.213994,2,105.5,37,37,1.0,288,288,FRC4,1,False
2026-08-16 05:06:55,2026-08-15T22:06:55Z,Sun,5,Trưng Nữ Vương,Phường Hòa Thuận Tây,16.044318,108.206417,2,25.0,47,47,1.0,786,786,FRC4,1,False
2026-08-16 05:06:55,2026-08-15T22:06:55Z,Sun,5,Đ. Ngô Thì Nhậm,Phường Hòa Minh,16.071259,108.156865,2,40.0,40,40,1.0,194,194,FRC4,1,False
2026-08-16 05:06:55,2026-08-15T22:06:55Z,Sun,5,Ngô Tử Hạ,Phường Hòa An,16.043478,108.178278,2,55.0,52,52,1.0,1328,1328,FRC1,1,False
2026-08-16 05:06:55,2026-08-15T22:06:55Z,Sun,5,"Kiệt 818 Trần Cao Vân, tổ 20 P.Thanh Khê",Phường Thanh Khê Đông,16.069731,108.184158,2,90.0,35,35,1.0,517,517,FRC4,1,False
2026-08-16 05:06:55,2026-08-15T22:06:55Z,Sun,5,Hẻm 45 Đường An Mỹ 08 (Hem 45 Duong An M,Phường An Hải Tây,16.06394,108.23185,2,10.0,32,32,1.0,73,73,FRC3,1,False
2026-08-16 05:36:55,2026-08-15T22:36:55Z,Sun,5,15 Đường Quang Trung,Phường Hải Châu,16.075051,108.222198,5,12.0,34,34,1.0,532,532,FRC4,1,False
2026-08-16 05:36:55,2026-08-15T22:36:55Z,Sun,5,Phần Lăng 1,Phường Hòa Cường Bắc,16.054171,108.188345,5,49.2,31,31,1.0,246,246,FRC4,1,False
2026-08-16 05:36:55,2026-08-15T22:36:55Z,Sun,5,24 Đường Trần Phú,Phường Thạch Thang,16.077081,108.223023,5,12.0,37,37,1.0,288,288,FRC4,1,False
2026-08-16 05:36:55,2026-08-15T22:36:55Z,Sun,5,2 Đường Lý Thái Tổ (Duong Ly Thai To),Phường Thạc Gián,16.066432,108.209833,4,64.6,39,39,1.0,476,476,FRC1,1,False
2026-08-16 05:36:55,2026-08-15T22:36:55Z,Sun,5,100 Đường Trần Phú,Phường Hải Châu 1,16.06907,108.22398,4,46.5,33,33,1.0,257,257,FRC4,1,False
2026-08-16 05:36:55,2026-08-15T22:36:55Z,Sun,5,Ngã tư Bắc Sơn – Trần Văn Ơn (Khu vực gi,Phường Hòa An,16.054638,108.176766,3,96.9,36,36,1.0,282,282,FRC4,1,False
2026-08-16 05:36:55,2026-08-15T22:36:55Z,Sun,5,40 Đường Trần Phú,Phường Hải Châu I,16.071757,108.224725,3,59.6,27,27,1.0,14,14,FRC4,1,False
2026-08-16 05:36:55,2026-08-15T22:36:55Z,Sun,5,Bàu Làng,Phường Thanh Khê Đông,16.070435,108.185778,3,49.0,34,34,1.0,532,532,FRC4,1,False
2026-08-16 05:36:55,2026-08-15T22:36:55Z,Sun,5,Huỳnh Ngọc Huệ,Phường Hòa Khê,16.061159,108.185345,3,81.0,22,27,0.815,364,296,FRC4,0.807161,False
2026-08-16 05:36:55,2026-08-15T22:36:55Z,Sun,5,"Hàm Nghi, tổ 36 P.Vĩnh Trung (số 87 - 16",Phường Thạc Gián,16.061954,108.210494,2,93.1,40,40,1.0,1770,1770,FRC2,1,False
2026-08-16 05:36:55,2026-08-15T22:36:55Z,Sun,5,Đường Bắc Sơn (Từ số nhà 02 đến số nhà 9,Phường Hòa An,16.059092,108.175051,2,105.7,35,46,0.761,1142,869,FRC1,1,False
2026-08-16 05:36:55,2026-08-15T22:36:55Z,Sun,5,Lê Thanh Nghị,Phường Hòa Cường Nam,16.035861,108.218057,2,19.2,30,36,0.833,194,162,FRC4,0.995544,False
2026-08-16 05:36:55,2026-08-15T22:36:55Z,Sun,5,50 Đường Hoàng Hoa Thám,Phường Tam Thuận,16.069332,108.209716,2,45.0,28,37,0.757,348,263,FRC4,1,False
2026-08-16 05:36:55,2026-08-15T22:36:55Z,Sun,5,Đường Cầm Bá Thước (Toàn bộ tuyến đường),Phường Hòa Cường Bắc,16.042987,108.212774,2,52.0,47,47,1.0,786,786,FRC4,1,False
2026-08-16 05:36:55,2026-08-15T22:36:55Z,Sun,5,Hà Huy Tập,Phường Hòa Khê,16.05858,108.184255,2,64.0,31,31,1.0,246,246,FRC4,1,False
2026-08-16 05:36:55,2026-08-15T22:36:55Z,Sun,5,Kiệt 179 Nguyễn Văn Linh (Toàn bộ kiệt),Phường Nam Dương,16.060362,108.214005,2,65.0,40,40,1.0,1770,1770,FRC2,1,False
2026-08-16 05:36:55,2026-08-15T22:36:55Z,Sun,5,67 Đường Tố Hữu,Phường Hòa Cường Nam,16.034478,108.219218,2,10.0,30,36,0.833,194,162,FRC4,0.995544,False
2026-08-16 05:36:55,2026-08-15T22:36:55Z,Sun,5,Ngã tư Lê Thạch – Cao Sơn Pháo (Khu vực ,Phường Hòa Minh,16.057221,108.172134,2,53.3,35,46,0.761,1142,869,FRC1,1,False
2026-08-16 05:36:55,2026-08-15T22:36:55Z,Sun,5,Đường Hải Hồ,Phường Thanh Bình,16.081622,108.216037,2,36.7,36,36,1.0,249,249,FRC3,1,False
2026-08-16 05:36:55,2026-08-15T22:36:55Z,Sun,5,Kiệt 640 Trưng Nữ Vương (Toàn bộ kiệt),Phường Hòa Cường Bắc,16.04386,108.207734,2,70.0,47,47,1.0,786,786,FRC4,1,False
2026-08-16 05:36:55,2026-08-15T22:36:55Z,Sun,5,20 Đường Lê Quý Đôn,Phường Bình Hiên,16.055828,108.22107,2,51.7,22,28,0.786,190,149,FRC4,0.892195,False
2026-08-16 05:36:55,2026-08-15T22:36:55Z,Sun,5,Đống Đa,Phường Thanh Bình,16.078364,108.216795,2,10.0,36,36,1.0,249,249,FRC3,1,False
2026-08-16 05:36:55,2026-08-15T22:36:55Z,Sun,5,Quận Liên Chiểu,Phường Hòa Minh,16.06738,108.166799,2,55.0,34,40,0.85,240,204,FRC4,1,False
2026-08-16 05:36:55,2026-08-15T22:36:55Z,Sun,5,Núi Thành,Phường Hòa Cường Nam,16.036737,108.222882,2,17.5,34,34,1.0,258,258,FRC4,1,False
2026-08-16 05:36:55,2026-08-15T22:36:55Z,Sun,5,"Ngã 3 Phạm Văn Nghị - Đào Duy Anh, phườn",Phường Thạc Gián,16.05869,108.209048,2,40.0,38,38,1.0,1175,1175,FRC4,1,False
2026-08-16 05:36:55,2026-08-15T22:36:55Z,Sun,5,Quận Sơn Trà,Phường Thọ Quang,16.104352,108.253997,2,26.5,45,45,1.0,1365,1365,FRC3,1,False
2026-08-16 05:36:55,2026-08-15T22:36:55Z,Sun,5,Quang Trung - Đống Đa (Đoạn ngã 4),Phường Thanh Bình,16.073419,108.213994,2,105.5,37,37,1.0,288,288,FRC4,1,False
2026-08-16 05:36:55,2026-08-15T22:36:55Z,Sun,5,Trưng Nữ Vương,Phường Hòa Thuận Tây,16.044318,108.206417,2,25.0,47,47,1.0,786,786,FRC4,1,False
2026-08-16 05:36:55,2026-08-15T22:36:55Z,Sun,5,Đ. Ngô Thì Nhậm,Phường Hòa Minh,16.071259,108.156865,2,40.0,40,40,1.0,194,194,FRC4,1,False
2026-08-16 05:36:55,2026-08-15T22:36:55Z,Sun,5,Ngô Tử Hạ,Phường Hòa An,16.043478,108.178278,2,55.0,52,52,1.0,1328,1328,FRC1,1,False
2026-08-16 05:36:55,2026-08-15T22:36:55Z,Sun,5,"Kiệt 818 Trần Cao Vân, tổ 20 P.Thanh Khê",Phường Thanh Khê Đông,16.069731,108.184158,2,90.0,35,35,1.0,517,517,FRC4,1,False
2026-08-16 05:36:55,2026-08-15T22:36:55Z,Sun,5,Hẻm 45 Đường An Mỹ 08 (Hem 45 Duong An M,Phường An Hải Tây,16.06394,108.23185,2,10.0,20,31,0.645,117,76,FRC3,0.774482,False
2026-08-16 06:06:55,2026-08-15T23:06:55Z,Sun,6,15 Đường Quang Trung,Phường Hải Châu,16.075051,108.222198,5,12.0,34,34,1.0,532,532,FRC4,1,False
2026-08-16 06:06:55,2026-08-15T23:06:55Z,Sun,6,Phần Lăng 1,Phường Hòa Cường Bắc,16.054171,108.188345,5,49.2,31,31,1.0,246,246,FRC4,1,False
2026-08-16 06:06:55,2026-08-15T23:06:55Z,Sun,6,24 Đường Trần Phú,Phường Thạch Thang,16.077081,108.223023,5,12.0,29,36,0.806,368,296,FRC4,0.991905,False
2026-08-16 06:06:55,2026-08-15T23:06:55Z,Sun,6,2 Đường Lý Thái Tổ (Duong Ly Thai To),Phường Thạc Gián,16.066432,108.209833,4,64.6,39,39,1.0,476,476,FRC1,1,False
2026-08-16 06:06:55,2026-08-15T23:06:55Z,Sun,6,100 Đường Trần Phú,Phường Hải Châu 1,16.06907,108.22398,4,46.5,33,33,1.0,257,257,FRC4,1,False
2026-08-16 06:06:55,2026-08-15T23:06:55Z,Sun,6,Ngã tư Bắc Sơn – Trần Văn Ơn (Khu vực gi,Phường Hòa An,16.054638,108.176766,3,96.9,36,36,1.0,282,282,FRC4,1,False
2026-08-16 06:06:55,2026-08-15T23:06:55Z,Sun,6,40 Đường Trần Phú,Phường Hải Châu I,16.071757,108.224725,3,59.6,27,27,1.0,14,14,FRC4,1,False
2026-08-16 06:06:55,2026-08-15T23:06:55Z,Sun,6,Bàu Làng,Phường Thanh Khê Đông,16.070435,108.185778,3,49.0,34,34,1.0,532,532,FRC4,1,False
2026-08-16 06:06:55,2026-08-15T23:06:55Z,Sun,6,Huỳnh Ngọc Huệ,Phường Hòa Khê,16.061159,108.185345,3,81.0,20,28,0.714,400,286,FRC4,0.840532,False
2026-08-16 06:06:55,2026-08-15T23:06:55Z,Sun,6,"Hàm Nghi, tổ 36 P.Vĩnh Trung (số 87 - 16",Phường Thạc Gián,16.061954,108.210494,2,93.1,40,40,1.0,1770,1770,FRC2,1,False
2026-08-16 06:06:55,2026-08-15T23:06:55Z,Sun,6,Đường Bắc Sơn (Từ số nhà 02 đến số nhà 9,Phường Hòa An,16.059092,108.175051,2,105.7,34,47,0.723,1176,850,FRC1,1,False
2026-08-16 06:06:55,2026-08-15T23:06:55Z,Sun,6,Lê Thanh Nghị,Phường Hòa Cường Nam,16.035861,108.218057,2,19.2,37,37,1.0,157,157,FRC4,1,False
2026-08-16 06:06:55,2026-08-15T23:06:55Z,Sun,6,50 Đường Hoàng Hoa Thám,Phường Tam Thuận,16.069332,108.209716,2,45.0,28,37,0.757,348,263,FRC4,1,False
2026-08-16 06:06:55,2026-08-15T23:06:55Z,Sun,6,Đường Cầm Bá Thước (Toàn bộ tuyến đường),Phường Hòa Cường Bắc,16.042987,108.212774,2,52.0,47,47,1.0,786,786,FRC4,1,False
2026-08-16 06:06:55,2026-08-15T23:06:55Z,Sun,6,Hà Huy Tập,Phường Hòa Khê,16.05858,108.184255,2,64.0,31,31,1.0,246,246,FRC4,1,False
2026-08-16 06:06:55,2026-08-15T23:06:55Z,Sun,6,Kiệt 179 Nguyễn Văn Linh (Toàn bộ kiệt),Phường Nam Dương,16.060362,108.214005,2,65.0,40,40,1.0,1770,1770,FRC2,1,False
2026-08-16 06:06:55,2026-08-15T23:06:55Z,Sun,6,67 Đường Tố Hữu,Phường Hòa Cường Nam,16.034478,108.219218,2,10.0,37,37,1.0,157,157,FRC4,1,False
2026-08-16 06:06:55,2026-08-15T23:06:55Z,Sun,6,Ngã tư Lê Thạch – Cao Sơn Pháo (Khu vực ,Phường Hòa Minh,16.057221,108.172134,2,53.3,34,47,0.723,1176,850,FRC1,1,False
2026-08-16 06:06:55,2026-08-15T23:06:55Z,Sun,6,Đường Hải Hồ,Phường Thanh Bình,16.081622,108.216037,2,36.7,36,36,1.0,249,249,FRC3,1,False
2026-08-16 06:06:55,2026-08-15T23:06:55Z,Sun,6,Kiệt 640 Trưng Nữ Vương (Toàn bộ kiệt),Phường Hòa Cường Bắc,16.04386,108.207734,2,70.0,47,47,1.0,786,786,FRC4,1,False
2026-08-16 06:06:55,2026-08-15T23:06:55Z,Sun,6,20 Đường Lê Quý Đôn,Phường Bình Hiên,16.055828,108.22107,2,51.7,23,29,0.793,181,144,FRC4,0.77,False
2026-08-16 06:06:55,2026-08-15T23:06:55Z,Sun,6,Đống Đa,Phường Thanh Bình,16.078364,108.216795,2,10.0,36,36,1.0,249,249,FRC3,1,False
2026-08-16 06:06:55,2026-08-15T23:06:55Z,Sun,6,Quận Liên Chiểu,Phường Hòa Minh,16.06738,108.166799,2,55.0,33,41,0.805,247,199,FRC4,1,False
2026-08-16 06:06:55,2026-08-15T23:06:55Z,Sun,6,Núi Thành,Phường Hòa Cường Nam,16.036737,108.222882,2,17.5,25,33,0.758,351,266,FRC4,0.953805,False
2026-08-16 06:06:55,2026-08-15T23:06:55Z,Sun,6,"Ngã 3 Phạm Văn Nghị - Đào Duy Anh, phườn",Phường Thạc Gián,16.05869,108.209048,2,40.0,31,38,0.816,1440,1175,FRC4,0.998577,False
2026-08-16 06:06:55,2026-08-15T23:06:55Z,Sun,6,Quận Sơn Trà,Phường Thọ Quang,16.104352,108.253997,2,26.5,45,45,1.0,1365,1365,FRC3,1,False
2026-08-16 06:06:55,2026-08-15T23:06:55Z,Sun,6,Quang Trung - Đống Đa (Đoạn ngã 4),Phường Thanh Bình,16.073419,108.213994,2,105.5,29,36,0.806,368,296,FRC4,0.991905,False
2026-08-16 06:06:55,2026-08-15T23:06:55Z,Sun,6,Trưng Nữ Vương,Phường Hòa Thuận Tây,16.044318,108.206417,2,25.0,47,47,1.0,786,786,FRC4,1,False
2026-08-16 06:06:55,2026-08-15T23:06:55Z,Sun,6,Đ. Ngô Thì Nhậm,Phường Hòa Minh,16.071259,108.156865,2,40.0,34,40,0.85,229,194,FRC4,0.986958,False
2026-08-16 06:06:55,2026-08-15T23:06:55Z,Sun,6,Ngô Tử Hạ,Phường Hòa An,16.043478,108.178278,2,55.0,52,52,1.0,1328,1328,FRC1,1,False
2026-08-16 06:06:55,2026-08-15T23:06:55Z,Sun,6,"Kiệt 818 Trần Cao Vân, tổ 20 P.Thanh Khê",Phường Thanh Khê Đông,16.069731,108.184158,2,90.0,28,35,0.8,646,517,FRC4,0.953321,False
2026-08-16 06:06:55,2026-08-15T23:06:55Z,Sun,6,Hẻm 45 Đường An Mỹ 08 (Hem 45 Duong An M,Phường An Hải Tây,16.06394,108.23185,2,10.0,32,32,1.0,73,73,FRC3,1,False
2026-08-16 06:36:55,2026-08-15T23:36:55Z,Sun,6,15 Đường Quang Trung,Phường Hải Châu,16.075051,108.222198,5,12.0,26,34,0.765,696,532,FRC4,0.975367,False
2026-08-16 06:36:55,2026-08-15T23:36:55Z,Sun,6,Phần Lăng 1,Phường Hòa Cường Bắc,16.054171,108.188345,5,49.2,25,30,0.833,306,255,FRC4,0.667516,False
2026-08-16 06:36:55,2026-08-15T23:36:55Z,Sun,6,24 Đường Trần Phú,Phường Thạch Thang,16.077081,108.223023,5,12.0,37,37,1.0,288,288,FRC4,1,False
2026-08-16 06:36:55,2026-08-15T23:36:55Z,Sun,6,2 Đường Lý Thái Tổ (Duong Ly Thai To),Phường Thạc Gián,16.066432,108.209833,4,64.6,30,39,0.769,619,476,FRC1,0.983802,False
2026-08-16 06:36:55,2026-08-15T23:36:55Z,Sun,6,100 Đường Trần Phú,Phường Hải Châu 1,16.06907,108.22398,4,46.5,33,33,1.0,257,257,FRC4,1,False
2026-08-16 06:36:55,2026-08-15T23:36:55Z,Sun,6,Ngã tư Bắc Sơn – Trần Văn Ơn (Khu vực gi,Phường Hòa An,16.054638,108.176766,3,96.9,27,36,0.75,377,282,FRC4,0.97,False
2026-08-16 06:36:55,2026-08-15T23:36:55Z,Sun,6,40 Đường Trần Phú,Phường Hải Châu I,16.071757,108.224725,3,59.6,27,27,1.0,14,14,FRC4,1,False
2026-08-16 06:36:55,2026-08-15T23:36:55Z,Sun,6,Bàu Làng,Phường Thanh Khê Đông,16.070435,108.185778,3,49.0,26,34,0.765,696,532,FRC4,0.975367,False
2026-08-16 06:36:55,2026-08-15T23:36:55Z,Sun,6,Huỳnh Ngọc Huệ,Phường Hòa Khê,16.061159,108.185345,3,81.0,19,27,0.704,421,296,FRC4,0.882129,False
2026-08-16 06:36:55,2026-08-15T23:36:55Z,Sun,6,"Hàm Nghi, tổ 36 P.Vĩnh Trung (số 87 - 16",Phường Thạc Gián,16.061954,108.210494,2,93.1,40,40,1.0,1770,1770,FRC2,1,False
2026-08-16 06:36:55,2026-08-15T23:36:55Z,Sun,6,Đường Bắc Sơn (Từ số nhà 02 đến số nhà 9,Phường Hòa An,16.059092,108.175051,2,105.7,34,46,0.739,1176,869,FRC1,1,False
2026-08-16 06:36:55,2026-08-15T23:36:55Z,Sun,6,Lê Thanh Nghị,Phường Hòa Cường Nam,16.035861,108.218057,2,19.2,28,37,0.757,208,157,FRC4,1,False
2026-08-16 06:36:55,2026-08-15T23:36:55Z,Sun,6,50 Đường Hoàng Hoa Thám,Phường Tam Thuận,16.069332,108.209716,2,45.0,23,36,0.639,424,271,FRC4,1,False
2026-08-16 06:36:55,2026-08-15T23:36:55Z,Sun,6,Đường Cầm Bá Thước (Toàn bộ tuyến đường),Phường Hòa Cường Bắc,16.042987,108.212774,2,52.0,39,46,0.848,948,803,FRC4,1,False
2026-08-16 06:36:55,2026-08-15T23:36:55Z,Sun,6,Hà Huy Tập,Phường Hòa Khê,16.05858,108.184255,2,64.0,25,30,0.833,306,255,FRC4,0.667516,False
2026-08-16 06:36:55,2026-08-15T23:36:55Z,Sun,6,Kiệt 179 Nguyễn Văn Linh (Toàn bộ kiệt),Phường Nam Dương,16.060362,108.214005,2,65.0,40,40,1.0,1770,1770,FRC2,1,False
2026-08-16 06:36:55,2026-08-15T23:36:55Z,Sun,6,67 Đường Tố Hữu,Phường Hòa Cường Nam,16.034478,108.219218,2,10.0,28,37,0.757,208,157,FRC4,1,False
2026-08-16 06:36:55,2026-08-15T23:36:55Z,Sun,6,Ngã tư Lê Thạch – Cao Sơn Pháo (Khu vực ,Phường Hòa Minh,16.057221,108.172134,2,53.3,34,46,0.739,1176,869,FRC1,1,False
2026-08-16 06:36:55,2026-08-15T23:36:55Z,Sun,6,Đường Hải Hồ,Phường Thanh Bình,16.081622,108.216037,2,36.7,26,35,0.743,345,256,FRC3,0.99,False
2026-08-16 06:36:55,2026-08-15T23:36:55Z,Sun,6,Kiệt 640 Trưng Nữ Vương (Toàn bộ kiệt),Phường Hòa Cường Bắc,16.04386,108.207734,2,70.0,47,47,1.0,786,786,FRC4,1,False
2026-08-16 06:36:55,2026-08-15T23:36:55Z,Sun,6,20 Đường Lê Quý Đôn,Phường Bình Hiên,16.055828,108.22107,2,51.7,19,29,0.655,220,144,FRC4,0.742719,False
2026-08-16 06:36:55,2026-08-15T23:36:55Z,Sun,6,Đống Đa,Phường Thanh Bình,16.078364,108.216795,2,10.0,26,35,0.743,345,256,FRC3,0.99,False
2026-08-16 06:36:55,2026-08-15T23:36:55Z,Sun,6,Quận Liên Chiểu,Phường Hòa Minh,16.06738,108.166799,2,55.0,41,41,1.0,199,199,FRC4,1,False
2026-08-16 06:36:55,2026-08-15T23:36:55Z,Sun,6,Núi Thành,Phường Hòa Cường Nam,16.036737,108.222882,2,17.5,26,33,0.788,338,266,FRC4,0.969265,False
2026-08-16 06:36:55,2026-08-15T23:36:55Z,Sun,6,"Ngã 3 Phạm Văn Nghị - Đào Duy Anh, phườn",Phường Thạc Gián,16.05869,108.209048,2,40.0,31,38,0.816,1440,1175,FRC4,1,False
2026-08-16 06:36:55,2026-08-15T23:36:55Z,Sun,6,Quận Sơn Trà,Phường Thọ Quang,16.104352,108.253997,2,26.5,45,45,1.0,1365,1365,FRC3,1,False
2026-08-16 06:36:55,2026-08-15T23:36:55Z,Sun,6,Quang Trung - Đống Đa (Đoạn ngã 4),Phường Thanh Bình,16.073419,108.213994,2,105.5,37,37,1.0,288,288,FRC4,1,False
2026-08-16 06:36:55,2026-08-15T23:36:55Z,Sun,6,Trưng Nữ Vương,Phường Hòa Thuận Tây,16.044318,108.206417,2,25.0,47,47,1.0,786,786,FRC4,1,False
2026-08-16 06:36:55,2026-08-15T23:36:55Z,Sun,6,Đ. Ngô Thì Nhậm,Phường Hòa Minh,16.071259,108.156865,2,40.0,40,40,1.0,194,194,FRC4,1,False
2026-08-16 06:36:55,2026-08-15T23:36:55Z,Sun,6,Ngô Tử Hạ,Phường Hòa An,16.043478,108.178278,2,55.0,43,51,0.843,1606,1354,FRC1,1,False
2026-08-16 06:36:55,2026-08-15T23:36:55Z,Sun,6,"Kiệt 818 Trần Cao Vân, tổ 20 P.Thanh Khê",Phường Thanh Khê Đông,16.069731,108.184158,2,90.0,29,34,0.853,624,532,FRC4,0.974514,False
2026-08-16 06:36:55,2026-08-15T23:36:55Z,Sun,6,Hẻm 45 Đường An Mỹ 08 (Hem 45 Duong An M,Phường An Hải Tây,16.06394,108.23185,2,10.0,18,31,0.581,130,76,FRC3,0.890291,False
2026-08-16 07:06:55,2026-08-16T00:06:55Z,Sun,7,15 Đường Quang Trung,Phường Hải Châu,16.075051,108.222198,5,12.0,27,33,0.818,670,548,FRC4,0.990917,False
2026-08-16 07:06:55,2026-08-16T00:06:55Z,Sun,7,Phần Lăng 1,Phường Hòa Cường Bắc,16.054171,108.188345,5,49.2,24,30,0.8,318,255,FRC4,0.84,False
2026-08-16 07:06:55,2026-08-16T00:06:55Z,Sun,7,24 Đường Trần Phú,Phường Thạch Thang,16.077081,108.223023,5,12.0,30,37,0.811,355,288,FRC4,0.993976,False
2026-08-16 07:06:55,2026-08-16T00:06:55Z,Sun,7,2 Đường Lý Thái Tổ (Duong Ly Thai To),Phường Thạc Gián,16.066432,108.209833,4,64.6,28,39,0.718,663,476,FRC1,0.985517,False
2026-08-16 07:06:55,2026-08-16T00:06:55Z,Sun,7,100 Đường Trần Phú,Phường Hải Châu 1,16.06907,108.22398,4,46.5,19,32,0.594,447,265,FRC4,0.995112,False
2026-08-16 07:06:55,2026-08-16T00:06:55Z,Sun,7,Ngã tư Bắc Sơn – Trần Văn Ơn (Khu vực gi,Phường Hòa An,16.054638,108.176766,3,96.9,27,36,0.75,377,282,FRC4,0.97,False
2026-08-16 07:06:55,2026-08-16T00:06:55Z,Sun,7,40 Đường Trần Phú,Phường Hải Châu I,16.071757,108.224725,3,59.6,27,27,1.0,14,14,FRC4,1,False
2026-08-16 07:06:55,2026-08-16T00:06:55Z,Sun,7,Bàu Làng,Phường Thanh Khê Đông,16.070435,108.185778,3,49.0,28,33,0.848,646,548,FRC4,0.992774,False
2026-08-16 07:06:55,2026-08-16T00:06:55Z,Sun,7,Huỳnh Ngọc Huệ,Phường Hòa Khê,16.061159,108.185345,3,81.0,18,27,0.667,445,296,FRC4,0.873969,False
2026-08-16 07:06:55,2026-08-16T00:06:55Z,Sun,7,"Hàm Nghi, tổ 36 P.Vĩnh Trung (số 87 - 16",Phường Thạc Gián,16.061954,108.210494,2,93.1,33,41,0.805,2146,1727,FRC2,0.997659,False
2026-08-16 07:06:55,2026-08-16T00:06:55Z,Sun,7,Đường Bắc Sơn (Từ số nhà 02 đến số nhà 9,Phường Hòa An,16.059092,108.175051,2,105.7,32,46,0.696,1249,869,FRC1,1,False
2026-08-16 07:06:55,2026-08-16T00:06:55Z,Sun,7,Lê Thanh Nghị,Phường Hòa Cường Nam,16.035861,108.218057,2,19.2,25,37,0.676,233,157,FRC4,1,False
2026-08-16 07:06:55,2026-08-16T00:06:55Z,Sun,7,50 Đường Hoàng Hoa Thám,Phường Tam Thuận,16.069332,108.209716,2,45.0,27,37,0.73,361,263,FRC4,1,False
2026-08-16 07:06:55,2026-08-16T00:06:55Z,Sun,7,Đường Cầm Bá Thước (Toàn bộ tuyến đường),Phường Hòa Cường Bắc,16.042987,108.212774,2,52.0,47,47,1.0,786,786,FRC4,1,False
2026-08-16 07:06:55,2026-08-16T00:06:55Z,Sun,7,Hà Huy Tập,Phường Hòa Khê,16.05858,108.184255,2,64.0,24,30,0.8,318,255,FRC4,0.84,False
2026-08-16 07:06:55,2026-08-16T00:06:55Z,Sun,7,Kiệt 179 Nguyễn Văn Linh (Toàn bộ kiệt),Phường Nam Dương,16.060362,108.214005,2,65.0,33,41,0.805,2146,1727,FRC2,0.997659,False
2026-08-16 07:06:55,2026-08-16T00:06:55Z,Sun,7,67 Đường Tố Hữu,Phường Hòa Cường Nam,16.034478,108.219218,2,10.0,25,37,0.676,233,157,FRC4,1,False
2026-08-16 07:06:55,2026-08-16T00:06:55Z,Sun,7,Ngã tư Lê Thạch – Cao Sơn Pháo (Khu vực ,Phường Hòa Minh,16.057221,108.172134,2,53.3,32,46,0.696,1249,869,FRC1,1,False
2026-08-16 07:06:55,2026-08-16T00:06:55Z,Sun,7,Đường Hải Hồ,Phường Thanh Bình,16.081622,108.216037,2,36.7,36,36,1.0,249,249,FRC3,1,False
2026-08-16 07:06:55,2026-08-16T00:06:55Z,Sun,7,Kiệt 640 Trưng Nữ Vương (Toàn bộ kiệt),Phường Hòa Cường Bắc,16.04386,108.207734,2,70.0,39,47,0.83,948,786,FRC4,1,False
2026-08-16 07:06:55,2026-08-16T00:06:55Z,Sun,7,20 Đường Lê Quý Đôn,Phường Bình Hiên,16.055828,108.22107,2,51.7,23,28,0.821,181,149,FRC4,0.833853,False
2026-08-16 07:06:55,2026-08-16T00:06:55Z,Sun,7,Đống Đa,Phường Thanh Bình,16.078364,108.216795,2,10.0,36,36,1.0,249,249,FRC3,1,False
2026-08-16 07:06:55,2026-08-16T00:06:55Z,Sun,7,Quận Liên Chiểu,Phường Hòa Minh,16.06738,108.166799,2,55.0,34,40,0.85,240,204,FRC4,1,False
2026-08-16 07:06:55,2026-08-16T00:06:55Z,Sun,7,Núi Thành,Phường Hòa Cường Nam,16.036737,108.222882,2,17.5,26,33,0.788,338,266,FRC4,1,False
2026-08-16 07:06:55,2026-08-16T00:06:55Z,Sun,7,"Ngã 3 Phạm Văn Nghị - Đào Duy Anh, phườn",Phường Thạc Gián,16.05869,108.209048,2,40.0,31,38,0.816,1440,1175,FRC4,1,False
2026-08-16 07:06:55,2026-08-16T00:06:55Z,Sun,7,Quận Sơn Trà,Phường Thọ Quang,16.104352,108.253997,2,26.5,45,45,1.0,1365,1365,FRC3,1,False
2026-08-16 07:06:55,2026-08-16T00:06:55Z,Sun,7,Quang Trung - Đống Đa (Đoạn ngã 4),Phường Thanh Bình,16.073419,108.213994,2,105.5,28,36,0.778,381,296,FRC4,0.993258,False
2026-08-16 07:06:55,2026-08-16T00:06:55Z,Sun,7,Trưng Nữ Vương,Phường Hòa Thuận Tây,16.044318,108.206417,2,25.0,39,47,0.83,948,786,FRC4,1,False
2026-08-16 07:06:55,2026-08-16T00:06:55Z,Sun,7,Đ. Ngô Thì Nhậm,Phường Hòa Minh,16.071259,108.156865,2,40.0,29,40,0.725,268,194,FRC4,0.994874,False
2026-08-16 07:06:55,2026-08-16T00:06:55Z,Sun,7,Ngô Tử Hạ,Phường Hòa An,16.043478,108.178278,2,55.0,52,52,1.0,1328,1328,FRC1,1,False
2026-08-16 07:06:55,2026-08-16T00:06:55Z,Sun,7,"Kiệt 818 Trần Cao Vân, tổ 20 P.Thanh Khê",Phường Thanh Khê Đông,16.069731,108.184158,2,90.0,25,34,0.735,724,532,FRC4,0.99,False
2026-08-16 07:06:55,2026-08-16T00:06:55Z,Sun,7,Hẻm 45 Đường An Mỹ 08 (Hem 45 Duong An M,Phường An Hải Tây,16.06394,108.23185,2,10.0,32,32,1.0,73,73,FRC3,1,False
2026-08-16 07:36:55,2026-08-16T00:36:55Z,Sun,7,15 Đường Quang Trung,Phường Hải Châu,16.075051,108.222198,5,12.0,21,33,0.636,862,548,FRC4,0.99,False
2026-08-16 07:36:55,2026-08-16T00:36:55Z,Sun,7,Phần Lăng 1,Phường Hòa Cường Bắc,16.054171,108.188345,5,49.2,31,31,1.0,246,246,FRC4,1,False
2026-08-16 07:36:55,2026-08-16T00:36:55Z,Sun,7,24 Đường Trần Phú,Phường Thạch Thang,16.077081,108.223023,5,12.0,27,36,0.75,395,296,FRC4,1,False
2026-08-16 07:36:55,2026-08-16T00:36:55Z,Sun,7,2 Đường Lý Thái Tổ (Duong Ly Thai To),Phường Thạc Gián,16.066432,108.209833,4,64.6,27,38,0.711,688,488,FRC1,0.990275,False
2026-08-16 07:36:55,2026-08-16T00:36:55Z,Sun,7,100 Đường Trần Phú,Phường Hải Châu 1,16.06907,108.22398,4,46.5,20,33,0.606,425,257,FRC4,0.998522,False
2026-08-16 07:36:55,2026-08-16T00:36:55Z,Sun,7,Ngã tư Bắc Sơn – Trần Văn Ơn (Khu vực gi,Phường Hòa An,16.054638,108.176766,3,96.9,22,35,0.629,462,290,FRC4,0.978891,False
2026-08-16 07:36:55,2026-08-16T00:36:55Z,Sun,7,40 Đường Trần Phú,Phường Hải Châu I,16.071757,108.224725,3,59.6,27,27,1.0,14,14,FRC4,1,False
2026-08-16 07:36:55,2026-08-16T00:36:55Z,Sun,7,Bàu Làng,Phường Thanh Khê Đông,16.070435,108.185778,3,49.0,21,33,0.636,862,548,FRC4,0.99,False
2026-08-16 07:36:55,2026-08-16T00:36:55Z,Sun,7,Huỳnh Ngọc Huệ,Phường Hòa Khê,16.061159,108.185345,3,81.0,18,27,0.667,445,296,FRC4,0.940019,False
2026-08-16 07:36:55,2026-08-16T00:36:55Z,Sun,7,"Hàm Nghi, tổ 36 P.Vĩnh Trung (số 87 - 16",Phường Thạc Gián,16.061954,108.210494,2,93.1,33,41,0.805,2146,1727,FRC2,0.997808,False
2026-08-16 07:36:55,2026-08-16T00:36:55Z,Sun,7,Đường Bắc Sơn (Từ số nhà 02 đến số nhà 9,Phường Hòa An,16.059092,108.175051,2,105.7,31,47,0.66,1289,850,FRC1,1,False
2026-08-16 07:36:55,2026-08-16T00:36:55Z,Sun,7,Lê Thanh Nghị,Phường Hòa Cường Nam,16.035861,108.218057,2,19.2,23,36,0.639,253,162,FRC4,1,False
2026-08-16 07:36:55,2026-08-16T00:36:55Z,Sun,7,50 Đường Hoàng Hoa Thám,Phường Tam Thuận,16.069332,108.209716,2,45.0,24,37,0.649,406,263,FRC4,1,False
2026-08-16 07:36:55,2026-08-16T00:36:55Z,Sun,7,Đường Cầm Bá Thước (Toàn bộ tuyến đường),Phường Hòa Cường Bắc,16.042987,108.212774,2,52.0,38,46,0.826,973,803,FRC4,1,False
2026-08-16 07:36:55,2026-08-16T00:36:55Z,Sun,7,Hà Huy Tập,Phường Hòa Khê,16.05858,108.184255,2,64.0,31,31,1.0,246,246,FRC4,1,False
2026-08-16 07:36:55,2026-08-16T00:36:55Z,Sun,7,Kiệt 179 Nguyễn Văn Linh (Toàn bộ kiệt),Phường Nam Dương,16.060362,108.214005,2,65.0,33,41,0.805,2146,1727,FRC2,0.997808,False
2026-08-16 07:36:55,2026-08-16T00:36:55Z,Sun,7,67 Đường Tố Hữu,Phường Hòa Cường Nam,16.034478,108.219218,2,10.0,23,36,0.639,253,162,FRC4,1,False
2026-08-16 07:36:55,2026-08-16T00:36:55Z,Sun,7,Ngã tư Lê Thạch – Cao Sơn Pháo (Khu vực ,Phường Hòa Minh,16.057221,108.172134,2,53.3,31,47,0.66,1289,850,FRC1,1,False
2026-08-16 07:36:55,2026-08-16T00:36:55Z,Sun,7,Đường Hải Hồ,Phường Thanh Bình,16.081622,108.216037,2,36.7,26,35,0.743,345,256,FRC3,1,False
2026-08-16 07:36:55,2026-08-16T00:36:55Z,Sun,7,Kiệt 640 Trưng Nữ Vương (Toàn bộ kiệt),Phường Hòa Cường Bắc,16.04386,108.207734,2,70.0,37,47,0.787,999,786,FRC4,1,False
2026-08-16 07:36:55,2026-08-16T00:36:55Z,Sun,7,20 Đường Lê Quý Đôn,Phường Bình Hiên,16.055828,108.22107,2,51.7,17,29,0.586,246,144,FRC4,0.942064,False
2026-08-16 07:36:55,2026-08-16T00:36:55Z,Sun,7,Đống Đa,Phường Thanh Bình,16.078364,108.216795,2,10.0,26,35,0.743,345,256,FRC3,1,False
2026-08-16 07:36:55,2026-08-16T00:36:55Z,Sun,7,Quận Liên Chiểu,Phường Hòa Minh,16.06738,108.166799,2,55.0,32,40,0.8,255,204,FRC4,1,False
2026-08-16 07:36:55,2026-08-16T00:36:55Z,Sun,7,Núi Thành,Phường Hòa Cường Nam,16.036737,108.222882,2,17.5,23,33,0.697,382,266,FRC4,1,False
2026-08-16 07:36:55,2026-08-16T00:36:55Z,Sun,7,"Ngã 3 Phạm Văn Nghị - Đào Duy Anh, phườn",Phường Thạc Gián,16.05869,108.209048,2,40.0,29,37,0.784,1540,1207,FRC4,1,False
2026-08-16 07:36:55,2026-08-16T00:36:55Z,Sun,7,Quận Sơn Trà,Phường Thọ Quang,16.104352,108.253997,2,26.5,45,45,1.0,1365,1365,FRC3,1,False
2026-08-16 07:36:55,2026-08-16T00:36:55Z,Sun,7,Quang Trung - Đống Đa (Đoạn ngã 4),Phường Thanh Bình,16.073419,108.213994,2,105.5,28,36,0.778,381,296,FRC4,1,False
2026-08-16 07:36:55,2026-08-16T00:36:55Z,Sun,7,Trưng Nữ Vương,Phường Hòa Thuận Tây,16.044318,108.206417,2,25.0,37,47,0.787,999,786,FRC4,1,False
2026-08-16 07:36:55,2026-08-16T00:36:55Z,Sun,7,Đ. Ngô Thì Nhậm,Phường Hòa Minh,16.071259,108.156865,2,40.0,28,40,0.7,278,194,FRC4,1,False
2026-08-16 07:36:55,2026-08-16T00:36:55Z,Sun,7,Ngô Tử Hạ,Phường Hòa An,16.043478,108.178278,2,55.0,42,51,0.824,1644,1354,FRC1,1,False
2026-08-16 07:36:55,2026-08-16T00:36:55Z,Sun,7,"Kiệt 818 Trần Cao Vân, tổ 20 P.Thanh Khê",Phường Thanh Khê Đông,16.069731,108.184158,2,90.0,23,34,0.676,787,532,FRC4,0.992466,False
2026-08-16 07:36:55,2026-08-16T00:36:55Z,Sun,7,Hẻm 45 Đường An Mỹ 08 (Hem 45 Duong An M,Phường An Hải Tây,16.06394,108.23185,2,10.0,19,33,0.576,124,71,FRC3,0.943942,False
2026-08-16 08:06:55,2026-08-16T01:06:55Z,Sun,8,15 Đường Quang Trung,Phường Hải Châu,16.075051,108.222198,5,12.0,22,33,0.667,822,548,FRC4,1,False
2026-08-16 08:06:55,2026-08-16T01:06:55Z,Sun,8,Phần Lăng 1,Phường Hòa Cường Bắc,16.054171,108.188345,5,49.2,22,30,0.733,347,255,FRC4,0.893859,False
2026-08-16 08:06:55,2026-08-16T01:06:55Z,Sun,8,24 Đường Trần Phú,Phường Thạch Thang,16.077081,108.223023,5,12.0,25,36,0.694,426,296,FRC4,1,False
2026-08-16 08:06:55,2026-08-16T01:06:55Z,Sun,8,2 Đường Lý Thái Tổ (Duong Ly Thai To),Phường Thạc Gián,16.066432,108.209833,4,64.6,26,38,0.684,714,488,FRC1,0.988531,False
2026-08-16 08:06:55,2026-08-16T01:06:55Z,Sun,8,100 Đường Trần Phú,Phường Hải Châu 1,16.06907,108.22398,4,46.5,20,33,0.606,425,257,FRC4,1,False
2026-08-16 08:06:55,2026-08-16T01:06:55Z,Sun,8,Ngã tư Bắc Sơn – Trần Văn Ơn (Khu vực gi,Phường Hòa An,16.054638,108.176766,3,96.9,21,36,0.583,484,282,FRC4,0.976961,False
2026-08-16 08:06:55,2026-08-16T01:06:55Z,Sun,8,40 Đường Trần Phú,Phường Hải Châu I,16.071757,108.224725,3,59.6,27,27,1.0,14,14,FRC4,1,False
2026-08-16 08:06:55,2026-08-16T01:06:55Z,Sun,8,Bàu Làng,Phường Thanh Khê Đông,16.070435,108.185778,3,49.0,22,33,0.667,822,548,FRC4,1,False
2026-08-16 08:06:55,2026-08-16T01:06:55Z,Sun,8,Huỳnh Ngọc Huệ,Phường Hòa Khê,16.061159,108.185345,3,81.0,17,28,0.607,471,286,FRC4,0.92,False
2026-08-16 08:06:55,2026-08-16T01:06:55Z,Sun,8,"Hàm Nghi, tổ 36 P.Vĩnh Trung (số 87 - 16",Phường Thạc Gián,16.061954,108.210494,2,93.1,32,41,0.78,2213,1727,FRC2,0.999761,False
2026-08-16 08:06:55,2026-08-16T01:06:55Z,Sun,8,Đường Bắc Sơn (Từ số nhà 02 đến số nhà 9,Phường Hòa An,16.059092,108.175051,2,105.7,29,46,0.63,1378,869,FRC1,1,False
2026-08-16 08:06:55,2026-08-16T01:06:55Z,Sun,8,Lê Thanh Nghị,Phường Hòa Cường Nam,16.035861,108.218057,2,19.2,25,36,0.694,233,162,FRC4,1,False
2026-08-16 08:06:55,2026-08-16T01:06:55Z,Sun,8,50 Đường Hoàng Hoa Thám,Phường Tam Thuận,16.069332,108.209716,2,45.0,22,37,0.595,443,263,FRC4,1,False
2026-08-16 08:06:55,2026-08-16T01:06:55Z,Sun,8,Đường Cầm Bá Thước (Toàn bộ tuyến đường),Phường Hòa Cường Bắc,16.042987,108.212774,2,52.0,36,46,0.783,1027,803,FRC4,1,False
2026-08-16 08:06:55,2026-08-16T01:06:55Z,Sun,8,Hà Huy Tập,Phường Hòa Khê,16.05858,108.184255,2,64.0,22,30,0.733,347,255,FRC4,0.893859,False
2026-08-16 08:06:55,2026-08-16T01:06:55Z,Sun,8,Kiệt 179 Nguyễn Văn Linh (Toàn bộ kiệt),Phường Nam Dương,16.060362,108.214005,2,65.0,32,41,0.78,2213,1727,FRC2,0.999761,False
2026-08-16 08:06:55,2026-08-16T01:06:55Z,Sun,8,67 Đường Tố Hữu,Phường Hòa Cường Nam,16.034478,108.219218,2,10.0,25,36,0.694,233,162,FRC4,1,False
2026-08-16 08:06:55,2026-08-16T01:06:55Z,Sun,8,Ngã tư Lê Thạch – Cao Sơn Pháo (Khu vực ,Phường Hòa Minh,16.057221,108.172134,2,53.3,29,46,0.63,1378,869,FRC1,1,False
2026-08-16 08:06:55,2026-08-16T01:06:55Z,Sun,8,Đường Hải Hồ,Phường Thanh Bình,16.081622,108.216037,2,36.7,27,35,0.771,332,256,FRC3,1,False
2026-08-16 08:06:55,2026-08-16T01:06:55Z,Sun,8,Kiệt 640 Trưng Nữ Vương (Toàn bộ kiệt),Phường Hòa Cường Bắc,16.04386,108.207734,2,70.0,39,46,0.848,948,803,FRC4,1,False
2026-08-16 08:06:55,2026-08-16T01:06:55Z,Sun,8,20 Đường Lê Quý Đôn,Phường Bình Hiên,16.055828,108.22107,2,51.7,18,29,0.621,232,144,FRC4,0.912128,False
2026-08-16 08:06:55,2026-08-16T01:06:55Z,Sun,8,Đống Đa,Phường Thanh Bình,16.078364,108.216795,2,10.0,27,35,0.771,332,256,FRC3,1,False
2026-08-16 08:06:55,2026-08-16T01:06:55Z,Sun,8,Quận Liên Chiểu,Phường Hòa Minh,16.06738,108.166799,2,55.0,33,40,0.825,247,204,FRC4,1,False
2026-08-16 08:06:55,2026-08-16T01:06:55Z,Sun,8,Núi Thành,Phường Hòa Cường Nam,16.036737,108.222882,2,17.5,25,33,0.758,351,266,FRC4,1,False
2026-08-16 08:06:55,2026-08-16T01:06:55Z,Sun,8,"Ngã 3 Phạm Văn Nghị - Đào Duy Anh, phườn",Phường Thạc Gián,16.05869,108.209048,2,40.0,28,38,0.737,1595,1175,FRC4,1,False
2026-08-16 08:06:55,2026-08-16T01:06:55Z,Sun,8,Quận Sơn Trà,Phường Thọ Quang,16.104352,108.253997,2,26.5,45,45,1.0,1365,1365,FRC3,1,False
2026-08-16 08:06:55,2026-08-16T01:06:55Z,Sun,8,Quang Trung - Đống Đa (Đoạn ngã 4),Phường Thanh Bình,16.073419,108.213994,2,105.5,26,36,0.722,410,296,FRC4,0.996364,False
2026-08-16 08:06:55,2026-08-16T01:06:55Z,Sun,8,Trưng Nữ Vương,Phường Hòa Thuận Tây,16.044318,108.206417,2,25.0,39,46,0.848,948,803,FRC4,1,False
2026-08-16 08:06:55,2026-08-16T01:06:55Z,Sun,8,Đ. Ngô Thì Nhậm,Phường Hòa Minh,16.071259,108.156865,2,40.0,32,39,0.821,243,199,FRC4,1,False
2026-08-16 08:06:55,2026-08-16T01:06:55Z,Sun,8,Ngô Tử Hạ,Phường Hòa An,16.043478,108.178278,2,55.0,42,51,0.824,1644,1354,FRC1,1,False
2026-08-16 08:06:55,2026-08-16T01:06:55Z,Sun,8,"Kiệt 818 Trần Cao Vân, tổ 20 P.Thanh Khê",Phường Thanh Khê Đông,16.069731,108.184158,2,90.0,22,34,0.647,822,532,FRC4,1,False
2026-08-16 08:06:55,2026-08-16T01:06:55Z,Sun,8,Hẻm 45 Đường An Mỹ 08 (Hem 45 Duong An M,Phường An Hải Tây,16.06394,108.23185,2,10.0,23,33,0.697,102,71,FRC3,0.805979,False
2026-08-16 08:36:55,2026-08-16T01:36:55Z,Sun,8,15 Đường Quang Trung,Phường Hải Châu,16.075051,108.222198,5,12.0,21,34,0.618,862,532,FRC4,0.997574,False
2026-08-16 08:36:55,2026-08-16T01:36:55Z,Sun,8,Phần Lăng 1,Phường Hòa Cường Bắc,16.054171,108.188345,5,49.2,23,30,0.767,332,255,FRC4,0.828438,False
2026-08-16 08:36:55,2026-08-16T01:36:55Z,Sun,8,24 Đường Trần Phú,Phường Thạch Thang,16.077081,108.223023,5,12.0,26,36,0.722,410,296,FRC4,1,False
2026-08-16 08:36:55,2026-08-16T01:36:55Z,Sun,8,2 Đường Lý Thái Tổ (Duong Ly Thai To),Phường Thạc Gián,16.066432,108.209833,4,64.6,25,39,0.641,743,476,FRC1,0.996727,False
2026-08-16 08:36:55,2026-08-16T01:36:55Z,Sun,8,100 Đường Trần Phú,Phường Hải Châu 1,16.06907,108.22398,4,46.5,18,32,0.562,472,265,FRC4,1,False
2026-08-16 08:36:55,2026-08-16T01:36:55Z,Sun,8,Ngã tư Bắc Sơn – Trần Văn Ơn (Khu vực gi,Phường Hòa An,16.054638,108.176766,3,96.9,23,35,0.657,442,290,FRC4,0.99,False
2026-08-16 08:36:55,2026-08-16T01:36:55Z,Sun,8,40 Đường Trần Phú,Phường Hải Châu I,16.071757,108.224725,3,59.6,27,27,1.0,14,14,FRC4,1,False
2026-08-16 08:36:55,2026-08-16T01:36:55Z,Sun,8,Bàu Làng,Phường Thanh Khê Đông,16.070435,108.185778,3,49.0,21,34,0.618,862,532,FRC4,0.997574,False
2026-08-16 08:36:55,2026-08-16T01:36:55Z,Sun,8,Huỳnh Ngọc Huệ,Phường Hòa Khê,16.061159,108.185345,3,81.0,15,27,0.556,534,296,FRC4,0.95116,False
2026-08-16 08:36:55,2026-08-16T01:36:55Z,Sun,8,"Hàm Nghi, tổ 36 P.Vĩnh Trung (số 87 - 16",Phường Thạc Gián,16.061954,108.210494,2,93.1,32,41,0.78,2213,1727,FRC2,1,False
2026-08-16 08:36:55,2026-08-16T01:36:55Z,Sun,8,Đường Bắc Sơn (Từ số nhà 02 đến số nhà 9,Phường Hòa An,16.059092,108.175051,2,105.7,29,46,0.63,1378,869,FRC1,1,False
2026-08-16 08:36:55,2026-08-16T01:36:55Z,Sun,8,Lê Thanh Nghị,Phường Hòa Cường Nam,16.035861,108.218057,2,19.2,25,36,0.694,233,162,FRC4,1,False
2026-08-16 08:36:55,2026-08-16T01:36:55Z,Sun,8,50 Đường Hoàng Hoa Thám,Phường Tam Thuận,16.069332,108.209716,2,45.0,24,37,0.649,406,263,FRC4,1,False
2026-08-16 08:36:55,2026-08-16T01:36:55Z,Sun,8,Đường Cầm Bá Thước (Toàn bộ tuyến đường),Phường Hòa Cường Bắc,16.042987,108.212774,2,52.0,38,47,0.809,973,786,FRC4,1,False
2026-08-16 08:36:55,2026-08-16T01:36:55Z,Sun,8,Hà Huy Tập,Phường Hòa Khê,16.05858,108.184255,2,64.0,23,30,0.767,332,255,FRC4,0.828438,False
2026-08-16 08:36:55,2026-08-16T01:36:55Z,Sun,8,Kiệt 179 Nguyễn Văn Linh (Toàn bộ kiệt),Phường Nam Dương,16.060362,108.214005,2,65.0,32,41,0.78,2213,1727,FRC2,1,False
2026-08-16 08:36:55,2026-08-16T01:36:55Z,Sun,8,67 Đường Tố Hữu,Phường Hòa Cường Nam,16.034478,108.219218,2,10.0,25,36,0.694,233,162,FRC4,1,False
2026-08-16 08:36:55,2026-08-16T01:36:55Z,Sun,8,Ngã tư Lê Thạch – Cao Sơn Pháo (Khu vực ,Phường Hòa Minh,16.057221,108.172134,2,53.3,29,46,0.63,1378,869,FRC1,1,False
2026-08-16 08:36:55,2026-08-16T01:36:55Z,Sun,8,Đường Hải Hồ,Phường Thanh Bình,16.081622,108.216037,2,36.7,24,35,0.686,374,256,FRC3,1,False
2026-08-16 08:36:55,2026-08-16T01:36:55Z,Sun,8,Kiệt 640 Trưng Nữ Vương (Toàn bộ kiệt),Phường Hòa Cường Bắc,16.04386,108.207734,2,70.0,38,46,0.826,973,803,FRC4,1,False
2026-08-16 08:36:55,2026-08-16T01:36:55Z,Sun,8,20 Đường Lê Quý Đôn,Phường Bình Hiên,16.055828,108.22107,2,51.7,12,29,0.414,348,144,FRC4,0.938965,False
2026-08-16 08:36:55,2026-08-16T01:36:55Z,Sun,8,Đống Đa,Phường Thanh Bình,16.078364,108.216795,2,10.0,24,35,0.686,374,256,FRC3,1,False
2026-08-16 08:36:55,2026-08-16T01:36:55Z,Sun,8,Quận Liên Chiểu,Phường Hòa Minh,16.06738,108.166799,2,55.0,33,41,0.805,247,199,FRC4,1,False
2026-08-16 08:36:55,2026-08-16T01:36:55Z,Sun,8,Núi Thành,Phường Hòa Cường Nam,16.036737,108.222882,2,17.5,23,32,0.719,382,274,FRC4,1,False
2026-08-16 08:36:55,2026-08-16T01:36:55Z,Sun,8,"Ngã 3 Phạm Văn Nghị - Đào Duy Anh, phườn",Phường Thạc Gián,16.05869,108.209048,2,40.0,29,38,0.763,1540,1175,FRC4,1,False
2026-08-16 08:36:55,2026-08-16T01:36:55Z,Sun,8,Quận Sơn Trà,Phường Thọ Quang,16.104352,108.253997,2,26.5,45,45,1.0,1365,1365,FRC3,1,False
2026-08-16 08:36:55,2026-08-16T01:36:55Z,Sun,8,Quang Trung - Đống Đa (Đoạn ngã 4),Phường Thanh Bình,16.073419,108.213994,2,105.5,24,36,0.667,444,296,FRC4,1,False
2026-08-16 08:36:55,2026-08-16T01:36:55Z,Sun,8,Trưng Nữ Vương,Phường Hòa Thuận Tây,16.044318,108.206417,2,25.0,39,47,0.83,948,786,FRC4,1,False
2026-08-16 08:36:55,2026-08-16T01:36:55Z,Sun,8,Đ. Ngô Thì Nhậm,Phường Hòa Minh,16.071259,108.156865,2,40.0,29,39,0.744,268,199,FRC4,1,False
2026-08-16 08:36:55,2026-08-16T01:36:55Z,Sun,8,Ngô Tử Hạ,Phường Hòa An,16.043478,108.178278,2,55.0,40,51,0.784,1726,1354,FRC1,1,False
2026-08-16 08:36:55,2026-08-16T01:36:55Z,Sun,8,"Kiệt 818 Trần Cao Vân, tổ 20 P.Thanh Khê",Phường Thanh Khê Đông,16.069731,108.184158,2,90.0,24,35,0.686,754,517,FRC4,1,False
2026-08-16 08:36:55,2026-08-16T01:36:55Z,Sun,8,Hẻm 45 Đường An Mỹ 08 (Hem 45 Duong An M,Phường An Hải Tây,16.06394,108.23185,2,10.0,32,32,1.0,73,73,FRC3,1,False
2026-08-16 09:06:55,2026-08-16T02:06:55Z,Sun,9,15 Đường Quang Trung,Phường Hải Châu,16.075051,108.222198,5,12.0,22,33,0.667,822,548,FRC4,1,False
2026-08-16 09:06:55,2026-08-16T02:06:55Z,Sun,9,Phần Lăng 1,Phường Hòa Cường Bắc,16.054171,108.188345,5,49.2,18,30,0.6,425,255,FRC4,0.933745,False
2026-08-16 09:06:55,2026-08-16T02:06:55Z,Sun,9,24 Đường Trần Phú,Phường Thạch Thang,16.077081,108.223023,5,12.0,24,36,0.667,444,296,FRC4,1,False
2026-08-16 09:06:55,2026-08-16T02:06:55Z,Sun,9,2 Đường Lý Thái Tổ (Duong Ly Thai To),Phường Thạc Gián,16.066432,108.209833,4,64.6,24,38,0.632,774,488,FRC1,0.997076,False
2026-08-16 09:06:55,2026-08-16T02:06:55Z,Sun,9,100 Đường Trần Phú,Phường Hải Châu 1,16.06907,108.22398,4,46.5,14,33,0.424,607,257,FRC4,1,False
2026-08-16 09:06:55,2026-08-16T02:06:55Z,Sun,9,Ngã tư Bắc Sơn – Trần Văn Ơn (Khu vực gi,Phường Hòa An,16.054638,108.176766,3,96.9,19,35,0.543,535,290,FRC4,0.975395,False
2026-08-16 09:06:55,2026-08-16T02:06:55Z,Sun,9,40 Đường Trần Phú,Phường Hải Châu I,16.071757,108.224725,3,59.6,20,27,0.741,19,14,FRC4,0.94,False
2026-08-16 09:06:55,2026-08-16T02:06:55Z,Sun,9,Bàu Làng,Phường Thanh Khê Đông,16.070435,108.185778,3,49.0,22,33,0.667,822,548,FRC4,1,False
2026-08-16 09:06:55,2026-08-16T02:06:55Z,Sun,9,Huỳnh Ngọc Huệ,Phường Hòa Khê,16.061159,108.185345,3,81.0,17,27,0.63,471,296,FRC4,0.938595,False
2026-08-16 09:06:55,2026-08-16T02:06:55Z,Sun,9,"Hàm Nghi, tổ 36 P.Vĩnh Trung (số 87 - 16",Phường Thạc Gián,16.061954,108.210494,2,93.1,31,41,0.756,2284,1727,FRC2,1,False
2026-08-16 09:06:55,2026-08-16T02:06:55Z,Sun,9,Đường Bắc Sơn (Từ số nhà 02 đến số nhà 9,Phường Hòa An,16.059092,108.175051,2,105.7,30,47,0.638,1332,850,FRC1,1,False
2026-08-16 09:06:55,2026-08-16T02:06:55Z,Sun,9,Lê Thanh Nghị,Phường Hòa Cường Nam,16.035861,108.218057,2,19.2,25,37,0.676,233,157,FRC4,1,False
2026-08-16 09:06:55,2026-08-16T02:06:55Z,Sun,9,50 Đường Hoàng Hoa Thám,Phường Tam Thuận,16.069332,108.209716,2,45.0,23,36,0.639,424,271,FRC4,1,False
2026-08-16 09:06:55,2026-08-16T02:06:55Z,Sun,9,Đường Cầm Bá Thước (Toàn bộ tuyến đường),Phường Hòa Cường Bắc,16.042987,108.212774,2,52.0,36,47,0.766,1027,786,FRC4,1,False
2026-08-16 09:06:55,2026-08-16T02:06:55Z,Sun,9,Hà Huy Tập,Phường Hòa Khê,16.05858,108.184255,2,64.0,18,30,0.6,425,255,FRC4,0.933745,False
2026-08-16 09:06:55,2026-08-16T02:06:55Z,Sun,9,Kiệt 179 Nguyễn Văn Linh (Toàn bộ kiệt),Phường Nam Dương,16.060362,108.214005,2,65.0,31,41,0.756,2284,1727,FRC2,1,False
2026-08-16 09:06:55,2026-08-16T02:06:55Z,Sun,9,67 Đường Tố Hữu,Phường Hòa Cường Nam,16.034478,108.219218,2,10.0,25,37,0.676,233,157,FRC4,1,False
2026-08-16 09:06:55,2026-08-16T02:06:55Z,Sun,9,Ngã tư Lê Thạch – Cao Sơn Pháo (Khu vực ,Phường Hòa Minh,16.057221,108.172134,2,53.3,30,47,0.638,1332,850,FRC1,1,False
2026-08-16 09:06:55,2026-08-16T02:06:55Z,Sun,9,Đường Hải Hồ,Phường Thanh Bình,16.081622,108.216037,2,36.7,25,35,0.714,359,256,FRC3,1,False
2026-08-16 09:06:55,2026-08-16T02:06:55Z,Sun,9,Kiệt 640 Trưng Nữ Vương (Toàn bộ kiệt),Phường Hòa Cường Bắc,16.04386,108.207734,2,70.0,38,46,0.826,973,803,FRC4,1,False
2026-08-16 09:06:55,2026-08-16T02:06:55Z,Sun,9,20 Đường Lê Quý Đôn,Phường Bình Hiên,16.055828,108.22107,2,51.7,15,28,0.536,278,149,FRC4,0.866405,False
2026-08-16 09:06:55,2026-08-16T02:06:55Z,Sun,9,Đống Đa,Phường Thanh Bình,16.078364,108.216795,2,10.0,24,34,0.706,374,264,FRC3,1,False
2026-08-16 09:06:55,2026-08-16T02:06:55Z,Sun,9,Quận Liên Chiểu,Phường Hòa Minh,16.06738,108.166799,2,55.0,32,40,0.8,255,204,FRC4,1,False
2026-08-16 09:06:55,2026-08-16T02:06:55Z,Sun,9,Núi Thành,Phường Hòa Cường Nam,16.036737,108.222882,2,17.5,23,33,0.697,382,266,FRC4,1,False
2026-08-16 09:06:55,2026-08-16T02:06:55Z,Sun,9,"Ngã 3 Phạm Văn Nghị - Đào Duy Anh, phườn",Phường Thạc Gián,16.05869,108.209048,2,40.0,28,37,0.757,1595,1207,FRC4,1,False
2026-08-16 09:06:55,2026-08-16T02:06:55Z,Sun,9,Quận Sơn Trà,Phường Thọ Quang,16.104352,108.253997,2,26.5,45,45,1.0,1365,1365,FRC3,1,False
2026-08-16 09:06:55,2026-08-16T02:06:55Z,Sun,9,Quang Trung - Đống Đa (Đoạn ngã 4),Phường Thanh Bình,16.073419,108.213994,2,105.5,23,36,0.639,464,296,FRC4,1,False
2026-08-16 09:06:55,2026-08-16T02:06:55Z,Sun,9,Trưng Nữ Vương,Phường Hòa Thuận Tây,16.044318,108.206417,2,25.0,39,47,0.83,948,786,FRC4,1,False
2026-08-16 09:06:55,2026-08-16T02:06:55Z,Sun,9,Đ. Ngô Thì Nhậm,Phường Hòa Minh,16.071259,108.156865,2,40.0,30,40,0.75,259,194,FRC4,1,False
2026-08-16 09:06:55,2026-08-16T02:06:55Z,Sun,9,Ngô Tử Hạ,Phường Hòa An,16.043478,108.178278,2,55.0,41,51,0.804,1684,1354,FRC1,1,False
2026-08-16 09:06:55,2026-08-16T02:06:55Z,Sun,9,"Kiệt 818 Trần Cao Vân, tổ 20 P.Thanh Khê",Phường Thanh Khê Đông,16.069731,108.184158,2,90.0,24,35,0.686,754,517,FRC4,1,False
2026-08-16 09:06:55,2026-08-16T02:06:55Z,Sun,9,Hẻm 45 Đường An Mỹ 08 (Hem 45 Duong An M,Phường An Hải Tây,16.06394,108.23185,2,10.0,20,32,0.625,117,73,FRC3,0.96,False
2026-08-16 09:36:55,2026-08-16T02:36:55Z,Sun,9,15 Đường Quang Trung,Phường Hải Châu,16.075051,108.222198,5,12.0,22,33,0.667,822,548,FRC4,0.999057,False
2026-08-16 09:36:55,2026-08-16T02:36:55Z,Sun,9,Phần Lăng 1,Phường Hòa Cường Bắc,16.054171,108.188345,5,49.2,19,30,0.633,402,255,FRC4,0.85,False
2026-08-16 09:36:55,2026-08-16T02:36:55Z,Sun,9,24 Đường Trần Phú,Phường Thạch Thang,16.077081,108.223023,5,12.0,21,36,0.583,508,296,FRC4,1,False
2026-08-16 09:36:55,2026-08-16T02:36:55Z,Sun,9,2 Đường Lý Thái Tổ (Duong Ly Thai To),Phường Thạc Gián,16.066432,108.209833,4,64.6,22,39,0.564,844,476,FRC1,0.996896,False
2026-08-16 09:36:55,2026-08-16T02:36:55Z,Sun,9,100 Đường Trần Phú,Phường Hải Châu 1,16.06907,108.22398,4,46.5,16,33,0.485,531,257,FRC4,1,False
2026-08-16 09:36:55,2026-08-16T02:36:55Z,Sun,9,Ngã tư Bắc Sơn – Trần Văn Ơn (Khu vực gi,Phường Hòa An,16.054638,108.176766,3,96.9,24,36,0.667,424,282,FRC4,0.987812,False
2026-08-16 09:36:55,2026-08-16T02:36:55Z,Sun,9,40 Đường Trần Phú,Phường Hải Châu I,16.071757,108.224725,3,59.6,27,27,1.0,14,14,FRC4,1,False
2026-08-16 09:36:55,2026-08-16T02:36:55Z,Sun,9,Bàu Làng,Phường Thanh Khê Đông,16.070435,108.185778,3,49.0,22,33,0.667,822,548,FRC4,0.999057,False
2026-08-16 09:36:55,2026-08-16T02:36:55Z,Sun,9,Huỳnh Ngọc Huệ,Phường Hòa Khê,16.061159,108.185345,3,81.0,15,27,0.556,534,296,FRC4,0.932119,False
2026-08-16 09:36:55,2026-08-16T02:36:55Z,Sun,9,"Hàm Nghi, tổ 36 P.Vĩnh Trung (số 87 - 16",Phường Thạc Gián,16.061954,108.210494,2,93.1,31,42,0.738,2284,1686,FRC2,0.999025,False
2026-08-16 09:36:55,2026-08-16T02:36:55Z,Sun,9,Đường Bắc Sơn (Từ số nhà 02 đến số nhà 9,Phường Hòa An,16.059092,108.175051,2,105.7,30,46,0.652,1332,869,FRC1,1,False
2026-08-16 09:36:55,2026-08-16T02:36:55Z,Sun,9,Lê Thanh Nghị,Phường Hòa Cường Nam,16.035861,108.218057,2,19.2,28,36,0.778,208,162,FRC4,1,False
2026-08-16 09:36:55,2026-08-16T02:36:55Z,Sun,9,50 Đường Hoàng Hoa Thám,Phường Tam Thuận,16.069332,108.209716,2,45.0,19,37,0.514,513,263,FRC4,1,False
2026-08-16 09:36:55,2026-08-16T02:36:55Z,Sun,9,Đường Cầm Bá Thước (Toàn bộ tuyến đường),Phường Hòa Cường Bắc,16.042987,108.212774,2,52.0,37,47,0.787,999,786,FRC4,1,False
2026-08-16 09:36:55,2026-08-16T02:36:55Z,Sun,9,Hà Huy Tập,Phường Hòa Khê,16.05858,108.184255,2,64.0,19,30,0.633,402,255,FRC4,0.85,False
2026-08-16 09:36:55,2026-08-16T02:36:55Z,Sun,9,Kiệt 179 Nguyễn Văn Linh (Toàn bộ kiệt),Phường Nam Dương,16.060362,108.214005,2,65.0,31,42,0.738,2284,1686,FRC2,0.999025,False
2026-08-16 09:36:55,2026-08-16T02:36:55Z,Sun,9,67 Đường Tố Hữu,Phường Hòa Cường Nam,16.034478,108.219218,2,10.0,28,36,0.778,208,162,FRC4,1,False
2026-08-16 09:36:55,2026-08-16T02:36:55Z,Sun,9,Ngã tư Lê Thạch – Cao Sơn Pháo (Khu vực ,Phường Hòa Minh,16.057221,108.172134,2,53.3,30,46,0.652,1332,869,FRC1,1,False
2026-08-16 09:36:55,2026-08-16T02:36:55Z,Sun,9,Đường Hải Hồ,Phường Thanh Bình,16.081622,108.216037,2,36.7,25,35,0.714,359,256,FRC3,1,False
2026-08-16 09:36:55,2026-08-16T02:36:55Z,Sun,9,Kiệt 640 Trưng Nữ Vương (Toàn bộ kiệt),Phường Hòa Cường Bắc,16.04386,108.207734,2,70.0,37,46,0.804,999,803,FRC4,1,False
2026-08-16 09:36:55,2026-08-16T02:36:55Z,Sun,9,20 Đường Lê Quý Đôn,Phường Bình Hiên,16.055828,108.22107,2,51.7,15,28,0.536,278,149,FRC4,0.830831,False
2026-08-16 09:36:55,2026-08-16T02:36:55Z,Sun,9,Đống Đa,Phường Thanh Bình,16.078364,108.216795,2,10.0,25,35,0.714,359,256,FRC3,1,False
2026-08-16 09:36:55,2026-08-16T02:36:55Z,Sun,9,Quận Liên Chiểu,Phường Hòa Minh,16.06738,108.166799,2,55.0,33,41,0.805,247,199,FRC4,1,False
2026-08-16 09:36:55,2026-08-16T02:36:55Z,Sun,9,Núi Thành,Phường Hòa Cường Nam,16.036737,108.222882,2,17.5,22,33,0.667,399,266,FRC4,1,False
2026-08-16 09:36:55,2026-08-16T02:36:55Z,Sun,9,"Ngã 3 Phạm Văn Nghị - Đào Duy Anh, phườn",Phường Thạc Gián,16.05869,108.209048,2,40.0,28,37,0.757,1595,1207,FRC4,1,False
2026-08-16 09:36:55,2026-08-16T02:36:55Z,Sun,9,Quận Sơn Trà,Phường Thọ Quang,16.104352,108.253997,2,26.5,45,45,1.0,1365,1365,FRC3,1,False
2026-08-16 09:36:55,2026-08-16T02:36:55Z,Sun,9,Quang Trung - Đống Đa (Đoạn ngã 4),Phường Thanh Bình,16.073419,108.213994,2,105.5,20,36,0.556,533,296,FRC4,1,False
2026-08-16 09:36:55,2026-08-16T02:36:55Z,Sun,9,Trưng Nữ Vương,Phường Hòa Thuận Tây,16.044318,108.206417,2,25.0,37,47,0.787,999,786,FRC4,1,False
2026-08-16 09:36:55,2026-08-16T02:36:55Z,Sun,9,Đ. Ngô Thì Nhậm,Phường Hòa Minh,16.071259,108.156865,2,40.0,28,39,0.718,278,199,FRC4,1,False
2026-08-16 09:36:55,2026-08-16T02:36:55Z,Sun,9,Ngô Tử Hạ,Phường Hòa An,16.043478,108.178278,2,55.0,42,51,0.824,1644,1354,FRC1,1,False
2026-08-16 09:36:55,2026-08-16T02:36:55Z,Sun,9,"Kiệt 818 Trần Cao Vân, tổ 20 P.Thanh Khê",Phường Thanh Khê Đông,16.069731,108.184158,2,90.0,22,34,0.647,822,532,FRC4,1,False
2026-08-16 09:36:55,2026-08-16T02:36:55Z,Sun,9,Hẻm 45 Đường An Mỹ 08 (Hem 45 Duong An M,Phường An Hải Tây,16.06394,108.23185,2,10.0,32,32,1.0,73,73,FRC3,1,False
2026-08-16 10:06:55,2026-08-16T03:06:55Z,Sun,10,15 Đường Quang Trung,Phường Hải Châu,16.075051,108.222198,5,12.0,21,34,0.618,862,532,FRC4,0.998103,False
2026-08-16 10:06:55,2026-08-16T03:06:55Z,Sun,10,Phần Lăng 1,Phường Hòa Cường Bắc,16.054171,108.188345,5,49.2,25,31,0.806,306,246,FRC4,0.9,False
2026-08-16 10:06:55,2026-08-16T03:06:55Z,Sun,10,24 Đường Trần Phú,Phường Thạch Thang,16.077081,108.223023,5,12.0,26,36,0.722,410,296,FRC4,0.996364,False
2026-08-16 10:06:55,2026-08-16T03:06:55Z,Sun,10,2 Đường Lý Thái Tổ (Duong Ly Thai To),Phường Thạc Gián,16.066432,108.209833,4,64.6,22,38,0.579,844,488,FRC1,0.993077,False
2026-08-16 10:06:55,2026-08-16T03:06:55Z,Sun,10,100 Đường Trần Phú,Phường Hải Châu 1,16.06907,108.22398,4,46.5,17,33,0.515,500,257,FRC4,1,False
2026-08-16 10:06:55,2026-08-16T03:06:55Z,Sun,10,Ngã tư Bắc Sơn – Trần Văn Ơn (Khu vực gi,Phường Hòa An,16.054638,108.176766,3,96.9,27,36,0.75,377,282,FRC4,0.99,False
2026-08-16 10:06:55,2026-08-16T03:06:55Z,Sun,10,40 Đường Trần Phú,Phường Hải Châu I,16.071757,108.224725,3,59.6,21,27,0.778,18,14,FRC4,0.95,False
2026-08-16 10:06:55,2026-08-16T03:06:55Z,Sun,10,Bàu Làng,Phường Thanh Khê Đông,16.070435,108.185778,3,49.0,21,34,0.618,862,532,FRC4,0.998103,False
2026-08-16 10:06:55,2026-08-16T03:06:55Z,Sun,10,Huỳnh Ngọc Huệ,Phường Hòa Khê,16.061159,108.185345,3,81.0,18,28,0.643,445,286,FRC4,0.978957,False
2026-08-16 10:06:55,2026-08-16T03:06:55Z,Sun,10,"Hàm Nghi, tổ 36 P.Vĩnh Trung (số 87 - 16",Phường Thạc Gián,16.061954,108.210494,2,93.1,32,41,0.78,2213,1727,FRC2,0.999759,False
2026-08-16 10:06:55,2026-08-16T03:06:55Z,Sun,10,Đường Bắc Sơn (Từ số nhà 02 đến số nhà 9,Phường Hòa An,16.059092,108.175051,2,105.7,31,47,0.66,1289,850,FRC1,1,False
2026-08-16 10:06:55,2026-08-16T03:06:55Z,Sun,10,Lê Thanh Nghị,Phường Hòa Cường Nam,16.035861,108.218057,2,19.2,24,37,0.649,243,157,FRC4,1,False
2026-08-16 10:06:55,2026-08-16T03:06:55Z,Sun,10,50 Đường Hoàng Hoa Thám,Phường Tam Thuận,16.069332,108.209716,2,45.0,20,37,0.541,487,263,FRC4,1,False
2026-08-16 10:06:55,2026-08-16T03:06:55Z,Sun,10,Đường Cầm Bá Thước (Toàn bộ tuyến đường),Phường Hòa Cường Bắc,16.042987,108.212774,2,52.0,37,47,0.787,999,786,FRC4,1,False
2026-08-16 10:06:55,2026-08-16T03:06:55Z,Sun,10,Hà Huy Tập,Phường Hòa Khê,16.05858,108.184255,2,64.0,25,31,0.806,306,246,FRC4,0.9,False
2026-08-16 10:06:55,2026-08-16T03:06:55Z,Sun,10,Kiệt 179 Nguyễn Văn Linh (Toàn bộ kiệt),Phường Nam Dương,16.060362,108.214005,2,65.0,32,41,0.78,2213,1727,FRC2,0.999759,False
2026-08-16 10:06:55,2026-08-16T03:06:55Z,Sun,10,67 Đường Tố Hữu,Phường Hòa Cường Nam,16.034478,108.219218,2,10.0,24,37,0.649,243,157,FRC4,1,False
2026-08-16 10:06:55,2026-08-16T03:06:55Z,Sun,10,Ngã tư Lê Thạch – Cao Sơn Pháo (Khu vực ,Phường Hòa Minh,16.057221,108.172134,2,53.3,31,47,0.66,1289,850,FRC1,1,False
2026-08-16 10:06:55,2026-08-16T03:06:55Z,Sun,10,Đường Hải Hồ,Phường Thanh Bình,16.081622,108.216037,2,36.7,26,35,0.743,345,256,FRC3,1,False
2026-08-16 10:06:55,2026-08-16T03:06:55Z,Sun,10,Kiệt 640 Trưng Nữ Vương (Toàn bộ kiệt),Phường Hòa Cường Bắc,16.04386,108.207734,2,70.0,37,46,0.804,999,803,FRC4,1,False
2026-08-16 10:06:55,2026-08-16T03:06:55Z,Sun,10,20 Đường Lê Quý Đôn,Phường Bình Hiên,16.055828,108.22107,2,51.7,12,28,0.429,348,149,FRC4,0.943169,False
2026-08-16 10:06:55,2026-08-16T03:06:55Z,Sun,10,Đống Đa,Phường Thanh Bình,16.078364,108.216795,2,10.0,26,35,0.743,345,256,FRC3,1,False
2026-08-16 10:06:55,2026-08-16T03:06:55Z,Sun,10,Quận Liên Chiểu,Phường Hòa Minh,16.06738,108.166799,2,55.0,34,40,0.85,240,204,FRC4,1,False
2026-08-16 10:06:55,2026-08-16T03:06:55Z,Sun,10,Núi Thành,Phường Hòa Cường Nam,16.036737,108.222882,2,17.5,22,33,0.667,399,266,FRC4,1,False
2026-08-16 10:06:55,2026-08-16T03:06:55Z,Sun,10,"Ngã 3 Phạm Văn Nghị - Đào Duy Anh, phườn",Phường Thạc Gián,16.05869,108.209048,2,40.0,28,38,0.737,1595,1175,FRC4,1,False
2026-08-16 10:06:55,2026-08-16T03:06:55Z,Sun,10,Quận Sơn Trà,Phường Thọ Quang,16.104352,108.253997,2,26.5,38,45,0.844,1616,1365,FRC3,1,False
2026-08-16 10:06:55,2026-08-16T03:06:55Z,Sun,10,Quang Trung - Đống Đa (Đoạn ngã 4),Phường Thanh Bình,16.073419,108.213994,2,105.5,26,36,0.722,410,296,FRC4,0.996364,False
2026-08-16 10:06:55,2026-08-16T03:06:55Z,Sun,10,Trưng Nữ Vương,Phường Hòa Thuận Tây,16.044318,108.206417,2,25.0,37,46,0.804,999,803,FRC4,1,False
2026-08-16 10:06:55,2026-08-16T03:06:55Z,Sun,10,Đ. Ngô Thì Nhậm,Phường Hòa Minh,16.071259,108.156865,2,40.0,27,40,0.675,288,194,FRC4,1,False
2026-08-16 10:06:55,2026-08-16T03:06:55Z,Sun,10,Ngô Tử Hạ,Phường Hòa An,16.043478,108.178278,2,55.0,41,51,0.804,1684,1354,FRC1,1,False
2026-08-16 10:06:55,2026-08-16T03:06:55Z,Sun,10,"Kiệt 818 Trần Cao Vân, tổ 20 P.Thanh Khê",Phường Thanh Khê Đông,16.069731,108.184158,2,90.0,23,33,0.697,787,548,FRC4,1,False
2026-08-16 10:06:55,2026-08-16T03:06:55Z,Sun,10,Hẻm 45 Đường An Mỹ 08 (Hem 45 Duong An M,Phường An Hải Tây,16.06394,108.23185,2,10.0,32,32,1.0,73,73,FRC3,1,False
2026-08-16 10:36:55,2026-08-16T03:36:55Z,Sun,10,15 Đường Quang Trung,Phường Hải Châu,16.075051,108.222198,5,12.0,24,33,0.727,754,548,FRC4,0.999057,False
2026-08-16 10:36:55,2026-08-16T03:36:55Z,Sun,10,Phần Lăng 1,Phường Hòa Cường Bắc,16.054171,108.188345,5,49.2,22,30,0.733,347,255,FRC4,0.912054,False
2026-08-16 10:36:55,2026-08-16T03:36:55Z,Sun,10,24 Đường Trần Phú,Phường Thạch Thang,16.077081,108.223023,5,12.0,25,37,0.676,426,288,FRC4,1,False
2026-08-16 10:36:55,2026-08-16T03:36:55Z,Sun,10,2 Đường Lý Thái Tổ (Duong Ly Thai To),Phường Thạc Gián,16.066432,108.209833,4,64.6,22,38,0.579,844,488,FRC1,0.9969,False
2026-08-16 10:36:55,2026-08-16T03:36:55Z,Sun,10,100 Đường Trần Phú,Phường Hải Châu 1,16.06907,108.22398,4,46.5,19,33,0.576,447,257,FRC4,1,False
2026-08-16 10:36:55,2026-08-16T03:36:55Z,Sun,10,Ngã tư Bắc Sơn – Trần Văn Ơn (Khu vực gi,Phường Hòa An,16.054638,108.176766,3,96.9,27,36,0.75,377,282,FRC4,0.99,False
2026-08-16 10:36:55,2026-08-16T03:36:55Z,Sun,10,40 Đường Trần Phú,Phường Hải Châu I,16.071757,108.224725,3,59.6,27,27,1.0,14,14,FRC4,1,False
2026-08-16 10:36:55,2026-08-16T03:36:55Z,Sun,10,Bàu Làng,Phường Thanh Khê Đông,16.070435,108.185778,3,49.0,24,33,0.727,754,548,FRC4,0.999057,False
2026-08-16 10:36:55,2026-08-16T03:36:55Z,Sun,10,Huỳnh Ngọc Huệ,Phường Hòa Khê,16.061159,108.185345,3,81.0,16,27,0.593,501,296,FRC4,0.942376,False
2026-08-16 10:36:55,2026-08-16T03:36:55Z,Sun,10,"Hàm Nghi, tổ 36 P.Vĩnh Trung (số 87 - 16",Phường Thạc Gián,16.061954,108.210494,2,93.1,33,41,0.805,2146,1727,FRC2,1,False
2026-08-16 10:36:55,2026-08-16T03:36:55Z,Sun,10,Đường Bắc Sơn (Từ số nhà 02 đến số nhà 9,Phường Hòa An,16.059092,108.175051,2,105.7,31,46,0.674,1289,869,FRC1,1,False
2026-08-16 10:36:55,2026-08-16T03:36:55Z,Sun,10,Lê Thanh Nghị,Phường Hòa Cường Nam,16.035861,108.218057,2,19.2,28,37,0.757,208,157,FRC4,1,False
2026-08-16 10:36:55,2026-08-16T03:36:55Z,Sun,10,50 Đường Hoàng Hoa Thám,Phường Tam Thuận,16.069332,108.209716,2,45.0,20,37,0.541,487,263,FRC4,1,False
2026-08-16 10:36:55,2026-08-16T03:36:55Z,Sun,10,Đường Cầm Bá Thước (Toàn bộ tuyến đường),Phường Hòa Cường Bắc,16.042987,108.212774,2,52.0,37,47,0.787,999,786,FRC4,1,False
2026-08-16 10:36:55,2026-08-16T03:36:55Z,Sun,10,Hà Huy Tập,Phường Hòa Khê,16.05858,108.184255,2,64.0,22,30,0.733,347,255,FRC4,0.912054,False
2026-08-16 10:36:55,2026-08-16T03:36:55Z,Sun,10,Kiệt 179 Nguyễn Văn Linh (Toàn bộ kiệt),Phường Nam Dương,16.060362,108.214005,2,65.0,33,41,0.805,2146,1727,FRC2,1,False
2026-08-16 10:36:55,2026-08-16T03:36:55Z,Sun,10,67 Đường Tố Hữu,Phường Hòa Cường Nam,16.034478,108.219218,2,10.0,28,37,0.757,208,157,FRC4,1,False
2026-08-16 10:36:55,2026-08-16T03:36:55Z,Sun,10,Ngã tư Lê Thạch – Cao Sơn Pháo (Khu vực ,Phường Hòa Minh,16.057221,108.172134,2,53.3,31,46,0.674,1289,869,FRC1,1,False
2026-08-16 10:36:55,2026-08-16T03:36:55Z,Sun,10,Đường Hải Hồ,Phường Thanh Bình,16.081622,108.216037,2,36.7,26,35,0.743,345,256,FRC3,1,False
2026-08-16 10:36:55,2026-08-16T03:36:55Z,Sun,10,Kiệt 640 Trưng Nữ Vương (Toàn bộ kiệt),Phường Hòa Cường Bắc,16.04386,108.207734,2,70.0,38,47,0.809,973,786,FRC4,1,False
2026-08-16 10:36:55,2026-08-16T03:36:55Z,Sun,10,20 Đường Lê Quý Đôn,Phường Bình Hiên,16.055828,108.22107,2,51.7,14,28,0.5,298,149,FRC4,0.957812,False
2026-08-16 10:36:55,2026-08-16T03:36:55Z,Sun,10,Đống Đa,Phường Thanh Bình,16.078364,108.216795,2,10.0,26,35,0.743,345,256,FRC3,1,False
2026-08-16 10:36:55,2026-08-16T03:36:55Z,Sun,10,Quận Liên Chiểu,Phường Hòa Minh,16.06738,108.166799,2,55.0,41,41,1.0,199,199,FRC4,1,False
2026-08-16 10:36:55,2026-08-16T03:36:55Z,Sun,10,Núi Thành,Phường Hòa Cường Nam,16.036737,108.222882,2,17.5,26,33,0.788,338,266,FRC4,1,False
2026-08-16 10:36:55,2026-08-16T03:36:55Z,Sun,10,"Ngã 3 Phạm Văn Nghị - Đào Duy Anh, phườn",Phường Thạc Gián,16.05869,108.209048,2,40.0,26,38,0.684,1718,1175,FRC4,1,False
2026-08-16 10:36:55,2026-08-16T03:36:55Z,Sun,10,Quận Sơn Trà,Phường Thọ Quang,16.104352,108.253997,2,26.5,45,45,1.0,1365,1365,FRC3,1,False
2026-08-16 10:36:55,2026-08-16T03:36:55Z,Sun,10,Quang Trung - Đống Đa (Đoạn ngã 4),Phường Thanh Bình,16.073419,108.213994,2,105.5,25,37,0.676,426,288,FRC4,1,False
2026-08-16 10:36:55,2026-08-16T03:36:55Z,Sun,10,Trưng Nữ Vương,Phường Hòa Thuận Tây,16.044318,108.206417,2,25.0,37,47,0.787,999,786,FRC4,1,False
2026-08-16 10:36:55,2026-08-16T03:36:55Z,Sun,10,Đ. Ngô Thì Nhậm,Phường Hòa Minh,16.071259,108.156865,2,40.0,31,39,0.795,251,199,FRC4,1,False
2026-08-16 10:36:55,2026-08-16T03:36:55Z,Sun,10,Ngô Tử Hạ,Phường Hòa An,16.043478,108.178278,2,55.0,40,51,0.784,1726,1354,FRC1,1,False
2026-08-16 10:36:55,2026-08-16T03:36:55Z,Sun,10,"Kiệt 818 Trần Cao Vân, tổ 20 P.Thanh Khê",Phường Thanh Khê Đông,16.069731,108.184158,2,90.0,23,34,0.676,787,532,FRC4,1,False
2026-08-16 10:36:55,2026-08-16T03:36:55Z,Sun,10,Hẻm 45 Đường An Mỹ 08 (Hem 45 Duong An M,Phường An Hải Tây,16.06394,108.23185,2,10.0,32,32,1.0,73,73,FRC3,1,False
2026-08-16 11:06:55,2026-08-16T04:06:55Z,Sun,11,15 Đường Quang Trung,Phường Hải Châu,16.075051,108.222198,5,12.0,23,33,0.697,787,548,FRC4,1,False
2026-08-16 11:06:55,2026-08-16T04:06:55Z,Sun,11,Phần Lăng 1,Phường Hòa Cường Bắc,16.054171,108.188345,5,49.2,31,31,1.0,246,246,FRC4,1,False
2026-08-16 11:06:55,2026-08-16T04:06:55Z,Sun,11,24 Đường Trần Phú,Phường Thạch Thang,16.077081,108.223023,5,12.0,24,36,0.667,444,296,FRC4,1,False
2026-08-16 11:06:55,2026-08-16T04:06:55Z,Sun,11,2 Đường Lý Thái Tổ (Duong Ly Thai To),Phường Thạc Gián,16.066432,108.209833,4,64.6,24,38,0.632,774,488,FRC1,0.994153,False
2026-08-16 11:06:55,2026-08-16T04:06:55Z,Sun,11,100 Đường Trần Phú,Phường Hải Châu 1,16.06907,108.22398,4,46.5,16,32,0.5,531,265,FRC4,1,False
2026-08-16 11:06:55,2026-08-16T04:06:55Z,Sun,11,Ngã tư Bắc Sơn – Trần Văn Ơn (Khu vực gi,Phường Hòa An,16.054638,108.176766,3,96.9,25,35,0.714,407,290,FRC4,0.99,False
2026-08-16 11:06:55,2026-08-16T04:06:55Z,Sun,11,40 Đường Trần Phú,Phường Hải Châu I,16.071757,108.224725,3,59.6,27,27,1.0,14,14,FRC4,1,False
2026-08-16 11:06:55,2026-08-16T04:06:55Z,Sun,11,Bàu Làng,Phường Thanh Khê Đông,16.070435,108.185778,3,49.0,23,33,0.697,787,548,FRC4,1,False
2026-08-16 11:06:55,2026-08-16T04:06:55Z,Sun,11,Huỳnh Ngọc Huệ,Phường Hòa Khê,16.061159,108.185345,3,81.0,16,27,0.593,501,296,FRC4,0.893948,False
2026-08-16 11:06:55,2026-08-16T04:06:55Z,Sun,11,"Hàm Nghi, tổ 36 P.Vĩnh Trung (số 87 - 16",Phường Thạc Gián,16.061954,108.210494,2,93.1,33,41,0.805,2146,1727,FRC2,1,False
2026-08-16 11:06:55,2026-08-16T04:06:55Z,Sun,11,Đường Bắc Sơn (Từ số nhà 02 đến số nhà 9,Phường Hòa An,16.059092,108.175051,2,105.7,31,46,0.674,1289,869,FRC1,1,False
2026-08-16 11:06:55,2026-08-16T04:06:55Z,Sun,11,Lê Thanh Nghị,Phường Hòa Cường Nam,16.035861,108.218057,2,19.2,28,37,0.757,208,157,FRC4,1,False
2026-08-16 11:06:55,2026-08-16T04:06:55Z,Sun,11,50 Đường Hoàng Hoa Thám,Phường Tam Thuận,16.069332,108.209716,2,45.0,20,37,0.541,487,263,FRC4,1,False
2026-08-16 11:06:55,2026-08-16T04:06:55Z,Sun,11,Đường Cầm Bá Thước (Toàn bộ tuyến đường),Phường Hòa Cường Bắc,16.042987,108.212774,2,52.0,39,47,0.83,948,786,FRC4,1,False
2026-08-16 11:06:55,2026-08-16T04:06:55Z,Sun,11,Hà Huy Tập,Phường Hòa Khê,16.05858,108.184255,2,64.0,31,31,1.0,246,246,FRC4,1,False
2026-08-16 11:06:55,2026-08-16T04:06:55Z,Sun,11,Kiệt 179 Nguyễn Văn Linh (Toàn bộ kiệt),Phường Nam Dương,16.060362,108.214005,2,65.0,33,41,0.805,2146,1727,FRC2,1,False
2026-08-16 11:06:55,2026-08-16T04:06:55Z,Sun,11,67 Đường Tố Hữu,Phường Hòa Cường Nam,16.034478,108.219218,2,10.0,28,37,0.757,208,157,FRC4,1,False
2026-08-16 11:06:55,2026-08-16T04:06:55Z,Sun,11,Ngã tư Lê Thạch – Cao Sơn Pháo (Khu vực ,Phường Hòa Minh,16.057221,108.172134,2,53.3,31,46,0.674,1289,869,FRC1,1,False
2026-08-16 11:06:55,2026-08-16T04:06:55Z,Sun,11,Đường Hải Hồ,Phường Thanh Bình,16.081622,108.216037,2,36.7,23,35,0.657,390,256,FRC3,1,False
2026-08-16 11:06:55,2026-08-16T04:06:55Z,Sun,11,Kiệt 640 Trưng Nữ Vương (Toàn bộ kiệt),Phường Hòa Cường Bắc,16.04386,108.207734,2,70.0,37,47,0.787,999,786,FRC4,1,False
2026-08-16 11:06:55,2026-08-16T04:06:55Z,Sun,11,20 Đường Lê Quý Đôn,Phường Bình Hiên,16.055828,108.22107,2,51.7,18,28,0.643,232,149,FRC4,0.86,False
2026-08-16 11:06:55,2026-08-16T04:06:55Z,Sun,11,Đống Đa,Phường Thanh Bình,16.078364,108.216795,2,10.0,23,35,0.657,390,256,FRC3,1,False
2026-08-16 11:06:55,2026-08-16T04:06:55Z,Sun,11,Quận Liên Chiểu,Phường Hòa Minh,16.06738,108.166799,2,55.0,32,40,0.8,255,204,FRC4,1,False
2026-08-16 11:06:55,2026-08-16T04:06:55Z,Sun,11,Núi Thành,Phường Hòa Cường Nam,16.036737,108.222882,2,17.5,24,33,0.727,366,266,FRC4,1,False
2026-08-16 11:06:55,2026-08-16T04:06:55Z,Sun,11,"Ngã 3 Phạm Văn Nghị - Đào Duy Anh, phườn",Phường Thạc Gián,16.05869,108.209048,2,40.0,27,37,0.73,1654,1207,FRC4,1,False
2026-08-16 11:06:55,2026-08-16T04:06:55Z,Sun,11,Quận Sơn Trà,Phường Thọ Quang,16.104352,108.253997,2,26.5,45,45,1.0,1365,1365,FRC3,1,False
2026-08-16 11:06:55,2026-08-16T04:06:55Z,Sun,11,Quang Trung - Đống Đa (Đoạn ngã 4),Phường Thanh Bình,16.073419,108.213994,2,105.5,24,36,0.667,444,296,FRC4,1,False
2026-08-16 11:06:55,2026-08-16T04:06:55Z,Sun,11,Trưng Nữ Vương,Phường Hòa Thuận Tây,16.044318,108.206417,2,25.0,37,47,0.787,999,786,FRC4,1,False
2026-08-16 11:06:55,2026-08-16T04:06:55Z,Sun,11,Đ. Ngô Thì Nhậm,Phường Hòa Minh,16.071259,108.156865,2,40.0,29,40,0.725,268,194,FRC4,1,False
2026-08-16 11:06:55,2026-08-16T04:06:55Z,Sun,11,Ngô Tử Hạ,Phường Hòa An,16.043478,108.178278,2,55.0,42,52,0.808,1644,1328,FRC1,1,False
2026-08-16 11:06:55,2026-08-16T04:06:55Z,Sun,11,"Kiệt 818 Trần Cao Vân, tổ 20 P.Thanh Khê",Phường Thanh Khê Đông,16.069731,108.184158,2,90.0,24,34,0.706,754,532,FRC4,1,False
2026-08-16 11:06:55,2026-08-16T04:06:55Z,Sun,11,Hẻm 45 Đường An Mỹ 08 (Hem 45 Duong An M,Phường An Hải Tây,16.06394,108.23185,2,10.0,24,30,0.8,98,78,FRC3,0.96,False
2026-08-16 11:36:55,2026-08-16T04:36:55Z,Sun,11,15 Đường Quang Trung,Phường Hải Châu,16.075051,108.222198,5,12.0,24,34,0.706,754,532,FRC4,0.999057,False
2026-08-16 11:36:55,2026-08-16T04:36:55Z,Sun,11,Phần Lăng 1,Phường Hòa Cường Bắc,16.054171,108.188345,5,49.2,25,30,0.833,306,255,FRC4,0.919535,False
2026-08-16 11:36:55,2026-08-16T04:36:55Z,Sun,11,24 Đường Trần Phú,Phường Thạch Thang,16.077081,108.223023,5,12.0,22,36,0.611,485,296,FRC4,1,False
2026-08-16 11:36:55,2026-08-16T04:36:55Z,Sun,11,2 Đường Lý Thái Tổ (Duong Ly Thai To),Phường Thạc Gián,16.066432,108.209833,4,64.6,25,39,0.641,743,476,FRC1,0.9938,False
2026-08-16 11:36:55,2026-08-16T04:36:55Z,Sun,11,100 Đường Trần Phú,Phường Hải Châu 1,16.06907,108.22398,4,46.5,20,33,0.606,425,257,FRC4,1,False
2026-08-16 11:36:55,2026-08-16T04:36:55Z,Sun,11,Ngã tư Bắc Sơn – Trần Văn Ơn (Khu vực gi,Phường Hòa An,16.054638,108.176766,3,96.9,36,36,1.0,282,282,FRC4,1,False
2026-08-16 11:36:55,2026-08-16T04:36:55Z,Sun,11,40 Đường Trần Phú,Phường Hải Châu I,16.071757,108.224725,3,59.6,27,27,1.0,14,14,FRC4,1,False
2026-08-16 11:36:55,2026-08-16T04:36:55Z,Sun,11,Bàu Làng,Phường Thanh Khê Đông,16.070435,108.185778,3,49.0,24,34,0.706,754,532,FRC4,0.999057,False
2026-08-16 11:36:55,2026-08-16T04:36:55Z,Sun,11,Huỳnh Ngọc Huệ,Phường Hòa Khê,16.061159,108.185345,3,81.0,17,27,0.63,471,296,FRC4,0.966926,False
2026-08-16 11:36:55,2026-08-16T04:36:55Z,Sun,11,"Hàm Nghi, tổ 36 P.Vĩnh Trung (số 87 - 16",Phường Thạc Gián,16.061954,108.210494,2,93.1,33,41,0.805,2146,1727,FRC2,0.999048,False
2026-08-16 11:36:55,2026-08-16T04:36:55Z,Sun,11,Đường Bắc Sơn (Từ số nhà 02 đến số nhà 9,Phường Hòa An,16.059092,108.175051,2,105.7,32,46,0.696,1249,869,FRC1,1,False
2026-08-16 11:36:55,2026-08-16T04:36:55Z,Sun,11,Lê Thanh Nghị,Phường Hòa Cường Nam,16.035861,108.218057,2,19.2,25,36,0.694,233,162,FRC4,1,False
2026-08-16 11:36:55,2026-08-16T04:36:55Z,Sun,11,50 Đường Hoàng Hoa Thám,Phường Tam Thuận,16.069332,108.209716,2,45.0,23,37,0.622,424,263,FRC4,1,False
2026-08-16 11:36:55,2026-08-16T04:36:55Z,Sun,11,Đường Cầm Bá Thước (Toàn bộ tuyến đường),Phường Hòa Cường Bắc,16.042987,108.212774,2,52.0,36,46,0.783,1027,803,FRC4,1,False
2026-08-16 11:36:55,2026-08-16T04:36:55Z,Sun,11,Hà Huy Tập,Phường Hòa Khê,16.05858,108.184255,2,64.0,25,30,0.833,306,255,FRC4,0.919535,False
2026-08-16 11:36:55,2026-08-16T04:36:55Z,Sun,11,Kiệt 179 Nguyễn Văn Linh (Toàn bộ kiệt),Phường Nam Dương,16.060362,108.214005,2,65.0,33,41,0.805,2146,1727,FRC2,0.999048,False
2026-08-16 11:36:55,2026-08-16T04:36:55Z,Sun,11,67 Đường Tố Hữu,Phường Hòa Cường Nam,16.034478,108.219218,2,10.0,25,36,0.694,233,162,FRC4,1,False
2026-08-16 11:36:55,2026-08-16T04:36:55Z,Sun,11,Ngã tư Lê Thạch – Cao Sơn Pháo (Khu vực ,Phường Hòa Minh,16.057221,108.172134,2,53.3,32,46,0.696,1249,869,FRC1,1,False
2026-08-16 11:36:55,2026-08-16T04:36:55Z,Sun,11,Đường Hải Hồ,Phường Thanh Bình,16.081622,108.216037,2,36.7,24,35,0.686,374,256,FRC3,1,False
2026-08-16 11:36:55,2026-08-16T04:36:55Z,Sun,11,Kiệt 640 Trưng Nữ Vương (Toàn bộ kiệt),Phường Hòa Cường Bắc,16.04386,108.207734,2,70.0,41,47,0.872,901,786,FRC4,1,False
2026-08-16 11:36:55,2026-08-16T04:36:55Z,Sun,11,20 Đường Lê Quý Đôn,Phường Bình Hiên,16.055828,108.22107,2,51.7,17,29,0.586,246,144,FRC4,0.911202,False
2026-08-16 11:36:55,2026-08-16T04:36:55Z,Sun,11,Đống Đa,Phường Thanh Bình,16.078364,108.216795,2,10.0,24,35,0.686,374,256,FRC3,1,False
2026-08-16 11:36:55,2026-08-16T04:36:55Z,Sun,11,Quận Liên Chiểu,Phường Hòa Minh,16.06738,108.166799,2,55.0,41,41,1.0,199,199,FRC4,1,False
2026-08-16 11:36:55,2026-08-16T04:36:55Z,Sun,11,Núi Thành,Phường Hòa Cường Nam,16.036737,108.222882,2,17.5,23,33,0.697,382,266,FRC4,1,False
2026-08-16 11:36:55,2026-08-16T04:36:55Z,Sun,11,"Ngã 3 Phạm Văn Nghị - Đào Duy Anh, phườn",Phường Thạc Gián,16.05869,108.209048,2,40.0,28,38,0.737,1595,1175,FRC4,1,False
2026-08-16 11:36:55,2026-08-16T04:36:55Z,Sun,11,Quận Sơn Trà,Phường Thọ Quang,16.104352,108.253997,2,26.5,45,45,1.0,1365,1365,FRC3,1,False
2026-08-16 11:36:55,2026-08-16T04:36:55Z,Sun,11,Quang Trung - Đống Đa (Đoạn ngã 4),Phường Thanh Bình,16.073419,108.213994,2,105.5,22,36,0.611,485,296,FRC4,1,False
2026-08-16 11:36:55,2026-08-16T04:36:55Z,Sun,11,Trưng Nữ Vương,Phường Hòa Thuận Tây,16.044318,108.206417,2,25.0,41,47,0.872,901,786,FRC4,1,False
2026-08-16 11:36:55,2026-08-16T04:36:55Z,Sun,11,Đ. Ngô Thì Nhậm,Phường Hòa Minh,16.071259,108.156865,2,40.0,40,40,1.0,194,194,FRC4,1,False
2026-08-16 11:36:55,2026-08-16T04:36:55Z,Sun,11,Ngô Tử Hạ,Phường Hòa An,16.043478,108.178278,2,55.0,52,52,1.0,1328,1328,FRC1,1,False
2026-08-16 11:36:55,2026-08-16T04:36:55Z,Sun,11,"Kiệt 818 Trần Cao Vân, tổ 20 P.Thanh Khê",Phường Thanh Khê Đông,16.069731,108.184158,2,90.0,23,33,0.697,787,548,FRC4,1,False
2026-08-16 11:36:55,2026-08-16T04:36:55Z,Sun,11,Hẻm 45 Đường An Mỹ 08 (Hem 45 Duong An M,Phường An Hải Tây,16.06394,108.23185,2,10.0,32,32,1.0,73,73,FRC3,1,False
2026-08-16 12:06:55,2026-08-16T05:06:55Z,Sun,12,15 Đường Quang Trung,Phường Hải Châu,16.075051,108.222198,5,12.0,26,34,0.765,696,532,FRC4,1,False
2026-08-16 12:06:55,2026-08-16T05:06:55Z,Sun,12,Phần Lăng 1,Phường Hòa Cường Bắc,16.054171,108.188345,5,49.2,27,30,0.9,283,255,FRC4,0.902002,False
2026-08-16 12:06:55,2026-08-16T05:06:55Z,Sun,12,24 Đường Trần Phú,Phường Thạch Thang,16.077081,108.223023,5,12.0,28,36,0.778,381,296,FRC4,1,False
2026-08-16 12:06:55,2026-08-16T05:06:55Z,Sun,12,2 Đường Lý Thái Tổ (Duong Ly Thai To),Phường Thạc Gián,16.066432,108.209833,4,64.6,29,39,0.744,640,476,FRC1,0.995176,False
2026-08-16 12:06:55,2026-08-16T05:06:55Z,Sun,12,100 Đường Trần Phú,Phường Hải Châu 1,16.06907,108.22398,4,46.5,19,32,0.594,447,265,FRC4,1,False
2026-08-16 12:06:55,2026-08-16T05:06:55Z,Sun,12,Ngã tư Bắc Sơn – Trần Văn Ơn (Khu vực gi,Phường Hòa An,16.054638,108.176766,3,96.9,27,36,0.75,377,282,FRC4,0.959246,False
2026-08-16 12:06:55,2026-08-16T05:06:55Z,Sun,12,40 Đường Trần Phú,Phường Hải Châu I,16.071757,108.224725,3,59.6,27,27,1.0,14,14,FRC4,1,False
2026-08-16 12:06:55,2026-08-16T05:06:55Z,Sun,12,Bàu Làng,Phường Thanh Khê Đông,16.070435,108.185778,3,49.0,25,33,0.758,724,548,FRC4,0.999065,False
2026-08-16 12:06:55,2026-08-16T05:06:55Z,Sun,12,Huỳnh Ngọc Huệ,Phường Hòa Khê,16.061159,108.185345,3,81.0,18,27,0.667,445,296,FRC4,0.971749,False
2026-08-16 12:06:55,2026-08-16T05:06:55Z,Sun,12,"Hàm Nghi, tổ 36 P.Vĩnh Trung (số 87 - 16",Phường Thạc Gián,16.061954,108.210494,2,93.1,34,41,0.829,2082,1727,FRC2,0.996762,False
2026-08-16 12:06:55,2026-08-16T05:06:55Z,Sun,12,Đường Bắc Sơn (Từ số nhà 02 đến số nhà 9,Phường Hòa An,16.059092,108.175051,2,105.7,33,46,0.717,1211,869,FRC1,1,False
2026-08-16 12:06:55,2026-08-16T05:06:55Z,Sun,12,Lê Thanh Nghị,Phường Hòa Cường Nam,16.035861,108.218057,2,19.2,25,36,0.694,233,162,FRC4,1,False
2026-08-16 12:06:55,2026-08-16T05:06:55Z,Sun,12,50 Đường Hoàng Hoa Thám,Phường Tam Thuận,16.069332,108.209716,2,45.0,24,37,0.649,406,263,FRC4,1,False
2026-08-16 12:06:55,2026-08-16T05:06:55Z,Sun,12,Đường Cầm Bá Thước (Toàn bộ tuyến đường),Phường Hòa Cường Bắc,16.042987,108.212774,2,52.0,38,46,0.826,973,803,FRC4,1,False
2026-08-16 12:06:55,2026-08-16T05:06:55Z,Sun,12,Hà Huy Tập,Phường Hòa Khê,16.05858,108.184255,2,64.0,27,30,0.9,283,255,FRC4,0.902002,False
2026-08-16 12:06:55,2026-08-16T05:06:55Z,Sun,12,Kiệt 179 Nguyễn Văn Linh (Toàn bộ kiệt),Phường Nam Dương,16.060362,108.214005,2,65.0,34,41,0.829,2082,1727,FRC2,0.996762,False
2026-08-16 12:06:55,2026-08-16T05:06:55Z,Sun,12,67 Đường Tố Hữu,Phường Hòa Cường Nam,16.034478,108.219218,2,10.0,25,36,0.694,233,162,FRC4,1,False
2026-08-16 12:06:55,2026-08-16T05:06:55Z,Sun,12,Ngã tư Lê Thạch – Cao Sơn Pháo (Khu vực ,Phường Hòa Minh,16.057221,108.172134,2,53.3,33,46,0.717,1211,869,FRC1,1,False
2026-08-16 12:06:55,2026-08-16T05:06:55Z,Sun,12,Đường Hải Hồ,Phường Thanh Bình,16.081622,108.216037,2,36.7,27,34,0.794,332,264,FRC3,1,False
2026-08-16 12:06:55,2026-08-16T05:06:55Z,Sun,12,Kiệt 640 Trưng Nữ Vương (Toàn bộ kiệt),Phường Hòa Cường Bắc,16.04386,108.207734,2,70.0,38,47,0.809,973,786,FRC4,1,False
2026-08-16 12:06:55,2026-08-16T05:06:55Z,Sun,12,20 Đường Lê Quý Đôn,Phường Bình Hiên,16.055828,108.22107,2,51.7,16,29,0.552,261,144,FRC4,0.788817,False
2026-08-16 12:06:55,2026-08-16T05:06:55Z,Sun,12,Đống Đa,Phường Thanh Bình,16.078364,108.216795,2,10.0,27,34,0.794,332,264,FRC3,1,False
2026-08-16 12:06:55,2026-08-16T05:06:55Z,Sun,12,Quận Liên Chiểu,Phường Hòa Minh,16.06738,108.166799,2,55.0,32,41,0.78,255,199,FRC4,1,False
2026-08-16 12:06:55,2026-08-16T05:06:55Z,Sun,12,Núi Thành,Phường Hòa Cường Nam,16.036737,108.222882,2,17.5,25,33,0.758,351,266,FRC4,1,False
2026-08-16 12:06:55,2026-08-16T05:06:55Z,Sun,12,"Ngã 3 Phạm Văn Nghị - Đào Duy Anh, phườn",Phường Thạc Gián,16.05869,108.209048,2,40.0,29,38,0.763,1540,1175,FRC4,1,False
2026-08-16 12:06:55,2026-08-16T05:06:55Z,Sun,12,Quận Sơn Trà,Phường Thọ Quang,16.104352,108.253997,2,26.5,45,45,1.0,1365,1365,FRC3,1,False
2026-08-16 12:06:55,2026-08-16T05:06:55Z,Sun,12,Quang Trung - Đống Đa (Đoạn ngã 4),Phường Thanh Bình,16.073419,108.213994,2,105.5,28,36,0.778,381,296,FRC4,1,False
2026-08-16 12:06:55,2026-08-16T05:06:55Z,Sun,12,Trưng Nữ Vương,Phường Hòa Thuận Tây,16.044318,108.206417,2,25.0,38,47,0.809,973,786,FRC4,1,False
2026-08-16 12:06:55,2026-08-16T05:06:55Z,Sun,12,Đ. Ngô Thì Nhậm,Phường Hòa Minh,16.071259,108.156865,2,40.0,33,40,0.825,236,194,FRC4,1,False
2026-08-16 12:06:55,2026-08-16T05:06:55Z,Sun,12,Ngô Tử Hạ,Phường Hòa An,16.043478,108.178278,2,55.0,52,52,1.0,1328,1328,FRC1,1,False
2026-08-16 12:06:55,2026-08-16T05:06:55Z,Sun,12,"Kiệt 818 Trần Cao Vân, tổ 20 P.Thanh Khê",Phường Thanh Khê Đông,16.069731,108.184158,2,90.0,24,34,0.706,754,532,FRC4,1,False
2026-08-16 12:06:55,2026-08-16T05:06:55Z,Sun,12,Hẻm 45 Đường An Mỹ 08 (Hem 45 Duong An M,Phường An Hải Tây,16.06394,108.23185,2,10.0,23,33,0.697,102,71,FRC3,0.960291,False
2026-08-16 12:36:55,2026-08-16T05:36:55Z,Sun,12,15 Đường Quang Trung,Phường Hải Châu,16.075051,108.222198,5,12.0,26,33,0.788,696,548,FRC4,0.998723,False
2026-08-16 12:36:55,2026-08-16T05:36:55Z,Sun,12,Phần Lăng 1,Phường Hòa Cường Bắc,16.054171,108.188345,5,49.2,25,30,0.833,306,255,FRC4,0.923974,False
2026-08-16 12:36:55,2026-08-16T05:36:55Z,Sun,12,24 Đường Trần Phú,Phường Thạch Thang,16.077081,108.223023,5,12.0,27,37,0.73,395,288,FRC4,1,False
2026-08-16 12:36:55,2026-08-16T05:36:55Z,Sun,12,2 Đường Lý Thái Tổ (Duong Ly Thai To),Phường Thạc Gián,16.066432,108.209833,4,64.6,25,39,0.641,743,476,FRC1,0.991229,False
2026-08-16 12:36:55,2026-08-16T05:36:55Z,Sun,12,100 Đường Trần Phú,Phường Hải Châu 1,16.06907,108.22398,4,46.5,18,32,0.562,472,265,FRC4,1,False
2026-08-16 12:36:55,2026-08-16T05:36:55Z,Sun,12,Ngã tư Bắc Sơn – Trần Văn Ơn (Khu vực gi,Phường Hòa An,16.054638,108.176766,3,96.9,36,36,1.0,282,282,FRC4,1,False
2026-08-16 12:36:55,2026-08-16T05:36:55Z,Sun,12,40 Đường Trần Phú,Phường Hải Châu I,16.071757,108.224725,3,59.6,20,26,0.769,19,14,FRC4,0.91,False
2026-08-16 12:36:55,2026-08-16T05:36:55Z,Sun,12,Bàu Làng,Phường Thanh Khê Đông,16.070435,108.185778,3,49.0,26,33,0.788,696,548,FRC4,0.998723,False
2026-08-16 12:36:55,2026-08-16T05:36:55Z,Sun,12,Huỳnh Ngọc Huệ,Phường Hòa Khê,16.061159,108.185345,3,81.0,18,27,0.667,445,296,FRC4,0.952157,False
2026-08-16 12:36:55,2026-08-16T05:36:55Z,Sun,12,"Hàm Nghi, tổ 36 P.Vĩnh Trung (số 87 - 16",Phường Thạc Gián,16.061954,108.210494,2,93.1,33,41,0.805,2146,1727,FRC2,0.99885,False
2026-08-16 12:36:55,2026-08-16T05:36:55Z,Sun,12,Đường Bắc Sơn (Từ số nhà 02 đến số nhà 9,Phường Hòa An,16.059092,108.175051,2,105.7,33,46,0.717,1211,869,FRC1,1,False
2026-08-16 12:36:55,2026-08-16T05:36:55Z,Sun,12,Lê Thanh Nghị,Phường Hòa Cường Nam,16.035861,108.218057,2,19.2,30,37,0.811,194,157,FRC4,1,False
2026-08-16 12:36:55,2026-08-16T05:36:55Z,Sun,12,50 Đường Hoàng Hoa Thám,Phường Tam Thuận,16.069332,108.209716,2,45.0,21,37,0.568,464,263,FRC4,1,False
2026-08-16 12:36:55,2026-08-16T05:36:55Z,Sun,12,Đường Cầm Bá Thước (Toàn bộ tuyến đường),Phường Hòa Cường Bắc,16.042987,108.212774,2,52.0,40,47,0.851,924,786,FRC4,1,False
2026-08-16 12:36:55,2026-08-16T05:36:55Z,Sun,12,Hà Huy Tập,Phường Hòa Khê,16.05858,108.184255,2,64.0,25,30,0.833,306,255,FRC4,0.923974,False
2026-08-16 12:36:55,2026-08-16T05:36:55Z,Sun,12,Kiệt 179 Nguyễn Văn Linh (Toàn bộ kiệt),Phường Nam Dương,16.060362,108.214005,2,65.0,33,41,0.805,2146,1727,FRC2,0.99885,False
2026-08-16 12:36:55,2026-08-16T05:36:55Z,Sun,12,67 Đường Tố Hữu,Phường Hòa Cường Nam,16.034478,108.219218,2,10.0,30,37,0.811,194,157,FRC4,1,False
2026-08-16 12:36:55,2026-08-16T05:36:55Z,Sun,12,Ngã tư Lê Thạch – Cao Sơn Pháo (Khu vực ,Phường Hòa Minh,16.057221,108.172134,2,53.3,33,46,0.717,1211,869,FRC1,1,False
2026-08-16 12:36:55,2026-08-16T05:36:55Z,Sun,12,Đường Hải Hồ,Phường Thanh Bình,16.081622,108.216037,2,36.7,24,35,0.686,374,256,FRC3,1,False
2026-08-16 12:36:55,2026-08-16T05:36:55Z,Sun,12,Kiệt 640 Trưng Nữ Vương (Toàn bộ kiệt),Phường Hòa Cường Bắc,16.04386,108.207734,2,70.0,47,47,1.0,786,786,FRC4,1,False
2026-08-16 12:36:55,2026-08-16T05:36:55Z,Sun,12,20 Đường Lê Quý Đôn,Phường Bình Hiên,16.055828,108.22107,2,51.7,15,28,0.536,278,149,FRC4,0.873436,False
2026-08-16 12:36:55,2026-08-16T05:36:55Z,Sun,12,Đống Đa,Phường Thanh Bình,16.078364,108.216795,2,10.0,24,35,0.686,374,256,FRC3,1,False
2026-08-16 12:36:55,2026-08-16T05:36:55Z,Sun,12,Quận Liên Chiểu,Phường Hòa Minh,16.06738,108.166799,2,55.0,41,41,1.0,199,199,FRC4,1,False
2026-08-16 12:36:55,2026-08-16T05:36:55Z,Sun,12,Núi Thành,Phường Hòa Cường Nam,16.036737,108.222882,2,17.5,19,34,0.559,463,258,FRC4,0.998344,False
2026-08-16 12:36:55,2026-08-16T05:36:55Z,Sun,12,"Ngã 3 Phạm Văn Nghị - Đào Duy Anh, phườn",Phường Thạc Gián,16.05869,108.209048,2,40.0,28,37,0.757,1595,1207,FRC4,1,False
2026-08-16 12:36:55,2026-08-16T05:36:55Z,Sun,12,Quận Sơn Trà,Phường Thọ Quang,16.104352,108.253997,2,26.5,45,45,1.0,1365,1365,FRC3,1,False
2026-08-16 12:36:55,2026-08-16T05:36:55Z,Sun,12,Quang Trung - Đống Đa (Đoạn ngã 4),Phường Thanh Bình,16.073419,108.213994,2,105.5,26,36,0.722,410,296,FRC4,1,False
2026-08-16 12:36:55,2026-08-16T05:36:55Z,Sun,12,Trưng Nữ Vương,Phường Hòa Thuận Tây,16.044318,108.206417,2,25.0,47,47,1.0,786,786,FRC4,1,False
2026-08-16 12:36:55,2026-08-16T05:36:55Z,Sun,12,Đ. Ngô Thì Nhậm,Phường Hòa Minh,16.071259,108.156865,2,40.0,40,40,1.0,194,194,FRC4,1,False
2026-08-16 12:36:55,2026-08-16T05:36:55Z,Sun,12,Ngô Tử Hạ,Phường Hòa An,16.043478,108.178278,2,55.0,52,52,1.0,1328,1328,FRC1,1,False
2026-08-16 12:36:55,2026-08-16T05:36:55Z,Sun,12,"Kiệt 818 Trần Cao Vân, tổ 20 P.Thanh Khê",Phường Thanh Khê Đông,16.069731,108.184158,2,90.0,28,34,0.824,646,532,FRC4,1,False
2026-08-16 12:36:55,2026-08-16T05:36:55Z,Sun,12,Hẻm 45 Đường An Mỹ 08 (Hem 45 Duong An M,Phường An Hải Tây,16.06394,108.23185,2,10.0,20,32,0.625,117,73,FRC3,0.760212,False
2026-08-16 13:06:55,2026-08-16T06:06:55Z,Sun,13,15 Đường Quang Trung,Phường Hải Châu,16.075051,108.222198,5,12.0,28,34,0.824,646,532,FRC4,1,False
2026-08-16 13:06:55,2026-08-16T06:06:55Z,Sun,13,Phần Lăng 1,Phường Hòa Cường Bắc,16.054171,108.188345,5,49.2,31,31,1.0,246,246,FRC4,1,False
2026-08-16 13:06:55,2026-08-16T06:06:55Z,Sun,13,24 Đường Trần Phú,Phường Thạch Thang,16.077081,108.223023,5,12.0,27,36,0.75,395,296,FRC4,1,False
2026-08-16 13:06:55,2026-08-16T06:06:55Z,Sun,13,2 Đường Lý Thái Tổ (Duong Ly Thai To),Phường Thạc Gián,16.066432,108.209833,4,64.6,26,39,0.667,714,476,FRC1,0.990485,False
2026-08-16 13:06:55,2026-08-16T06:06:55Z,Sun,13,100 Đường Trần Phú,Phường Hải Châu 1,16.06907,108.22398,4,46.5,19,32,0.594,447,265,FRC4,1,False
2026-08-16 13:06:55,2026-08-16T06:06:55Z,Sun,13,Ngã tư Bắc Sơn – Trần Văn Ơn (Khu vực gi,Phường Hòa An,16.054638,108.176766,3,96.9,36,36,1.0,282,282,FRC4,1,False
2026-08-16 13:06:55,2026-08-16T06:06:55Z,Sun,13,40 Đường Trần Phú,Phường Hải Châu I,16.071757,108.224725,3,59.6,27,27,1.0,14,14,FRC4,1,False
2026-08-16 13:06:55,2026-08-16T06:06:55Z,Sun,13,Bàu Làng,Phường Thanh Khê Đông,16.070435,108.185778,3,49.0,28,34,0.824,646,532,FRC4,1,False
2026-08-16 13:06:55,2026-08-16T06:06:55Z,Sun,13,Huỳnh Ngọc Huệ,Phường Hòa Khê,16.061159,108.185345,3,81.0,19,27,0.704,421,296,FRC4,0.88498,False
2026-08-16 13:06:55,2026-08-16T06:06:55Z,Sun,13,"Hàm Nghi, tổ 36 P.Vĩnh Trung (số 87 - 16",Phường Thạc Gián,16.061954,108.210494,2,93.1,33,41,0.805,2146,1727,FRC2,0.999025,False
2026-08-16 13:06:55,2026-08-16T06:06:55Z,Sun,13,Đường Bắc Sơn (Từ số nhà 02 đến số nhà 9,Phường Hòa An,16.059092,108.175051,2,105.7,34,46,0.739,1176,869,FRC1,1,False
2026-08-16 13:06:55,2026-08-16T06:06:55Z,Sun,13,Lê Thanh Nghị,Phường Hòa Cường Nam,16.035861,108.218057,2,19.2,27,37,0.73,216,157,FRC4,1,False
2026-08-16 13:06:55,2026-08-16T06:06:55Z,Sun,13,50 Đường Hoàng Hoa Thám,Phường Tam Thuận,16.069332,108.209716,2,45.0,25,37,0.676,390,263,FRC4,1,False
2026-08-16 13:06:55,2026-08-16T06:06:55Z,Sun,13,Đường Cầm Bá Thước (Toàn bộ tuyến đường),Phường Hòa Cường Bắc,16.042987,108.212774,2,52.0,38,46,0.826,973,803,FRC4,1,False
2026-08-16 13:06:55,2026-08-16T06:06:55Z,Sun,13,Hà Huy Tập,Phường Hòa Khê,16.05858,108.184255,2,64.0,31,31,1.0,246,246,FRC4,1,False
2026-08-16 13:06:55,2026-08-16T06:06:55Z,Sun,13,Kiệt 179 Nguyễn Văn Linh (Toàn bộ kiệt),Phường Nam Dương,16.060362,108.214005,2,65.0,33,41,0.805,2146,1727,FRC2,0.999025,False
2026-08-16 13:06:55,2026-08-16T06:06:55Z,Sun,13,67 Đường Tố Hữu,Phường Hòa Cường Nam,16.034478,108.219218,2,10.0,27,37,0.73,216,157,FRC4,1,False
2026-08-16 13:06:55,2026-08-16T06:06:55Z,Sun,13,Ngã tư Lê Thạch – Cao Sơn Pháo (Khu vực ,Phường Hòa Minh,16.057221,108.172134,2,53.3,34,46,0.739,1176,869,FRC1,1,False
2026-08-16 13:06:55,2026-08-16T06:06:55Z,Sun,13,Đường Hải Hồ,Phường Thanh Bình,16.081622,108.216037,2,36.7,36,36,1.0,249,249,FRC3,1,False
2026-08-16 13:06:55,2026-08-16T06:06:55Z,Sun,13,Kiệt 640 Trưng Nữ Vương (Toàn bộ kiệt),Phường Hòa Cường Bắc,16.04386,108.207734,2,70.0,47,47,1.0,786,786,FRC4,1,False
2026-08-16 13:06:55,2026-08-16T06:06:55Z,Sun,13,20 Đường Lê Quý Đôn,Phường Bình Hiên,16.055828,108.22107,2,51.7,19,29,0.655,220,144,FRC4,0.95,False
2026-08-16 13:06:55,2026-08-16T06:06:55Z,Sun,13,Đống Đa,Phường Thanh Bình,16.078364,108.216795,2,10.0,36,36,1.0,249,249,FRC3,1,False
2026-08-16 13:06:55,2026-08-16T06:06:55Z,Sun,13,Quận Liên Chiểu,Phường Hòa Minh,16.06738,108.166799,2,55.0,41,41,1.0,199,199,FRC4,1,False
2026-08-16 13:06:55,2026-08-16T06:06:55Z,Sun,13,Núi Thành,Phường Hòa Cường Nam,16.036737,108.222882,2,17.5,26,33,0.788,338,266,FRC4,1,False
2026-08-16 13:06:55,2026-08-16T06:06:55Z,Sun,13,"Ngã 3 Phạm Văn Nghị - Đào Duy Anh, phườn",Phường Thạc Gián,16.05869,108.209048,2,40.0,27,38,0.711,1654,1175,FRC4,1,False
2026-08-16 13:06:55,2026-08-16T06:06:55Z,Sun,13,Quận Sơn Trà,Phường Thọ Quang,16.104352,108.253997,2,26.5,45,45,1.0,1365,1365,FRC3,1,False
2026-08-16 13:06:55,2026-08-16T06:06:55Z,Sun,13,Quang Trung - Đống Đa (Đoạn ngã 4),Phường Thanh Bình,16.073419,108.213994,2,105.5,27,36,0.75,395,296,FRC4,1,False
2026-08-16 13:06:55,2026-08-16T06:06:55Z,Sun,13,Trưng Nữ Vương,Phường Hòa Thuận Tây,16.044318,108.206417,2,25.0,47,47,1.0,786,786,FRC4,1,False
2026-08-16 13:06:55,2026-08-16T06:06:55Z,Sun,13,Đ. Ngô Thì Nhậm,Phường Hòa Minh,16.071259,108.156865,2,40.0,40,40,1.0,194,194,FRC4,1,False
2026-08-16 13:06:55,2026-08-16T06:06:55Z,Sun,13,Ngô Tử Hạ,Phường Hòa An,16.043478,108.178278,2,55.0,52,52,1.0,1328,1328,FRC1,1,False
2026-08-16 13:06:55,2026-08-16T06:06:55Z,Sun,13,"Kiệt 818 Trần Cao Vân, tổ 20 P.Thanh Khê",Phường Thanh Khê Đông,16.069731,108.184158,2,90.0,26,34,0.765,696,532,FRC4,1,False
2026-08-16 13:06:55,2026-08-16T06:06:55Z,Sun,13,Hẻm 45 Đường An Mỹ 08 (Hem 45 Duong An M,Phường An Hải Tây,16.06394,108.23185,2,10.0,32,32,1.0,73,73,FRC3,1,False
2026-08-16 13:36:55,2026-08-16T06:36:55Z,Sun,13,15 Đường Quang Trung,Phường Hải Châu,16.075051,108.222198,5,12.0,25,34,0.735,724,532,FRC4,0.997228,False
2026-08-16 13:36:55,2026-08-16T06:36:55Z,Sun,13,Phần Lăng 1,Phường Hòa Cường Bắc,16.054171,108.188345,5,49.2,31,31,1.0,246,246,FRC4,1,False
2026-08-16 13:36:55,2026-08-16T06:36:55Z,Sun,13,24 Đường Trần Phú,Phường Thạch Thang,16.077081,108.223023,5,12.0,27,36,0.75,395,296,FRC4,1,False
2026-08-16 13:36:55,2026-08-16T06:36:55Z,Sun,13,2 Đường Lý Thái Tổ (Duong Ly Thai To),Phường Thạc Gián,16.066432,108.209833,4,64.6,27,39,0.692,688,476,FRC1,0.990176,False
2026-08-16 13:36:55,2026-08-16T06:36:55Z,Sun,13,100 Đường Trần Phú,Phường Hải Châu 1,16.06907,108.22398,4,46.5,22,33,0.667,386,257,FRC4,1,False
2026-08-16 13:36:55,2026-08-16T06:36:55Z,Sun,13,Ngã tư Bắc Sơn – Trần Văn Ơn (Khu vực gi,Phường Hòa An,16.054638,108.176766,3,96.9,36,36,1.0,282,282,FRC4,1,False
2026-08-16 13:36:55,2026-08-16T06:36:55Z,Sun,13,40 Đường Trần Phú,Phường Hải Châu I,16.071757,108.224725,3,59.6,27,27,1.0,14,14,FRC4,1,False
2026-08-16 13:36:55,2026-08-16T06:36:55Z,Sun,13,Bàu Làng,Phường Thanh Khê Đông,16.070435,108.185778,3,49.0,27,34,0.794,670,532,FRC4,0.998507,False
2026-08-16 13:36:55,2026-08-16T06:36:55Z,Sun,13,Huỳnh Ngọc Huệ,Phường Hòa Khê,16.061159,108.185345,3,81.0,18,27,0.667,445,296,FRC4,0.862047,False
2026-08-16 13:36:55,2026-08-16T06:36:55Z,Sun,13,"Hàm Nghi, tổ 36 P.Vĩnh Trung (số 87 - 16",Phường Thạc Gián,16.061954,108.210494,2,93.1,34,41,0.829,2082,1727,FRC2,1,False
2026-08-16 13:36:55,2026-08-16T06:36:55Z,Sun,13,Đường Bắc Sơn (Từ số nhà 02 đến số nhà 9,Phường Hòa An,16.059092,108.175051,2,105.7,34,47,0.723,1176,850,FRC1,1,False
2026-08-16 13:36:55,2026-08-16T06:36:55Z,Sun,13,Lê Thanh Nghị,Phường Hòa Cường Nam,16.035861,108.218057,2,19.2,24,36,0.667,243,162,FRC4,1,False
2026-08-16 13:36:55,2026-08-16T06:36:55Z,Sun,13,50 Đường Hoàng Hoa Thám,Phường Tam Thuận,16.069332,108.209716,2,45.0,24,37,0.649,406,263,FRC4,1,False
2026-08-16 13:36:55,2026-08-16T06:36:55Z,Sun,13,Đường Cầm Bá Thước (Toàn bộ tuyến đường),Phường Hòa Cường Bắc,16.042987,108.212774,2,52.0,39,47,0.83,948,786,FRC4,1,False
2026-08-16 13:36:55,2026-08-16T06:36:55Z,Sun,13,Hà Huy Tập,Phường Hòa Khê,16.05858,108.184255,2,64.0,31,31,1.0,246,246,FRC4,1,False
2026-08-16 13:36:55,2026-08-16T06:36:55Z,Sun,13,Kiệt 179 Nguyễn Văn Linh (Toàn bộ kiệt),Phường Nam Dương,16.060362,108.214005,2,65.0,34,41,0.829,2082,1727,FRC2,1,False
2026-08-16 13:36:55,2026-08-16T06:36:55Z,Sun,13,67 Đường Tố Hữu,Phường Hòa Cường Nam,16.034478,108.219218,2,10.0,24,36,0.667,243,162,FRC4,1,False
2026-08-16 13:36:55,2026-08-16T06:36:55Z,Sun,13,Ngã tư Lê Thạch – Cao Sơn Pháo (Khu vực ,Phường Hòa Minh,16.057221,108.172134,2,53.3,34,47,0.723,1176,850,FRC1,1,False
2026-08-16 13:36:55,2026-08-16T06:36:55Z,Sun,13,Đường Hải Hồ,Phường Thanh Bình,16.081622,108.216037,2,36.7,27,35,0.771,332,256,FRC3,1,False
2026-08-16 13:36:55,2026-08-16T06:36:55Z,Sun,13,Kiệt 640 Trưng Nữ Vương (Toàn bộ kiệt),Phường Hòa Cường Bắc,16.04386,108.207734,2,70.0,40,47,0.851,924,786,FRC4,1,False
2026-08-16 13:36:55,2026-08-16T06:36:55Z,Sun,13,20 Đường Lê Quý Đôn,Phường Bình Hiên,16.055828,108.22107,2,51.7,21,29,0.724,199,144,FRC4,0.93,False
2026-08-16 13:36:55,2026-08-16T06:36:55Z,Sun,13,Đống Đa,Phường Thanh Bình,16.078364,108.216795,2,10.0,27,35,0.771,332,256,FRC3,1,False
2026-08-16 13:36:55,2026-08-16T06:36:55Z,Sun,13,Quận Liên Chiểu,Phường Hòa Minh,16.06738,108.166799,2,55.0,34,41,0.829,240,199,FRC4,1,False
2026-08-16 13:36:55,2026-08-16T06:36:55Z,Sun,13,Núi Thành,Phường Hòa Cường Nam,16.036737,108.222882,2,17.5,34,34,1.0,258,258,FRC4,1,False
2026-08-16 13:36:55,2026-08-16T06:36:55Z,Sun,13,"Ngã 3 Phạm Văn Nghị - Đào Duy Anh, phườn",Phường Thạc Gián,16.05869,108.209048,2,40.0,29,37,0.784,1540,1207,FRC4,1,False
2026-08-16 13:36:55,2026-08-16T06:36:55Z,Sun,13,Quận Sơn Trà,Phường Thọ Quang,16.104352,108.253997,2,26.5,45,45,1.0,1365,1365,FRC3,1,False
2026-08-16 13:36:55,2026-08-16T06:36:55Z,Sun,13,Quang Trung - Đống Đa (Đoạn ngã 4),Phường Thanh Bình,16.073419,108.213994,2,105.5,27,36,0.75,395,296,FRC4,1,False
2026-08-16 13:36:55,2026-08-16T06:36:55Z,Sun,13,Trưng Nữ Vương,Phường Hòa Thuận Tây,16.044318,108.206417,2,25.0,40,47,0.851,924,786,FRC4,1,False
2026-08-16 13:36:55,2026-08-16T06:36:55Z,Sun,13,Đ. Ngô Thì Nhậm,Phường Hòa Minh,16.071259,108.156865,2,40.0,32,40,0.8,243,194,FRC4,1,False
2026-08-16 13:36:55,2026-08-16T06:36:55Z,Sun,13,Ngô Tử Hạ,Phường Hòa An,16.043478,108.178278,2,55.0,44,51,0.863,1569,1354,FRC1,1,False
2026-08-16 13:36:55,2026-08-16T06:36:55Z,Sun,13,"Kiệt 818 Trần Cao Vân, tổ 20 P.Thanh Khê",Phường Thanh Khê Đông,16.069731,108.184158,2,90.0,29,34,0.853,624,532,FRC4,1,False
2026-08-16 13:36:55,2026-08-16T06:36:55Z,Sun,13,Hẻm 45 Đường An Mỹ 08 (Hem 45 Duong An M,Phường An Hải Tây,16.06394,108.23185,2,10.0,32,32,1.0,73,73,FRC3,1,False
2026-08-16 14:06:55,2026-08-16T07:06:55Z,Sun,14,15 Đường Quang Trung,Phường Hải Châu,16.075051,108.222198,5,12.0,26,34,0.765,696,532,FRC4,0.999065,False
2026-08-16 14:06:55,2026-08-16T07:06:55Z,Sun,14,Phần Lăng 1,Phường Hòa Cường Bắc,16.054171,108.188345,5,49.2,24,30,0.8,318,255,FRC4,0.899736,False
2026-08-16 14:06:55,2026-08-16T07:06:55Z,Sun,14,24 Đường Trần Phú,Phường Thạch Thang,16.077081,108.223023,5,12.0,23,36,0.639,464,296,FRC4,0.994975,False
2026-08-16 14:06:55,2026-08-16T07:06:55Z,Sun,14,2 Đường Lý Thái Tổ (Duong Ly Thai To),Phường Thạc Gián,16.066432,108.209833,4,64.6,28,39,0.718,663,476,FRC1,0.987462,False
2026-08-16 14:06:55,2026-08-16T07:06:55Z,Sun,14,100 Đường Trần Phú,Phường Hải Châu 1,16.06907,108.22398,4,46.5,18,33,0.545,472,257,FRC4,1,False
2026-08-16 14:06:55,2026-08-16T07:06:55Z,Sun,14,Ngã tư Bắc Sơn – Trần Văn Ơn (Khu vực gi,Phường Hòa An,16.054638,108.176766,3,96.9,36,36,1.0,282,282,FRC4,1,False
2026-08-16 14:06:55,2026-08-16T07:06:55Z,Sun,14,40 Đường Trần Phú,Phường Hải Châu I,16.071757,108.224725,3,59.6,27,27,1.0,14,14,FRC4,1,False
2026-08-16 14:06:55,2026-08-16T07:06:55Z,Sun,14,Bàu Làng,Phường Thanh Khê Đông,16.070435,108.185778,3,49.0,26,34,0.765,696,532,FRC4,0.998509,False
2026-08-16 14:06:55,2026-08-16T07:06:55Z,Sun,14,Huỳnh Ngọc Huệ,Phường Hòa Khê,16.061159,108.185345,3,81.0,19,27,0.704,421,296,FRC4,0.934692,False
2026-08-16 14:06:55,2026-08-16T07:06:55Z,Sun,14,"Hàm Nghi, tổ 36 P.Vĩnh Trung (số 87 - 16",Phường Thạc Gián,16.061954,108.210494,2,93.1,34,41,0.829,2082,1727,FRC2,1,False
2026-08-16 14:06:55,2026-08-16T07:06:55Z,Sun,14,Đường Bắc Sơn (Từ số nhà 02 đến số nhà 9,Phường Hòa An,16.059092,108.175051,2,105.7,32,46,0.696,1249,869,FRC1,1,False
2026-08-16 14:06:55,2026-08-16T07:06:55Z,Sun,14,Lê Thanh Nghị,Phường Hòa Cường Nam,16.035861,108.218057,2,19.2,25,36,0.694,233,162,FRC4,1,False
2026-08-16 14:06:55,2026-08-16T07:06:55Z,Sun,14,50 Đường Hoàng Hoa Thám,Phường Tam Thuận,16.069332,108.209716,2,45.0,24,37,0.649,406,263,FRC4,1,False
2026-08-16 14:06:55,2026-08-16T07:06:55Z,Sun,14,Đường Cầm Bá Thước (Toàn bộ tuyến đường),Phường Hòa Cường Bắc,16.042987,108.212774,2,52.0,39,47,0.83,948,786,FRC4,1,False
2026-08-16 14:06:55,2026-08-16T07:06:55Z,Sun,14,Hà Huy Tập,Phường Hòa Khê,16.05858,108.184255,2,64.0,24,30,0.8,318,255,FRC4,0.904287,False
2026-08-16 14:06:55,2026-08-16T07:06:55Z,Sun,14,Kiệt 179 Nguyễn Văn Linh (Toàn bộ kiệt),Phường Nam Dương,16.060362,108.214005,2,65.0,34,41,0.829,2082,1727,FRC2,1,False
2026-08-16 14:06:55,2026-08-16T07:06:55Z,Sun,14,67 Đường Tố Hữu,Phường Hòa Cường Nam,16.034478,108.219218,2,10.0,25,36,0.694,233,162,FRC4,1,False
2026-08-16 14:06:55,2026-08-16T07:06:55Z,Sun,14,Ngã tư Lê Thạch – Cao Sơn Pháo (Khu vực ,Phường Hòa Minh,16.057221,108.172134,2,53.3,32,46,0.696,1249,869,FRC1,1,False
2026-08-16 14:06:55,2026-08-16T07:06:55Z,Sun,14,Đường Hải Hồ,Phường Thanh Bình,16.081622,108.216037,2,36.7,36,36,1.0,249,249,FRC3,1,False
2026-08-16 14:06:55,2026-08-16T07:06:55Z,Sun,14,Kiệt 640 Trưng Nữ Vương (Toàn bộ kiệt),Phường Hòa Cường Bắc,16.04386,108.207734,2,70.0,40,47,0.851,924,786,FRC4,1,False
2026-08-16 14:06:55,2026-08-16T07:06:55Z,Sun,14,20 Đường Lê Quý Đôn,Phường Bình Hiên,16.055828,108.22107,2,51.7,20,28,0.714,209,149,FRC4,0.9,False
2026-08-16 14:06:55,2026-08-16T07:06:55Z,Sun,14,Đống Đa,Phường Thanh Bình,16.078364,108.216795,2,10.0,36,36,1.0,249,249,FRC3,1,False
2026-08-16 14:06:55,2026-08-16T07:06:55Z,Sun,14,Quận Liên Chiểu,Phường Hòa Minh,16.06738,108.166799,2,55.0,41,41,1.0,199,199,FRC4,1,False
2026-08-16 14:06:55,2026-08-16T07:06:55Z,Sun,14,Núi Thành,Phường Hòa Cường Nam,16.036737,108.222882,2,17.5,25,33,0.758,351,266,FRC4,1,False
2026-08-16 14:06:55,2026-08-16T07:06:55Z,Sun,14,"Ngã 3 Phạm Văn Nghị - Đào Duy Anh, phườn",Phường Thạc Gián,16.05869,108.209048,2,40.0,28,38,0.737,1595,1175,FRC4,1,False
2026-08-16 14:06:55,2026-08-16T07:06:55Z,Sun,14,Quận Sơn Trà,Phường Thọ Quang,16.104352,108.253997,2,26.5,45,45,1.0,1365,1365,FRC3,1,False
2026-08-16 14:06:55,2026-08-16T07:06:55Z,Sun,14,Quang Trung - Đống Đa (Đoạn ngã 4),Phường Thanh Bình,16.073419,108.213994,2,105.5,23,36,0.639,464,296,FRC4,0.994975,False
2026-08-16 14:06:55,2026-08-16T07:06:55Z,Sun,14,Trưng Nữ Vương,Phường Hòa Thuận Tây,16.044318,108.206417,2,25.0,40,47,0.851,924,786,FRC4,1,False
2026-08-16 14:06:55,2026-08-16T07:06:55Z,Sun,14,Đ. Ngô Thì Nhậm,Phường Hòa Minh,16.071259,108.156865,2,40.0,32,40,0.8,243,194,FRC4,1,False
2026-08-16 14:06:55,2026-08-16T07:06:55Z,Sun,14,Ngô Tử Hạ,Phường Hòa An,16.043478,108.178278,2,55.0,43,51,0.843,1606,1354,FRC1,1,False
2026-08-16 14:06:55,2026-08-16T07:06:55Z,Sun,14,"Kiệt 818 Trần Cao Vân, tổ 20 P.Thanh Khê",Phường Thanh Khê Đông,16.069731,108.184158,2,90.0,24,34,0.706,754,532,FRC4,1,False
2026-08-16 14:06:55,2026-08-16T07:06:55Z,Sun,14,Hẻm 45 Đường An Mỹ 08 (Hem 45 Duong An M,Phường An Hải Tây,16.06394,108.23185,2,10.0,22,30,0.733,107,78,FRC3,0.94,False
2026-08-16 14:36:55,2026-08-16T07:36:55Z,Sun,14,15 Đường Quang Trung,Phường Hải Châu,16.075051,108.222198,5,12.0,25,33,0.758,724,548,FRC4,0.998507,False
2026-08-16 14:36:55,2026-08-16T07:36:55Z,Sun,14,Phần Lăng 1,Phường Hòa Cường Bắc,16.054171,108.188345,5,49.2,21,30,0.7,364,255,FRC4,0.891959,False
2026-08-16 14:36:55,2026-08-16T07:36:55Z,Sun,14,24 Đường Trần Phú,Phường Thạch Thang,16.077081,108.223023,5,12.0,29,36,0.806,368,296,FRC4,0.996364,False
2026-08-16 14:36:55,2026-08-16T07:36:55Z,Sun,14,2 Đường Lý Thái Tổ (Duong Ly Thai To),Phường Thạc Gián,16.066432,108.209833,4,64.6,25,39,0.641,743,476,FRC1,0.98729,False
2026-08-16 14:36:55,2026-08-16T07:36:55Z,Sun,14,100 Đường Trần Phú,Phường Hải Châu 1,16.06907,108.22398,4,46.5,16,33,0.485,531,257,FRC4,1,False
2026-08-16 14:36:55,2026-08-16T07:36:55Z,Sun,14,Ngã tư Bắc Sơn – Trần Văn Ơn (Khu vực gi,Phường Hòa An,16.054638,108.176766,3,96.9,27,36,0.75,377,282,FRC4,0.97,False
2026-08-16 14:36:55,2026-08-16T07:36:55Z,Sun,14,40 Đường Trần Phú,Phường Hải Châu I,16.071757,108.224725,3,59.6,27,27,1.0,14,14,FRC4,1,False
2026-08-16 14:36:55,2026-08-16T07:36:55Z,Sun,14,Bàu Làng,Phường Thanh Khê Đông,16.070435,108.185778,3,49.0,25,33,0.758,724,548,FRC4,0.998507,False
2026-08-16 14:36:55,2026-08-16T07:36:55Z,Sun,14,Huỳnh Ngọc Huệ,Phường Hòa Khê,16.061159,108.185345,3,81.0,16,27,0.593,501,296,FRC4,0.966369,False
2026-08-16 14:36:55,2026-08-16T07:36:55Z,Sun,14,"Hàm Nghi, tổ 36 P.Vĩnh Trung (số 87 - 16",Phường Thạc Gián,16.061954,108.210494,2,93.1,33,41,0.805,2146,1727,FRC2,0.999392,False
2026-08-16 14:36:55,2026-08-16T07:36:55Z,Sun,14,Đường Bắc Sơn (Từ số nhà 02 đến số nhà 9,Phường Hòa An,16.059092,108.175051,2,105.7,31,46,0.674,1289,869,FRC1,1,False
2026-08-16 14:36:55,2026-08-16T07:36:55Z,Sun,14,Lê Thanh Nghị,Phường Hòa Cường Nam,16.035861,108.218057,2,19.2,28,36,0.778,208,162,FRC4,1,False
2026-08-16 14:36:55,2026-08-16T07:36:55Z,Sun,14,50 Đường Hoàng Hoa Thám,Phường Tam Thuận,16.069332,108.209716,2,45.0,25,36,0.694,390,271,FRC4,1,False
2026-08-16 14:36:55,2026-08-16T07:36:55Z,Sun,14,Đường Cầm Bá Thước (Toàn bộ tuyến đường),Phường Hòa Cường Bắc,16.042987,108.212774,2,52.0,38,47,0.809,973,786,FRC4,1,False
2026-08-16 14:36:55,2026-08-16T07:36:55Z,Sun,14,Hà Huy Tập,Phường Hòa Khê,16.05858,108.184255,2,64.0,21,30,0.7,364,255,FRC4,0.870643,False
2026-08-16 14:36:55,2026-08-16T07:36:55Z,Sun,14,Kiệt 179 Nguyễn Văn Linh (Toàn bộ kiệt),Phường Nam Dương,16.060362,108.214005,2,65.0,33,41,0.805,2146,1727,FRC2,0.999392,False
2026-08-16 14:36:55,2026-08-16T07:36:55Z,Sun,14,67 Đường Tố Hữu,Phường Hòa Cường Nam,16.034478,108.219218,2,10.0,28,36,0.778,208,162,FRC4,1,False
2026-08-16 14:36:55,2026-08-16T07:36:55Z,Sun,14,Ngã tư Lê Thạch – Cao Sơn Pháo (Khu vực ,Phường Hòa Minh,16.057221,108.172134,2,53.3,31,46,0.674,1289,869,FRC1,1,False
2026-08-16 14:36:55,2026-08-16T07:36:55Z,Sun,14,Đường Hải Hồ,Phường Thanh Bình,16.081622,108.216037,2,36.7,26,36,0.722,345,249,FRC3,1,False
2026-08-16 14:36:55,2026-08-16T07:36:55Z,Sun,14,Kiệt 640 Trưng Nữ Vương (Toàn bộ kiệt),Phường Hòa Cường Bắc,16.04386,108.207734,2,70.0,39,47,0.83,948,786,FRC4,1,False
2026-08-16 14:36:55,2026-08-16T07:36:55Z,Sun,14,20 Đường Lê Quý Đôn,Phường Bình Hiên,16.055828,108.22107,2,51.7,18,28,0.643,232,149,FRC4,0.874481,False
2026-08-16 14:36:55,2026-08-16T07:36:55Z,Sun,14,Đống Đa,Phường Thanh Bình,16.078364,108.216795,2,10.0,26,36,0.722,345,249,FRC3,1,False
2026-08-16 14:36:55,2026-08-16T07:36:55Z,Sun,14,Quận Liên Chiểu,Phường Hòa Minh,16.06738,108.166799,2,55.0,41,41,1.0,199,199,FRC4,1,False
2026-08-16 14:36:55,2026-08-16T07:36:55Z,Sun,14,Núi Thành,Phường Hòa Cường Nam,16.036737,108.222882,2,17.5,27,34,0.794,325,258,FRC4,1,False
2026-08-16 14:36:55,2026-08-16T07:36:55Z,Sun,14,"Ngã 3 Phạm Văn Nghị - Đào Duy Anh, phườn",Phường Thạc Gián,16.05869,108.209048,2,40.0,30,37,0.811,1488,1207,FRC4,1,False
2026-08-16 14:36:55,2026-08-16T07:36:55Z,Sun,14,Quận Sơn Trà,Phường Thọ Quang,16.104352,108.253997,2,26.5,45,45,1.0,1365,1365,FRC3,1,False
2026-08-16 14:36:55,2026-08-16T07:36:55Z,Sun,14,Quang Trung - Đống Đa (Đoạn ngã 4),Phường Thanh Bình,16.073419,108.213994,2,105.5,30,37,0.811,355,288,FRC4,0.996364,False
2026-08-16 14:36:55,2026-08-16T07:36:55Z,Sun,14,Trưng Nữ Vương,Phường Hòa Thuận Tây,16.044318,108.206417,2,25.0,39,47,0.83,948,786,FRC4,1,False
2026-08-16 14:36:55,2026-08-16T07:36:55Z,Sun,14,Đ. Ngô Thì Nhậm,Phường Hòa Minh,16.071259,108.156865,2,40.0,30,40,0.75,259,194,FRC4,1,False
2026-08-16 14:36:55,2026-08-16T07:36:55Z,Sun,14,Ngô Tử Hạ,Phường Hòa An,16.043478,108.178278,2,55.0,52,52,1.0,1328,1328,FRC1,1,False
2026-08-16 14:36:55,2026-08-16T07:36:55Z,Sun,14,"Kiệt 818 Trần Cao Vân, tổ 20 P.Thanh Khê",Phường Thanh Khê Đông,16.069731,108.184158,2,90.0,25,35,0.714,724,517,FRC4,1,False
2026-08-16 14:36:55,2026-08-16T07:36:55Z,Sun,14,Hẻm 45 Đường An Mỹ 08 (Hem 45 Duong An M,Phường An Hải Tây,16.06394,108.23185,2,10.0,20,32,0.625,117,73,FRC3,0.968175,False
2026-08-16 15:06:55,2026-08-16T08:06:55Z,Sun,15,15 Đường Quang Trung,Phường Hải Châu,16.075051,108.222198,5,12.0,25,34,0.735,724,532,FRC4,0.995532,False
2026-08-16 15:06:55,2026-08-16T08:06:55Z,Sun,15,Phần Lăng 1,Phường Hòa Cường Bắc,16.054171,108.188345,5,49.2,23,30,0.767,332,255,FRC4,0.937126,False
2026-08-16 15:06:55,2026-08-16T08:06:55Z,Sun,15,24 Đường Trần Phú,Phường Thạch Thang,16.077081,108.223023,5,12.0,28,36,0.778,381,296,FRC4,1,False
2026-08-16 15:06:55,2026-08-16T08:06:55Z,Sun,15,2 Đường Lý Thái Tổ (Duong Ly Thai To),Phường Thạc Gián,16.066432,108.209833,4,64.6,24,38,0.632,774,488,FRC1,0.986553,False
2026-08-16 15:06:55,2026-08-16T08:06:55Z,Sun,15,100 Đường Trần Phú,Phường Hải Châu 1,16.06907,108.22398,4,46.5,17,32,0.531,500,265,FRC4,1,False
2026-08-16 15:06:55,2026-08-16T08:06:55Z,Sun,15,Ngã tư Bắc Sơn – Trần Văn Ơn (Khu vực gi,Phường Hòa An,16.054638,108.176766,3,96.9,25,35,0.714,407,290,FRC4,0.996369,False
2026-08-16 15:06:55,2026-08-16T08:06:55Z,Sun,15,40 Đường Trần Phú,Phường Hải Châu I,16.071757,108.224725,3,59.6,27,27,1.0,14,14,FRC4,1,False
2026-08-16 15:06:55,2026-08-16T08:06:55Z,Sun,15,Bàu Làng,Phường Thanh Khê Đông,16.070435,108.185778,3,49.0,25,34,0.735,724,532,FRC4,0.995532,False
2026-08-16 15:06:55,2026-08-16T08:06:55Z,Sun,15,Huỳnh Ngọc Huệ,Phường Hòa Khê,16.061159,108.185345,3,81.0,17,28,0.607,471,286,FRC4,0.960437,False
2026-08-16 15:06:55,2026-08-16T08:06:55Z,Sun,15,"Hàm Nghi, tổ 36 P.Vĩnh Trung (số 87 - 16",Phường Thạc Gián,16.061954,108.210494,2,93.1,33,41,0.805,2146,1727,FRC2,1,False
2026-08-16 15:06:55,2026-08-16T08:06:55Z,Sun,15,Đường Bắc Sơn (Từ số nhà 02 đến số nhà 9,Phường Hòa An,16.059092,108.175051,2,105.7,32,46,0.696,1249,869,FRC1,1,False
2026-08-16 15:06:55,2026-08-16T08:06:55Z,Sun,15,Lê Thanh Nghị,Phường Hòa Cường Nam,16.035861,108.218057,2,19.2,24,36,0.667,243,162,FRC4,1,False
2026-08-16 15:06:55,2026-08-16T08:06:55Z,Sun,15,50 Đường Hoàng Hoa Thám,Phường Tam Thuận,16.069332,108.209716,2,45.0,23,37,0.622,424,263,FRC4,1,False
2026-08-16 15:06:55,2026-08-16T08:06:55Z,Sun,15,Đường Cầm Bá Thước (Toàn bộ tuyến đường),Phường Hòa Cường Bắc,16.042987,108.212774,2,52.0,38,46,0.826,973,803,FRC4,1,False
2026-08-16 15:06:55,2026-08-16T08:06:55Z,Sun,15,Hà Huy Tập,Phường Hòa Khê,16.05858,108.184255,2,64.0,23,30,0.767,332,255,FRC4,0.937126,False
2026-08-16 15:06:55,2026-08-16T08:06:55Z,Sun,15,Kiệt 179 Nguyễn Văn Linh (Toàn bộ kiệt),Phường Nam Dương,16.060362,108.214005,2,65.0,33,41,0.805,2146,1727,FRC2,1,False
2026-08-16 15:06:55,2026-08-16T08:06:55Z,Sun,15,67 Đường Tố Hữu,Phường Hòa Cường Nam,16.034478,108.219218,2,10.0,24,36,0.667,243,162,FRC4,1,False
2026-08-16 15:06:55,2026-08-16T08:06:55Z,Sun,15,Ngã tư Lê Thạch – Cao Sơn Pháo (Khu vực ,Phường Hòa Minh,16.057221,108.172134,2,53.3,32,46,0.696,1249,869,FRC1,1,False
2026-08-16 15:06:55,2026-08-16T08:06:55Z,Sun,15,Đường Hải Hồ,Phường Thanh Bình,16.081622,108.216037,2,36.7,27,36,0.75,332,249,FRC3,1,False
2026-08-16 15:06:55,2026-08-16T08:06:55Z,Sun,15,Kiệt 640 Trưng Nữ Vương (Toàn bộ kiệt),Phường Hòa Cường Bắc,16.04386,108.207734,2,70.0,38,46,0.826,973,803,FRC4,1,False
2026-08-16 15:06:55,2026-08-16T08:06:55Z,Sun,15,20 Đường Lê Quý Đôn,Phường Bình Hiên,16.055828,108.22107,2,51.7,20,29,0.69,209,144,FRC4,0.824217,False
2026-08-16 15:06:55,2026-08-16T08:06:55Z,Sun,15,Đống Đa,Phường Thanh Bình,16.078364,108.216795,2,10.0,27,36,0.75,332,249,FRC3,1,False
2026-08-16 15:06:55,2026-08-16T08:06:55Z,Sun,15,Quận Liên Chiểu,Phường Hòa Minh,16.06738,108.166799,2,55.0,30,41,0.732,272,199,FRC4,1,False
2026-08-16 15:06:55,2026-08-16T08:06:55Z,Sun,15,Núi Thành,Phường Hòa Cường Nam,16.036737,108.222882,2,17.5,34,34,1.0,258,258,FRC4,1,False
2026-08-16 15:06:55,2026-08-16T08:06:55Z,Sun,15,"Ngã 3 Phạm Văn Nghị - Đào Duy Anh, phườn",Phường Thạc Gián,16.05869,108.209048,2,40.0,29,37,0.784,1540,1207,FRC4,1,False
2026-08-16 15:06:55,2026-08-16T08:06:55Z,Sun,15,Quận Sơn Trà,Phường Thọ Quang,16.104352,108.253997,2,26.5,45,45,1.0,1365,1365,FRC3,1,False
2026-08-16 15:06:55,2026-08-16T08:06:55Z,Sun,15,Quang Trung - Đống Đa (Đoạn ngã 4),Phường Thanh Bình,16.073419,108.213994,2,105.5,28,36,0.778,381,296,FRC4,1,False
2026-08-16 15:06:55,2026-08-16T08:06:55Z,Sun,15,Trưng Nữ Vương,Phường Hòa Thuận Tây,16.044318,108.206417,2,25.0,39,47,0.83,948,786,FRC4,1,False
2026-08-16 15:06:55,2026-08-16T08:06:55Z,Sun,15,Đ. Ngô Thì Nhậm,Phường Hòa Minh,16.071259,108.156865,2,40.0,30,40,0.75,259,194,FRC4,1,False
2026-08-16 15:06:55,2026-08-16T08:06:55Z,Sun,15,Ngô Tử Hạ,Phường Hòa An,16.043478,108.178278,2,55.0,43,52,0.827,1606,1328,FRC1,1,False
2026-08-16 15:06:55,2026-08-16T08:06:55Z,Sun,15,"Kiệt 818 Trần Cao Vân, tổ 20 P.Thanh Khê",Phường Thanh Khê Đông,16.069731,108.184158,2,90.0,25,34,0.735,724,532,FRC4,1,False
2026-08-16 15:06:55,2026-08-16T08:06:55Z,Sun,15,Hẻm 45 Đường An Mỹ 08 (Hem 45 Duong An M,Phường An Hải Tây,16.06394,108.23185,2,10.0,19,33,0.576,124,71,FRC3,0.97,False
2026-08-16 15:36:55,2026-08-16T08:36:55Z,Sun,15,15 Đường Quang Trung,Phường Hải Châu,16.075051,108.222198,5,12.0,21,34,0.618,862,532,FRC4,0.998181,False
2026-08-16 15:36:55,2026-08-16T08:36:55Z,Sun,15,Phần Lăng 1,Phường Hòa Cường Bắc,16.054171,108.188345,5,49.2,21,30,0.7,364,255,FRC4,0.861393,False
2026-08-16 15:36:55,2026-08-16T08:36:55Z,Sun,15,24 Đường Trần Phú,Phường Thạch Thang,16.077081,108.223023,5,12.0,29,37,0.784,368,288,FRC4,1,False
2026-08-16 15:36:55,2026-08-16T08:36:55Z,Sun,15,2 Đường Lý Thái Tổ (Duong Ly Thai To),Phường Thạc Gián,16.066432,108.209833,4,64.6,25,39,0.641,743,476,FRC1,0.988531,False
2026-08-16 15:36:55,2026-08-16T08:36:55Z,Sun,15,100 Đường Trần Phú,Phường Hải Châu 1,16.06907,108.22398,4,46.5,23,33,0.697,369,257,FRC4,1,False
2026-08-16 15:36:55,2026-08-16T08:36:55Z,Sun,15,Ngã tư Bắc Sơn – Trần Văn Ơn (Khu vực gi,Phường Hòa An,16.054638,108.176766,3,96.9,25,35,0.714,407,290,FRC4,0.99,False
2026-08-16 15:36:55,2026-08-16T08:36:55Z,Sun,15,40 Đường Trần Phú,Phường Hải Châu I,16.071757,108.224725,3,59.6,27,27,1.0,14,14,FRC4,1,False
2026-08-16 15:36:55,2026-08-16T08:36:55Z,Sun,15,Bàu Làng,Phường Thanh Khê Đông,16.070435,108.185778,3,49.0,21,34,0.618,862,532,FRC4,0.998181,False
2026-08-16 15:36:55,2026-08-16T08:36:55Z,Sun,15,Huỳnh Ngọc Huệ,Phường Hòa Khê,16.061159,108.185345,3,81.0,20,28,0.714,400,286,FRC4,0.89,False
2026-08-16 15:36:55,2026-08-16T08:36:55Z,Sun,15,"Hàm Nghi, tổ 36 P.Vĩnh Trung (số 87 - 16",Phường Thạc Gián,16.061954,108.210494,2,93.1,34,41,0.829,2082,1727,FRC2,0.999936,False
2026-08-16 15:36:55,2026-08-16T08:36:55Z,Sun,15,Đường Bắc Sơn (Từ số nhà 02 đến số nhà 9,Phường Hòa An,16.059092,108.175051,2,105.7,32,46,0.696,1249,869,FRC1,1,False
2026-08-16 15:36:55,2026-08-16T08:36:55Z,Sun,15,Lê Thanh Nghị,Phường Hòa Cường Nam,16.035861,108.218057,2,19.2,27,37,0.73,216,157,FRC4,1,False
2026-08-16 15:36:55,2026-08-16T08:36:55Z,Sun,15,50 Đường Hoàng Hoa Thám,Phường Tam Thuận,16.069332,108.209716,2,45.0,20,37,0.541,487,263,FRC4,1,False
2026-08-16 15:36:55,2026-08-16T08:36:55Z,Sun,15,Đường Cầm Bá Thước (Toàn bộ tuyến đường),Phường Hòa Cường Bắc,16.042987,108.212774,2,52.0,36,46,0.783,1027,803,FRC4,1,False
2026-08-16 15:36:55,2026-08-16T08:36:55Z,Sun,15,Hà Huy Tập,Phường Hòa Khê,16.05858,108.184255,2,64.0,21,30,0.7,364,255,FRC4,0.861393,False
2026-08-16 15:36:55,2026-08-16T08:36:55Z,Sun,15,Kiệt 179 Nguyễn Văn Linh (Toàn bộ kiệt),Phường Nam Dương,16.060362,108.214005,2,65.0,34,41,0.829,2082,1727,FRC2,0.999936,False
2026-08-16 15:36:55,2026-08-16T08:36:55Z,Sun,15,67 Đường Tố Hữu,Phường Hòa Cường Nam,16.034478,108.219218,2,10.0,27,37,0.73,216,157,FRC4,1,False
2026-08-16 15:36:55,2026-08-16T08:36:55Z,Sun,15,Ngã tư Lê Thạch – Cao Sơn Pháo (Khu vực ,Phường Hòa Minh,16.057221,108.172134,2,53.3,32,46,0.696,1249,869,FRC1,1,False
2026-08-16 15:36:55,2026-08-16T08:36:55Z,Sun,15,Đường Hải Hồ,Phường Thanh Bình,16.081622,108.216037,2,36.7,28,36,0.778,320,249,FRC3,1,False
2026-08-16 15:36:55,2026-08-16T08:36:55Z,Sun,15,Kiệt 640 Trưng Nữ Vương (Toàn bộ kiệt),Phường Hòa Cường Bắc,16.04386,108.207734,2,70.0,39,47,0.83,948,786,FRC4,1,False
2026-08-16 15:36:55,2026-08-16T08:36:55Z,Sun,15,20 Đường Lê Quý Đôn,Phường Bình Hiên,16.055828,108.22107,2,51.7,15,29,0.517,278,144,FRC4,0.874656,False
2026-08-16 15:36:55,2026-08-16T08:36:55Z,Sun,15,Đống Đa,Phường Thanh Bình,16.078364,108.216795,2,10.0,28,36,0.778,320,249,FRC3,1,False
2026-08-16 15:36:55,2026-08-16T08:36:55Z,Sun,15,Quận Liên Chiểu,Phường Hòa Minh,16.06738,108.166799,2,55.0,35,40,0.875,233,204,FRC4,1,False
2026-08-16 15:36:55,2026-08-16T08:36:55Z,Sun,15,Núi Thành,Phường Hòa Cường Nam,16.036737,108.222882,2,17.5,25,33,0.758,351,266,FRC4,1,False
2026-08-16 15:36:55,2026-08-16T08:36:55Z,Sun,15,"Ngã 3 Phạm Văn Nghị - Đào Duy Anh, phườn",Phường Thạc Gián,16.05869,108.209048,2,40.0,28,38,0.737,1595,1175,FRC4,1,False
2026-08-16 15:36:55,2026-08-16T08:36:55Z,Sun,15,Quận Sơn Trà,Phường Thọ Quang,16.104352,108.253997,2,26.5,37,44,0.841,1660,1396,FRC3,1,False
2026-08-16 15:36:55,2026-08-16T08:36:55Z,Sun,15,Quang Trung - Đống Đa (Đoạn ngã 4),Phường Thanh Bình,16.073419,108.213994,2,105.5,29,36,0.806,368,296,FRC4,1,False
2026-08-16 15:36:55,2026-08-16T08:36:55Z,Sun,15,Trưng Nữ Vương,Phường Hòa Thuận Tây,16.044318,108.206417,2,25.0,38,46,0.826,973,803,FRC4,1,False
2026-08-16 15:36:55,2026-08-16T08:36:55Z,Sun,15,Đ. Ngô Thì Nhậm,Phường Hòa Minh,16.071259,108.156865,2,40.0,32,40,0.8,243,194,FRC4,1,False
2026-08-16 15:36:55,2026-08-16T08:36:55Z,Sun,15,Ngô Tử Hạ,Phường Hòa An,16.043478,108.178278,2,55.0,41,51,0.804,1684,1354,FRC1,1,False
2026-08-16 15:36:55,2026-08-16T08:36:55Z,Sun,15,"Kiệt 818 Trần Cao Vân, tổ 20 P.Thanh Khê",Phường Thanh Khê Đông,16.069731,108.184158,2,90.0,25,34,0.735,724,532,FRC4,1,False
2026-08-16 15:36:55,2026-08-16T08:36:55Z,Sun,15,Hẻm 45 Đường An Mỹ 08 (Hem 45 Duong An M,Phường An Hải Tây,16.06394,108.23185,2,10.0,32,32,1.0,73,73,FRC3,1,False
2026-08-16 16:06:55,2026-08-16T09:06:55Z,Sun,16,15 Đường Quang Trung,Phường Hải Châu,16.075051,108.222198,5,12.0,25,33,0.758,724,548,FRC4,0.992229,False
2026-08-16 16:06:55,2026-08-16T09:06:55Z,Sun,16,Phần Lăng 1,Phường Hòa Cường Bắc,16.054171,108.188345,5,49.2,23,30,0.767,332,255,FRC4,0.856271,False
2026-08-16 16:06:55,2026-08-16T09:06:55Z,Sun,16,24 Đường Trần Phú,Phường Thạch Thang,16.077081,108.223023,5,12.0,26,36,0.722,410,296,FRC4,1,False
2026-08-16 16:06:55,2026-08-16T09:06:55Z,Sun,16,2 Đường Lý Thái Tổ (Duong Ly Thai To),Phường Thạc Gián,16.066432,108.209833,4,64.6,22,39,0.564,844,476,FRC1,0.989163,False
2026-08-16 16:06:55,2026-08-16T09:06:55Z,Sun,16,100 Đường Trần Phú,Phường Hải Châu 1,16.06907,108.22398,4,46.5,18,32,0.562,472,265,FRC4,1,False
2026-08-16 16:06:55,2026-08-16T09:06:55Z,Sun,16,Ngã tư Bắc Sơn – Trần Văn Ơn (Khu vực gi,Phường Hòa An,16.054638,108.176766,3,96.9,26,35,0.743,391,290,FRC4,0.996832,False
2026-08-16 16:06:55,2026-08-16T09:06:55Z,Sun,16,40 Đường Trần Phú,Phường Hải Châu I,16.071757,108.224725,3,59.6,20,27,0.741,19,14,FRC4,0.93,False
2026-08-16 16:06:55,2026-08-16T09:06:55Z,Sun,16,Bàu Làng,Phường Thanh Khê Đông,16.070435,108.185778,3,49.0,24,32,0.75,754,565,FRC4,0.992231,False
2026-08-16 16:06:55,2026-08-16T09:06:55Z,Sun,16,Huỳnh Ngọc Huệ,Phường Hòa Khê,16.061159,108.185345,3,81.0,15,26,0.577,534,308,FRC4,0.955058,False
2026-08-16 16:06:55,2026-08-16T09:06:55Z,Sun,16,"Hàm Nghi, tổ 36 P.Vĩnh Trung (số 87 - 16",Phường Thạc Gián,16.061954,108.210494,2,93.1,33,41,0.805,2146,1727,FRC2,1,False
2026-08-16 16:06:55,2026-08-16T09:06:55Z,Sun,16,Đường Bắc Sơn (Từ số nhà 02 đến số nhà 9,Phường Hòa An,16.059092,108.175051,2,105.7,31,46,0.674,1289,869,FRC1,1,False
2026-08-16 16:06:55,2026-08-16T09:06:55Z,Sun,16,Lê Thanh Nghị,Phường Hòa Cường Nam,16.035861,108.218057,2,19.2,25,36,0.694,233,162,FRC4,1,False
2026-08-16 16:06:55,2026-08-16T09:06:55Z,Sun,16,50 Đường Hoàng Hoa Thám,Phường Tam Thuận,16.069332,108.209716,2,45.0,19,37,0.514,513,263,FRC4,1,False
2026-08-16 16:06:55,2026-08-16T09:06:55Z,Sun,16,Đường Cầm Bá Thước (Toàn bộ tuyến đường),Phường Hòa Cường Bắc,16.042987,108.212774,2,52.0,38,47,0.809,973,786,FRC4,1,False
2026-08-16 16:06:55,2026-08-16T09:06:55Z,Sun,16,Hà Huy Tập,Phường Hòa Khê,16.05858,108.184255,2,64.0,22,30,0.733,347,255,FRC4,0.856271,False
2026-08-16 16:06:55,2026-08-16T09:06:55Z,Sun,16,Kiệt 179 Nguyễn Văn Linh (Toàn bộ kiệt),Phường Nam Dương,16.060362,108.214005,2,65.0,33,41,0.805,2146,1727,FRC2,1,False
2026-08-16 16:06:55,2026-08-16T09:06:55Z,Sun,16,67 Đường Tố Hữu,Phường Hòa Cường Nam,16.034478,108.219218,2,10.0,25,36,0.694,233,162,FRC4,1,False
2026-08-16 16:06:55,2026-08-16T09:06:55Z,Sun,16,Ngã tư Lê Thạch – Cao Sơn Pháo (Khu vực ,Phường Hòa Minh,16.057221,108.172134,2,53.3,31,46,0.674,1289,869,FRC1,1,False
2026-08-16 16:06:55,2026-08-16T09:06:55Z,Sun,16,Đường Hải Hồ,Phường Thanh Bình,16.081622,108.216037,2,36.7,27,36,0.75,332,249,FRC3,1,False
2026-08-16 16:06:55,2026-08-16T09:06:55Z,Sun,16,Kiệt 640 Trưng Nữ Vương (Toàn bộ kiệt),Phường Hòa Cường Bắc,16.04386,108.207734,2,70.0,37,47,0.787,999,786,FRC4,1,False
2026-08-16 16:06:55,2026-08-16T09:06:55Z,Sun,16,20 Đường Lê Quý Đôn,Phường Bình Hiên,16.055828,108.22107,2,51.7,17,28,0.607,246,149,FRC4,0.960523,False
2026-08-16 16:06:55,2026-08-16T09:06:55Z,Sun,16,Đống Đa,Phường Thanh Bình,16.078364,108.216795,2,10.0,27,36,0.75,332,249,FRC3,1,False
2026-08-16 16:06:55,2026-08-16T09:06:55Z,Sun,16,Quận Liên Chiểu,Phường Hòa Minh,16.06738,108.166799,2,55.0,33,40,0.825,247,204,FRC4,1,False
2026-08-16 16:06:55,2026-08-16T09:06:55Z,Sun,16,Núi Thành,Phường Hòa Cường Nam,16.036737,108.222882,2,17.5,25,33,0.758,351,266,FRC4,1,False
2026-08-16 16:06:55,2026-08-16T09:06:55Z,Sun,16,"Ngã 3 Phạm Văn Nghị - Đào Duy Anh, phườn",Phường Thạc Gián,16.05869,108.209048,2,40.0,28,37,0.757,1595,1207,FRC4,1,False
2026-08-16 16:06:55,2026-08-16T09:06:55Z,Sun,16,Quận Sơn Trà,Phường Thọ Quang,16.104352,108.253997,2,26.5,45,45,1.0,1365,1365,FRC3,1,False
2026-08-16 16:06:55,2026-08-16T09:06:55Z,Sun,16,Quang Trung - Đống Đa (Đoạn ngã 4),Phường Thanh Bình,16.073419,108.213994,2,105.5,28,36,0.778,381,296,FRC4,1,False
2026-08-16 16:06:55,2026-08-16T09:06:55Z,Sun,16,Trưng Nữ Vương,Phường Hòa Thuận Tây,16.044318,108.206417,2,25.0,37,47,0.787,999,786,FRC4,1,False
2026-08-16 16:06:55,2026-08-16T09:06:55Z,Sun,16,Đ. Ngô Thì Nhậm,Phường Hòa Minh,16.071259,108.156865,2,40.0,40,40,1.0,194,194,FRC4,1,False
2026-08-16 16:06:55,2026-08-16T09:06:55Z,Sun,16,Ngô Tử Hạ,Phường Hòa An,16.043478,108.178278,2,55.0,41,51,0.804,1684,1354,FRC1,1,False
2026-08-16 16:06:55,2026-08-16T09:06:55Z,Sun,16,"Kiệt 818 Trần Cao Vân, tổ 20 P.Thanh Khê",Phường Thanh Khê Đông,16.069731,108.184158,2,90.0,24,34,0.706,754,532,FRC4,1,False
2026-08-16 16:06:55,2026-08-16T09:06:55Z,Sun,16,Hẻm 45 Đường An Mỹ 08 (Hem 45 Duong An M,Phường An Hải Tây,16.06394,108.23185,2,10.0,21,32,0.656,112,73,FRC3,0.986058,False
2026-08-16 16:36:55,2026-08-16T09:36:55Z,Sun,16,15 Đường Quang Trung,Phường Hải Châu,16.075051,108.222198,5,12.0,25,33,0.758,724,548,FRC4,0.991935,False
2026-08-16 16:36:55,2026-08-16T09:36:55Z,Sun,16,Phần Lăng 1,Phường Hòa Cường Bắc,16.054171,108.188345,5,49.2,20,29,0.69,382,263,FRC4,0.891145,False
2026-08-16 16:36:55,2026-08-16T09:36:55Z,Sun,16,24 Đường Trần Phú,Phường Thạch Thang,16.077081,108.223023,5,12.0,29,36,0.806,368,296,FRC4,1,False
2026-08-16 16:36:55,2026-08-16T09:36:55Z,Sun,16,2 Đường Lý Thái Tổ (Duong Ly Thai To),Phường Thạc Gián,16.066432,108.209833,4,64.6,23,39,0.59,807,476,FRC1,0.993151,False
2026-08-16 16:36:55,2026-08-16T09:36:55Z,Sun,16,100 Đường Trần Phú,Phường Hải Châu 1,16.06907,108.22398,4,46.5,22,33,0.667,386,257,FRC4,1,False
2026-08-16 16:36:55,2026-08-16T09:36:55Z,Sun,16,Ngã tư Bắc Sơn – Trần Văn Ơn (Khu vực gi,Phường Hòa An,16.054638,108.176766,3,96.9,26,36,0.722,391,282,FRC4,0.99,False
2026-08-16 16:36:55,2026-08-16T09:36:55Z,Sun,16,40 Đường Trần Phú,Phường Hải Châu I,16.071757,108.224725,3,59.6,27,27,1.0,14,14,FRC4,1,False
2026-08-16 16:36:55,2026-08-16T09:36:55Z,Sun,16,Bàu Làng,Phường Thanh Khê Đông,16.070435,108.185778,3,49.0,25,33,0.758,724,548,FRC4,0.991935,False
2026-08-16 16:36:55,2026-08-16T09:36:55Z,Sun,16,Huỳnh Ngọc Huệ,Phường Hòa Khê,16.061159,108.185345,3,81.0,19,27,0.704,421,296,FRC4,0.939695,False
2026-08-16 16:36:55,2026-08-16T09:36:55Z,Sun,16,"Hàm Nghi, tổ 36 P.Vĩnh Trung (số 87 - 16",Phường Thạc Gián,16.061954,108.210494,2,93.1,33,41,0.805,2146,1727,FRC2,1,False
2026-08-16 16:36:55,2026-08-16T09:36:55Z,Sun,16,Đường Bắc Sơn (Từ số nhà 02 đến số nhà 9,Phường Hòa An,16.059092,108.175051,2,105.7,30,47,0.638,1332,850,FRC1,1,False
2026-08-16 16:36:55,2026-08-16T09:36:55Z,Sun,16,Lê Thanh Nghị,Phường Hòa Cường Nam,16.035861,108.218057,2,19.2,25,36,0.694,233,162,FRC4,1,False
2026-08-16 16:36:55,2026-08-16T09:36:55Z,Sun,16,50 Đường Hoàng Hoa Thám,Phường Tam Thuận,16.069332,108.209716,2,45.0,21,37,0.568,464,263,FRC4,1,False
2026-08-16 16:36:55,2026-08-16T09:36:55Z,Sun,16,Đường Cầm Bá Thước (Toàn bộ tuyến đường),Phường Hòa Cường Bắc,16.042987,108.212774,2,52.0,38,47,0.809,973,786,FRC4,1,False
2026-08-16 16:36:55,2026-08-16T09:36:55Z,Sun,16,Hà Huy Tập,Phường Hòa Khê,16.05858,108.184255,2,64.0,21,30,0.7,364,255,FRC4,0.89,False
2026-08-16 16:36:55,2026-08-16T09:36:55Z,Sun,16,Kiệt 179 Nguyễn Văn Linh (Toàn bộ kiệt),Phường Nam Dương,16.060362,108.214005,2,65.0,33,41,0.805,2146,1727,FRC2,1,False
2026-08-16 16:36:55,2026-08-16T09:36:55Z,Sun,16,67 Đường Tố Hữu,Phường Hòa Cường Nam,16.034478,108.219218,2,10.0,25,36,0.694,233,162,FRC4,1,False
2026-08-16 16:36:55,2026-08-16T09:36:55Z,Sun,16,Ngã tư Lê Thạch – Cao Sơn Pháo (Khu vực ,Phường Hòa Minh,16.057221,108.172134,2,53.3,30,47,0.638,1332,850,FRC1,1,False
2026-08-16 16:36:55,2026-08-16T09:36:55Z,Sun,16,Đường Hải Hồ,Phường Thanh Bình,16.081622,108.216037,2,36.7,26,34,0.765,345,264,FRC3,1,False
2026-08-16 16:36:55,2026-08-16T09:36:55Z,Sun,16,Kiệt 640 Trưng Nữ Vương (Toàn bộ kiệt),Phường Hòa Cường Bắc,16.04386,108.207734,2,70.0,37,47,0.787,999,786,FRC4,1,False
2026-08-16 16:36:55,2026-08-16T09:36:55Z,Sun,16,20 Đường Lê Quý Đôn,Phường Bình Hiên,16.055828,108.22107,2,51.7,18,29,0.621,232,144,FRC4,0.946389,False
2026-08-16 16:36:55,2026-08-16T09:36:55Z,Sun,16,Đống Đa,Phường Thanh Bình,16.078364,108.216795,2,10.0,26,34,0.765,345,264,FRC3,1,False
2026-08-16 16:36:55,2026-08-16T09:36:55Z,Sun,16,Quận Liên Chiểu,Phường Hòa Minh,16.06738,108.166799,2,55.0,32,40,0.8,255,204,FRC4,1,False
2026-08-16 16:36:55,2026-08-16T09:36:55Z,Sun,16,Núi Thành,Phường Hòa Cường Nam,16.036737,108.222882,2,17.5,23,33,0.697,382,266,FRC4,1,False
2026-08-16 16:36:55,2026-08-16T09:36:55Z,Sun,16,"Ngã 3 Phạm Văn Nghị - Đào Duy Anh, phườn",Phường Thạc Gián,16.05869,108.209048,2,40.0,28,38,0.737,1595,1175,FRC4,1,False
2026-08-16 16:36:55,2026-08-16T09:36:55Z,Sun,16,Quận Sơn Trà,Phường Thọ Quang,16.104352,108.253997,2,26.5,45,45,1.0,1365,1365,FRC3,1,False
2026-08-16 16:36:55,2026-08-16T09:36:55Z,Sun,16,Quang Trung - Đống Đa (Đoạn ngã 4),Phường Thanh Bình,16.073419,108.213994,2,105.5,28,37,0.757,381,288,FRC4,1,False
2026-08-16 16:36:55,2026-08-16T09:36:55Z,Sun,16,Trưng Nữ Vương,Phường Hòa Thuận Tây,16.044318,108.206417,2,25.0,37,47,0.787,999,786,FRC4,1,False
2026-08-16 16:36:55,2026-08-16T09:36:55Z,Sun,16,Đ. Ngô Thì Nhậm,Phường Hòa Minh,16.071259,108.156865,2,40.0,28,40,0.7,278,194,FRC4,1,False
2026-08-16 16:36:55,2026-08-16T09:36:55Z,Sun,16,Ngô Tử Hạ,Phường Hòa An,16.043478,108.178278,2,55.0,42,51,0.824,1644,1354,FRC1,1,False
2026-08-16 16:36:55,2026-08-16T09:36:55Z,Sun,16,"Kiệt 818 Trần Cao Vân, tổ 20 P.Thanh Khê",Phường Thanh Khê Đông,16.069731,108.184158,2,90.0,21,34,0.618,862,532,FRC4,1,False
2026-08-16 16:36:55,2026-08-16T09:36:55Z,Sun,16,Hẻm 45 Đường An Mỹ 08 (Hem 45 Duong An M,Phường An Hải Tây,16.06394,108.23185,2,10.0,17,31,0.548,138,76,FRC3,0.976058,False
2026-08-16 17:06:55,2026-08-16T10:06:55Z,Sun,17,15 Đường Quang Trung,Phường Hải Châu,16.075051,108.222198,5,12.0,22,33,0.667,822,548,FRC4,0.999055,False
2026-08-16 17:06:55,2026-08-16T10:06:55Z,Sun,17,Phần Lăng 1,Phường Hòa Cường Bắc,16.054171,108.188345,5,49.2,21,30,0.7,364,255,FRC4,0.96,False
2026-08-16 17:06:55,2026-08-16T10:06:55Z,Sun,17,24 Đường Trần Phú,Phường Thạch Thang,16.077081,108.223023,5,12.0,22,35,0.629,485,304,FRC4,1,False
2026-08-16 17:06:55,2026-08-16T10:06:55Z,Sun,17,2 Đường Lý Thái Tổ (Duong Ly Thai To),Phường Thạc Gián,16.066432,108.209833,4,64.6,24,39,0.615,774,476,FRC1,0.994342,False
2026-08-16 17:06:55,2026-08-16T10:06:55Z,Sun,17,100 Đường Trần Phú,Phường Hải Châu 1,16.06907,108.22398,4,46.5,18,33,0.545,472,257,FRC4,0.998882,False
2026-08-16 17:06:55,2026-08-16T10:06:55Z,Sun,17,Ngã tư Bắc Sơn – Trần Văn Ơn (Khu vực gi,Phường Hòa An,16.054638,108.176766,3,96.9,23,35,0.657,442,290,FRC4,0.99,False
2026-08-16 17:06:55,2026-08-16T10:06:55Z,Sun,17,40 Đường Trần Phú,Phường Hải Châu I,16.071757,108.224725,3,59.6,27,27,1.0,14,14,FRC4,1,False
2026-08-16 17:06:55,2026-08-16T10:06:55Z,Sun,17,Bàu Làng,Phường Thanh Khê Đông,16.070435,108.185778,3,49.0,22,33,0.667,822,548,FRC4,0.999055,False
2026-08-16 17:06:55,2026-08-16T10:06:55Z,Sun,17,Huỳnh Ngọc Huệ,Phường Hòa Khê,16.061159,108.185345,3,81.0,15,27,0.556,534,296,FRC4,0.971094,False
2026-08-16 17:06:55,2026-08-16T10:06:55Z,Sun,17,"Hàm Nghi, tổ 36 P.Vĩnh Trung (số 87 - 16",Phường Thạc Gián,16.061954,108.210494,2,93.1,32,41,0.78,2213,1727,FRC2,1,False
2026-08-16 17:06:55,2026-08-16T10:06:55Z,Sun,17,Đường Bắc Sơn (Từ số nhà 02 đến số nhà 9,Phường Hòa An,16.059092,108.175051,2,105.7,28,46,0.609,1428,869,FRC1,1,False
2026-08-16 17:06:55,2026-08-16T10:06:55Z,Sun,17,Lê Thanh Nghị,Phường Hòa Cường Nam,16.035861,108.218057,2,19.2,17,36,0.472,343,162,FRC4,1,False
2026-08-16 17:06:55,2026-08-16T10:06:55Z,Sun,17,50 Đường Hoàng Hoa Thám,Phường Tam Thuận,16.069332,108.209716,2,45.0,18,37,0.486,542,263,FRC4,1,False
2026-08-16 17:06:55,2026-08-16T10:06:55Z,Sun,17,Đường Cầm Bá Thước (Toàn bộ tuyến đường),Phường Hòa Cường Bắc,16.042987,108.212774,2,52.0,35,46,0.761,1056,803,FRC4,1,False
2026-08-16 17:06:55,2026-08-16T10:06:55Z,Sun,17,Hà Huy Tập,Phường Hòa Khê,16.05858,108.184255,2,64.0,21,30,0.7,364,255,FRC4,0.96,False
2026-08-16 17:06:55,2026-08-16T10:06:55Z,Sun,17,Kiệt 179 Nguyễn Văn Linh (Toàn bộ kiệt),Phường Nam Dương,16.060362,108.214005,2,65.0,32,41,0.78,2213,1727,FRC2,1,False
2026-08-16 17:06:55,2026-08-16T10:06:55Z,Sun,17,67 Đường Tố Hữu,Phường Hòa Cường Nam,16.034478,108.219218,2,10.0,17,36,0.472,343,162,FRC4,1,False
2026-08-16 17:06:55,2026-08-16T10:06:55Z,Sun,17,Ngã tư Lê Thạch – Cao Sơn Pháo (Khu vực ,Phường Hòa Minh,16.057221,108.172134,2,53.3,28,46,0.609,1428,869,FRC1,1,False
2026-08-16 17:06:55,2026-08-16T10:06:55Z,Sun,17,Đường Hải Hồ,Phường Thanh Bình,16.081622,108.216037,2,36.7,22,34,0.647,408,264,FRC3,1,False
2026-08-16 17:06:55,2026-08-16T10:06:55Z,Sun,17,Kiệt 640 Trưng Nữ Vương (Toàn bộ kiệt),Phường Hòa Cường Bắc,16.04386,108.207734,2,70.0,38,47,0.809,973,786,FRC4,1,False
2026-08-16 17:06:55,2026-08-16T10:06:55Z,Sun,17,20 Đường Lê Quý Đôn,Phường Bình Hiên,16.055828,108.22107,2,51.7,18,28,0.643,232,149,FRC4,0.96,False
2026-08-16 17:06:55,2026-08-16T10:06:55Z,Sun,17,Đống Đa,Phường Thanh Bình,16.078364,108.216795,2,10.0,22,34,0.647,408,264,FRC3,1,False
2026-08-16 17:06:55,2026-08-16T10:06:55Z,Sun,17,Quận Liên Chiểu,Phường Hòa Minh,16.06738,108.166799,2,55.0,33,41,0.805,247,199,FRC4,1,False
2026-08-16 17:06:55,2026-08-16T10:06:55Z,Sun,17,Núi Thành,Phường Hòa Cường Nam,16.036737,108.222882,2,17.5,20,33,0.606,439,266,FRC4,1,False
2026-08-16 17:06:55,2026-08-16T10:06:55Z,Sun,17,"Ngã 3 Phạm Văn Nghị - Đào Duy Anh, phườn",Phường Thạc Gián,16.05869,108.209048,2,40.0,27,37,0.73,1654,1207,FRC4,1,False
2026-08-16 17:06:55,2026-08-16T10:06:55Z,Sun,17,Quận Sơn Trà,Phường Thọ Quang,16.104352,108.253997,2,26.5,36,45,0.8,1706,1365,FRC3,1,False
2026-08-16 17:06:55,2026-08-16T10:06:55Z,Sun,17,Quang Trung - Đống Đa (Đoạn ngã 4),Phường Thanh Bình,16.073419,108.213994,2,105.5,22,36,0.611,485,296,FRC4,1,False
2026-08-16 17:06:55,2026-08-16T10:06:55Z,Sun,17,Trưng Nữ Vương,Phường Hòa Thuận Tây,16.044318,108.206417,2,25.0,38,47,0.809,973,786,FRC4,1,False
2026-08-16 17:06:55,2026-08-16T10:06:55Z,Sun,17,Đ. Ngô Thì Nhậm,Phường Hòa Minh,16.071259,108.156865,2,40.0,29,40,0.725,268,194,FRC4,1,False
2026-08-16 17:06:55,2026-08-16T10:06:55Z,Sun,17,Ngô Tử Hạ,Phường Hòa An,16.043478,108.178278,2,55.0,42,51,0.824,1644,1354,FRC1,1,False
2026-08-16 17:06:55,2026-08-16T10:06:55Z,Sun,17,"Kiệt 818 Trần Cao Vân, tổ 20 P.Thanh Khê",Phường Thanh Khê Đông,16.069731,108.184158,2,90.0,22,35,0.629,822,517,FRC4,1,False
2026-08-16 17:06:55,2026-08-16T10:06:55Z,Sun,17,Hẻm 45 Đường An Mỹ 08 (Hem 45 Duong An M,Phường An Hải Tây,16.06394,108.23185,2,10.0,32,32,1.0,73,73,FRC3,1,False
2026-08-16 17:36:54,2026-08-16T10:36:54Z,Sun,17,15 Đường Quang Trung,Phường Hải Châu,16.075051,108.222198,5,12.0,21,33,0.636,862,548,FRC4,1,False
2026-08-16 17:36:54,2026-08-16T10:36:54Z,Sun,17,Phần Lăng 1,Phường Hòa Cường Bắc,16.054171,108.188345,5,49.2,22,30,0.733,347,255,FRC4,0.971151,False
2026-08-16 17:36:54,2026-08-16T10:36:54Z,Sun,17,24 Đường Trần Phú,Phường Thạch Thang,16.077081,108.223023,5,12.0,24,37,0.649,444,288,FRC4,1,False
2026-08-16 17:36:54,2026-08-16T10:36:54Z,Sun,17,2 Đường Lý Thái Tổ (Duong Ly Thai To),Phường Thạc Gián,16.066432,108.209833,4,64.6,22,38,0.579,844,488,FRC1,0.992312,False
2026-08-16 17:36:54,2026-08-16T10:36:54Z,Sun,17,100 Đường Trần Phú,Phường Hải Châu 1,16.06907,108.22398,4,46.5,20,32,0.625,425,265,FRC4,1,False
2026-08-16 17:36:54,2026-08-16T10:36:54Z,Sun,17,Ngã tư Bắc Sơn – Trần Văn Ơn (Khu vực gi,Phường Hòa An,16.054638,108.176766,3,96.9,22,35,0.629,462,290,FRC4,0.993933,False
2026-08-16 17:36:54,2026-08-16T10:36:54Z,Sun,17,40 Đường Trần Phú,Phường Hải Châu I,16.071757,108.224725,3,59.6,20,26,0.769,19,14,FRC4,0.91,False
2026-08-16 17:36:54,2026-08-16T10:36:54Z,Sun,17,Bàu Làng,Phường Thanh Khê Đông,16.070435,108.185778,3,49.0,21,33,0.636,862,548,FRC4,1,False
2026-08-16 17:36:54,2026-08-16T10:36:54Z,Sun,17,Huỳnh Ngọc Huệ,Phường Hòa Khê,16.061159,108.185345,3,81.0,17,27,0.63,471,296,FRC4,0.986254,False
2026-08-16 17:36:54,2026-08-16T10:36:54Z,Sun,17,"Hàm Nghi, tổ 36 P.Vĩnh Trung (số 87 - 16",Phường Thạc Gián,16.061954,108.210494,2,93.1,33,41,0.805,2146,1727,FRC2,1,False
2026-08-16 17:36:54,2026-08-16T10:36:54Z,Sun,17,Đường Bắc Sơn (Từ số nhà 02 đến số nhà 9,Phường Hòa An,16.059092,108.175051,2,105.7,28,46,0.609,1428,869,FRC1,1,False
2026-08-16 17:36:54,2026-08-16T10:36:54Z,Sun,17,Lê Thanh Nghị,Phường Hòa Cường Nam,16.035861,108.218057,2,19.2,24,37,0.649,243,157,FRC4,1,False
2026-08-16 17:36:54,2026-08-16T10:36:54Z,Sun,17,50 Đường Hoàng Hoa Thám,Phường Tam Thuận,16.069332,108.209716,2,45.0,18,37,0.486,542,263,FRC4,1,False
2026-08-16 17:36:54,2026-08-16T10:36:54Z,Sun,17,Đường Cầm Bá Thước (Toàn bộ tuyến đường),Phường Hòa Cường Bắc,16.042987,108.212774,2,52.0,34,46,0.739,1087,803,FRC4,1,False
2026-08-16 17:36:54,2026-08-16T10:36:54Z,Sun,17,Hà Huy Tập,Phường Hòa Khê,16.05858,108.184255,2,64.0,21,30,0.7,364,255,FRC4,0.97,False
2026-08-16 17:36:54,2026-08-16T10:36:54Z,Sun,17,Kiệt 179 Nguyễn Văn Linh (Toàn bộ kiệt),Phường Nam Dương,16.060362,108.214005,2,65.0,33,41,0.805,2146,1727,FRC2,1,False
2026-08-16 17:36:54,2026-08-16T10:36:54Z,Sun,17,67 Đường Tố Hữu,Phường Hòa Cường Nam,16.034478,108.219218,2,10.0,24,37,0.649,243,157,FRC4,1,False
2026-08-16 17:36:54,2026-08-16T10:36:54Z,Sun,17,Ngã tư Lê Thạch – Cao Sơn Pháo (Khu vực ,Phường Hòa Minh,16.057221,108.172134,2,53.3,28,46,0.609,1428,869,FRC1,1,False
2026-08-16 17:36:54,2026-08-16T10:36:54Z,Sun,17,Đường Hải Hồ,Phường Thanh Bình,16.081622,108.216037,2,36.7,25,35,0.714,359,256,FRC3,1,False
2026-08-16 17:36:54,2026-08-16T10:36:54Z,Sun,17,Kiệt 640 Trưng Nữ Vương (Toàn bộ kiệt),Phường Hòa Cường Bắc,16.04386,108.207734,2,70.0,38,46,0.826,973,803,FRC4,1,False
2026-08-16 17:36:54,2026-08-16T10:36:54Z,Sun,17,20 Đường Lê Quý Đôn,Phường Bình Hiên,16.055828,108.22107,2,51.7,15,28,0.536,278,149,FRC4,0.972166,False
2026-08-16 17:36:54,2026-08-16T10:36:54Z,Sun,17,Đống Đa,Phường Thanh Bình,16.078364,108.216795,2,10.0,25,35,0.714,359,256,FRC3,1,False
2026-08-16 17:36:54,2026-08-16T10:36:54Z,Sun,17,Quận Liên Chiểu,Phường Hòa Minh,16.06738,108.166799,2,55.0,27,41,0.659,303,199,FRC4,1,False
2026-08-16 17:36:54,2026-08-16T10:36:54Z,Sun,17,Núi Thành,Phường Hòa Cường Nam,16.036737,108.222882,2,17.5,20,33,0.606,439,266,FRC4,1,False
2026-08-16 17:36:54,2026-08-16T10:36:54Z,Sun,17,"Ngã 3 Phạm Văn Nghị - Đào Duy Anh, phườn",Phường Thạc Gián,16.05869,108.209048,2,40.0,28,38,0.737,1595,1175,FRC4,1,False
2026-08-16 17:36:54,2026-08-16T10:36:54Z,Sun,17,Quận Sơn Trà,Phường Thọ Quang,16.104352,108.253997,2,26.5,36,45,0.8,1706,1365,FRC3,1,False
2026-08-16 17:36:54,2026-08-16T10:36:54Z,Sun,17,Quang Trung - Đống Đa (Đoạn ngã 4),Phường Thanh Bình,16.073419,108.213994,2,105.5,27,37,0.73,395,288,FRC4,1,False
2026-08-16 17:36:54,2026-08-16T10:36:54Z,Sun,17,Trưng Nữ Vương,Phường Hòa Thuận Tây,16.044318,108.206417,2,25.0,38,46,0.826,973,803,FRC4,1,False
2026-08-16 17:36:54,2026-08-16T10:36:54Z,Sun,17,Đ. Ngô Thì Nhậm,Phường Hòa Minh,16.071259,108.156865,2,40.0,30,40,0.75,259,194,FRC4,1,False
2026-08-16 17:36:54,2026-08-16T10:36:54Z,Sun,17,Ngô Tử Hạ,Phường Hòa An,16.043478,108.178278,2,55.0,42,51,0.824,1644,1354,FRC1,1,False
2026-08-16 17:36:54,2026-08-16T10:36:54Z,Sun,17,"Kiệt 818 Trần Cao Vân, tổ 20 P.Thanh Khê",Phường Thanh Khê Đông,16.069731,108.184158,2,90.0,21,34,0.618,862,532,FRC4,1,False
2026-08-16 17:36:54,2026-08-16T10:36:54Z,Sun,17,Hẻm 45 Đường An Mỹ 08 (Hem 45 Duong An M,Phường An Hải Tây,16.06394,108.23185,2,10.0,32,32,1.0,73,73,FRC3,1,False
2026-08-16 18:06:54,2026-08-16T11:06:54Z,Sun,18,15 Đường Quang Trung,Phường Hải Châu,16.075051,108.222198,5,12.0,20,33,0.606,905,548,FRC4,1,False
2026-08-16 18:06:54,2026-08-16T11:06:54Z,Sun,18,Phần Lăng 1,Phường Hòa Cường Bắc,16.054171,108.188345,5,49.2,20,30,0.667,382,255,FRC4,0.969198,False
2026-08-16 18:06:54,2026-08-16T11:06:54Z,Sun,18,24 Đường Trần Phú,Phường Thạch Thang,16.077081,108.223023,5,12.0,28,36,0.778,381,296,FRC4,1,False
2026-08-16 18:06:54,2026-08-16T11:06:54Z,Sun,18,2 Đường Lý Thái Tổ (Duong Ly Thai To),Phường Thạc Gián,16.066432,108.209833,4,64.6,23,38,0.605,807,488,FRC1,0.991393,False
2026-08-16 18:06:54,2026-08-16T11:06:54Z,Sun,18,100 Đường Trần Phú,Phường Hải Châu 1,16.06907,108.22398,4,46.5,18,32,0.562,472,265,FRC4,0.998522,False
2026-08-16 18:06:54,2026-08-16T11:06:54Z,Sun,18,Ngã tư Bắc Sơn – Trần Văn Ơn (Khu vực gi,Phường Hòa An,16.054638,108.176766,3,96.9,24,36,0.667,424,282,FRC4,1,False
2026-08-16 18:06:54,2026-08-16T11:06:54Z,Sun,18,40 Đường Trần Phú,Phường Hải Châu I,16.071757,108.224725,3,59.6,20,26,0.769,19,14,FRC4,0.95,False
2026-08-16 18:06:54,2026-08-16T11:06:54Z,Sun,18,Bàu Làng,Phường Thanh Khê Đông,16.070435,108.185778,3,49.0,20,33,0.606,905,548,FRC4,1,False
2026-08-16 18:06:54,2026-08-16T11:06:54Z,Sun,18,Huỳnh Ngọc Huệ,Phường Hòa Khê,16.061159,108.185345,3,81.0,16,28,0.571,501,286,FRC4,0.91,False
2026-08-16 18:06:54,2026-08-16T11:06:54Z,Sun,18,"Hàm Nghi, tổ 36 P.Vĩnh Trung (số 87 - 16",Phường Thạc Gián,16.061954,108.210494,2,93.1,32,41,0.78,2213,1727,FRC2,1,False
2026-08-16 18:06:54,2026-08-16T11:06:54Z,Sun,18,Đường Bắc Sơn (Từ số nhà 02 đến số nhà 9,Phường Hòa An,16.059092,108.175051,2,105.7,31,46,0.674,1289,869,FRC1,1,False
2026-08-16 18:06:54,2026-08-16T11:06:54Z,Sun,18,Lê Thanh Nghị,Phường Hòa Cường Nam,16.035861,108.218057,2,19.2,23,37,0.622,253,157,FRC4,1,False
2026-08-16 18:06:54,2026-08-16T11:06:54Z,Sun,18,50 Đường Hoàng Hoa Thám,Phường Tam Thuận,16.069332,108.209716,2,45.0,21,36,0.583,464,271,FRC4,1,False
2026-08-16 18:06:54,2026-08-16T11:06:54Z,Sun,18,Đường Cầm Bá Thước (Toàn bộ tuyến đường),Phường Hòa Cường Bắc,16.042987,108.212774,2,52.0,35,45,0.778,1056,821,FRC4,1,False
2026-08-16 18:06:54,2026-08-16T11:06:54Z,Sun,18,Hà Huy Tập,Phường Hòa Khê,16.05858,108.184255,2,64.0,19,29,0.655,402,263,FRC4,0.964417,False
2026-08-16 18:06:54,2026-08-16T11:06:54Z,Sun,18,Kiệt 179 Nguyễn Văn Linh (Toàn bộ kiệt),Phường Nam Dương,16.060362,108.214005,2,65.0,32,41,0.78,2213,1727,FRC2,1,False
2026-08-16 18:06:54,2026-08-16T11:06:54Z,Sun,18,67 Đường Tố Hữu,Phường Hòa Cường Nam,16.034478,108.219218,2,10.0,24,36,0.667,243,162,FRC4,1,False
2026-08-16 18:06:54,2026-08-16T11:06:54Z,Sun,18,Ngã tư Lê Thạch – Cao Sơn Pháo (Khu vực ,Phường Hòa Minh,16.057221,108.172134,2,53.3,31,46,0.674,1289,869,FRC1,1,False
2026-08-16 18:06:54,2026-08-16T11:06:54Z,Sun,18,Đường Hải Hồ,Phường Thanh Bình,16.081622,108.216037,2,36.7,23,35,0.657,390,256,FRC3,1,False
2026-08-16 18:06:54,2026-08-16T11:06:54Z,Sun,18,Kiệt 640 Trưng Nữ Vương (Toàn bộ kiệt),Phường Hòa Cường Bắc,16.04386,108.207734,2,70.0,38,47,0.809,973,786,FRC4,1,False
2026-08-16 18:06:54,2026-08-16T11:06:54Z,Sun,18,20 Đường Lê Quý Đôn,Phường Bình Hiên,16.055828,108.22107,2,51.7,17,29,0.586,246,144,FRC4,0.95,False
2026-08-16 18:06:54,2026-08-16T11:06:54Z,Sun,18,Đống Đa,Phường Thanh Bình,16.078364,108.216795,2,10.0,23,35,0.657,390,256,FRC3,1,False
2026-08-16 18:06:54,2026-08-16T11:06:54Z,Sun,18,Quận Liên Chiểu,Phường Hòa Minh,16.06738,108.166799,2,55.0,32,40,0.8,255,204,FRC4,1,False
2026-08-16 18:06:54,2026-08-16T11:06:54Z,Sun,18,Núi Thành,Phường Hòa Cường Nam,16.036737,108.222882,2,17.5,22,34,0.647,399,258,FRC4,1,False
2026-08-16 18:06:54,2026-08-16T11:06:54Z,Sun,18,"Ngã 3 Phạm Văn Nghị - Đào Duy Anh, phườn",Phường Thạc Gián,16.05869,108.209048,2,40.0,27,38,0.711,1654,1175,FRC4,1,False
2026-08-16 18:06:54,2026-08-16T11:06:54Z,Sun,18,Quận Sơn Trà,Phường Thọ Quang,16.104352,108.253997,2,26.5,35,44,0.795,1755,1396,FRC3,1,False
2026-08-16 18:06:54,2026-08-16T11:06:54Z,Sun,18,Quang Trung - Đống Đa (Đoạn ngã 4),Phường Thanh Bình,16.073419,108.213994,2,105.5,28,36,0.778,381,296,FRC4,1,False
2026-08-16 18:06:54,2026-08-16T11:06:54Z,Sun,18,Trưng Nữ Vương,Phường Hòa Thuận Tây,16.044318,108.206417,2,25.0,38,47,0.809,973,786,FRC4,1,False
2026-08-16 18:06:54,2026-08-16T11:06:54Z,Sun,18,Đ. Ngô Thì Nhậm,Phường Hòa Minh,16.071259,108.156865,2,40.0,30,39,0.769,259,199,FRC4,1,False
2026-08-16 18:06:54,2026-08-16T11:06:54Z,Sun,18,Ngô Tử Hạ,Phường Hòa An,16.043478,108.178278,2,55.0,40,51,0.784,1726,1354,FRC1,1,False
2026-08-16 18:06:54,2026-08-16T11:06:54Z,Sun,18,"Kiệt 818 Trần Cao Vân, tổ 20 P.Thanh Khê",Phường Thanh Khê Đông,16.069731,108.184158,2,90.0,23,35,0.657,787,517,FRC4,1,False
2026-08-16 18:06:54,2026-08-16T11:06:54Z,Sun,18,Hẻm 45 Đường An Mỹ 08 (Hem 45 Duong An M,Phường An Hải Tây,16.06394,108.23185,2,10.0,32,32,1.0,73,73,FRC3,1,False
2026-08-16 18:36:54,2026-08-16T11:36:54Z,Sun,18,15 Đường Quang Trung,Phường Hải Châu,16.075051,108.222198,5,12.0,20,34,0.588,905,532,FRC4,1,False
2026-08-16 18:36:54,2026-08-16T11:36:54Z,Sun,18,Phần Lăng 1,Phường Hòa Cường Bắc,16.054171,108.188345,5,49.2,31,31,1.0,246,246,FRC4,1,False
2026-08-16 18:36:54,2026-08-16T11:36:54Z,Sun,18,24 Đường Trần Phú,Phường Thạch Thang,16.077081,108.223023,5,12.0,22,35,0.629,485,304,FRC4,1,False
2026-08-16 18:36:54,2026-08-16T11:36:54Z,Sun,18,2 Đường Lý Thái Tổ (Duong Ly Thai To),Phường Thạc Gián,16.066432,108.209833,4,64.6,20,38,0.526,928,488,FRC1,0.98691,False
2026-08-16 18:36:54,2026-08-16T11:36:54Z,Sun,18,100 Đường Trần Phú,Phường Hải Châu 1,16.06907,108.22398,4,46.5,18,33,0.545,472,257,FRC4,1,False
2026-08-16 18:36:54,2026-08-16T11:36:54Z,Sun,18,Ngã tư Bắc Sơn – Trần Văn Ơn (Khu vực gi,Phường Hòa An,16.054638,108.176766,3,96.9,23,36,0.639,442,282,FRC4,1,False
2026-08-16 18:36:54,2026-08-16T11:36:54Z,Sun,18,40 Đường Trần Phú,Phường Hải Châu I,16.071757,108.224725,3,59.6,19,26,0.731,20,14,FRC4,0.93,False
2026-08-16 18:36:54,2026-08-16T11:36:54Z,Sun,18,Bàu Làng,Phường Thanh Khê Đông,16.070435,108.185778,3,49.0,20,33,0.606,905,548,FRC4,1,False
2026-08-16 18:36:54,2026-08-16T11:36:54Z,Sun,18,Huỳnh Ngọc Huệ,Phường Hòa Khê,16.061159,108.185345,3,81.0,14,27,0.519,572,296,FRC4,0.95,False
2026-08-16 18:36:54,2026-08-16T11:36:54Z,Sun,18,"Hàm Nghi, tổ 36 P.Vĩnh Trung (số 87 - 16",Phường Thạc Gián,16.061954,108.210494,2,93.1,31,41,0.756,2284,1727,FRC2,1,False
2026-08-16 18:36:54,2026-08-16T11:36:54Z,Sun,18,Đường Bắc Sơn (Từ số nhà 02 đến số nhà 9,Phường Hòa An,16.059092,108.175051,2,105.7,31,47,0.66,1289,850,FRC1,1,False
2026-08-16 18:36:54,2026-08-16T11:36:54Z,Sun,18,Lê Thanh Nghị,Phường Hòa Cường Nam,16.035861,108.218057,2,19.2,24,37,0.649,243,157,FRC4,1,False
2026-08-16 18:36:54,2026-08-16T11:36:54Z,Sun,18,50 Đường Hoàng Hoa Thám,Phường Tam Thuận,16.069332,108.209716,2,45.0,21,38,0.553,464,256,FRC4,1,False
2026-08-16 18:36:54,2026-08-16T11:36:54Z,Sun,18,Đường Cầm Bá Thước (Toàn bộ tuyến đường),Phường Hòa Cường Bắc,16.042987,108.212774,2,52.0,33,46,0.717,1120,803,FRC4,1,False
2026-08-16 18:36:54,2026-08-16T11:36:54Z,Sun,18,Hà Huy Tập,Phường Hòa Khê,16.05858,108.184255,2,64.0,31,31,1.0,246,246,FRC4,1,False
2026-08-16 18:36:54,2026-08-16T11:36:54Z,Sun,18,Kiệt 179 Nguyễn Văn Linh (Toàn bộ kiệt),Phường Nam Dương,16.060362,108.214005,2,65.0,31,41,0.756,2284,1727,FRC2,1,False
2026-08-16 18:36:54,2026-08-16T11:36:54Z,Sun,18,67 Đường Tố Hữu,Phường Hòa Cường Nam,16.034478,108.219218,2,10.0,24,37,0.649,243,157,FRC4,1,False
2026-08-16 18:36:54,2026-08-16T11:36:54Z,Sun,18,Ngã tư Lê Thạch – Cao Sơn Pháo (Khu vực ,Phường Hòa Minh,16.057221,108.172134,2,53.3,31,47,0.66,1289,850,FRC1,1,False
2026-08-16 18:36:54,2026-08-16T11:36:54Z,Sun,18,Đường Hải Hồ,Phường Thanh Bình,16.081622,108.216037,2,36.7,24,35,0.686,374,256,FRC3,1,False
2026-08-16 18:36:54,2026-08-16T11:36:54Z,Sun,18,Kiệt 640 Trưng Nữ Vương (Toàn bộ kiệt),Phường Hòa Cường Bắc,16.04386,108.207734,2,70.0,38,47,0.809,973,786,FRC4,1,False
2026-08-16 18:36:54,2026-08-16T11:36:54Z,Sun,18,20 Đường Lê Quý Đôn,Phường Bình Hiên,16.055828,108.22107,2,51.7,19,29,0.655,220,144,FRC4,0.85,False
2026-08-16 18:36:54,2026-08-16T11:36:54Z,Sun,18,Đống Đa,Phường Thanh Bình,16.078364,108.216795,2,10.0,24,35,0.686,374,256,FRC3,1,False
2026-08-16 18:36:54,2026-08-16T11:36:54Z,Sun,18,Quận Liên Chiểu,Phường Hòa Minh,16.06738,108.166799,2,55.0,26,40,0.65,314,204,FRC4,1,False
2026-08-16 18:36:54,2026-08-16T11:36:54Z,Sun,18,Núi Thành,Phường Hòa Cường Nam,16.036737,108.222882,2,17.5,24,33,0.727,366,266,FRC4,1,False
2026-08-16 18:36:54,2026-08-16T11:36:54Z,Sun,18,"Ngã 3 Phạm Văn Nghị - Đào Duy Anh, phườn",Phường Thạc Gián,16.05869,108.209048,2,40.0,25,37,0.676,1786,1207,FRC4,1,False
2026-08-16 18:36:54,2026-08-16T11:36:54Z,Sun,18,Quận Sơn Trà,Phường Thọ Quang,16.104352,108.253997,2,26.5,32,44,0.727,1920,1396,FRC3,1,False
2026-08-16 18:36:54,2026-08-16T11:36:54Z,Sun,18,Quang Trung - Đống Đa (Đoạn ngã 4),Phường Thanh Bình,16.073419,108.213994,2,105.5,24,35,0.686,444,304,FRC4,1,False
2026-08-16 18:36:54,2026-08-16T11:36:54Z,Sun,18,Trưng Nữ Vương,Phường Hòa Thuận Tây,16.044318,108.206417,2,25.0,38,47,0.809,973,786,FRC4,1,False
2026-08-16 18:36:54,2026-08-16T11:36:54Z,Sun,18,Đ. Ngô Thì Nhậm,Phường Hòa Minh,16.071259,108.156865,2,40.0,28,39,0.718,278,199,FRC4,1,False
2026-08-16 18:36:54,2026-08-16T11:36:54Z,Sun,18,Ngô Tử Hạ,Phường Hòa An,16.043478,108.178278,2,55.0,41,51,0.804,1684,1354,FRC1,1,False
2026-08-16 18:36:54,2026-08-16T11:36:54Z,Sun,18,"Kiệt 818 Trần Cao Vân, tổ 20 P.Thanh Khê",Phường Thanh Khê Đông,16.069731,108.184158,2,90.0,20,34,0.588,905,532,FRC4,1,False
2026-08-16 18:36:54,2026-08-16T11:36:54Z,Sun,18,Hẻm 45 Đường An Mỹ 08 (Hem 45 Duong An M,Phường An Hải Tây,16.06394,108.23185,2,10.0,32,32,1.0,73,73,FRC3,1,False
2026-08-16 19:06:54,2026-08-16T12:06:54Z,Sun,19,15 Đường Quang Trung,Phường Hải Châu,16.075051,108.222198,5,12.0,21,34,0.618,862,532,FRC4,1,False
2026-08-16 19:06:54,2026-08-16T12:06:54Z,Sun,19,Phần Lăng 1,Phường Hòa Cường Bắc,16.054171,108.188345,5,49.2,22,30,0.733,347,255,FRC4,0.946995,False
2026-08-16 19:06:54,2026-08-16T12:06:54Z,Sun,19,24 Đường Trần Phú,Phường Thạch Thang,16.077081,108.223023,5,12.0,24,36,0.667,444,296,FRC4,1,False
2026-08-16 19:06:54,2026-08-16T12:06:54Z,Sun,19,2 Đường Lý Thái Tổ (Duong Ly Thai To),Phường Thạc Gián,16.066432,108.209833,4,64.6,21,38,0.553,884,488,FRC1,0.994234,False
2026-08-16 19:06:54,2026-08-16T12:06:54Z,Sun,19,100 Đường Trần Phú,Phường Hải Châu 1,16.06907,108.22398,4,46.5,15,32,0.469,566,265,FRC4,1,False
2026-08-16 19:06:54,2026-08-16T12:06:54Z,Sun,19,Ngã tư Bắc Sơn – Trần Văn Ơn (Khu vực gi,Phường Hòa An,16.054638,108.176766,3,96.9,23,35,0.657,442,290,FRC4,1,False
2026-08-16 19:06:54,2026-08-16T12:06:54Z,Sun,19,40 Đường Trần Phú,Phường Hải Châu I,16.071757,108.224725,3,59.6,27,27,1.0,14,14,FRC4,1,False
2026-08-16 19:06:54,2026-08-16T12:06:54Z,Sun,19,Bàu Làng,Phường Thanh Khê Đông,16.070435,108.185778,3,49.0,21,33,0.636,862,548,FRC4,1,False
2026-08-16 19:06:54,2026-08-16T12:06:54Z,Sun,19,Huỳnh Ngọc Huệ,Phường Hòa Khê,16.061159,108.185345,3,81.0,17,28,0.607,471,286,FRC4,0.972059,False
2026-08-16 19:06:54,2026-08-16T12:06:54Z,Sun,19,"Hàm Nghi, tổ 36 P.Vĩnh Trung (số 87 - 16",Phường Thạc Gián,16.061954,108.210494,2,93.1,31,41,0.756,2284,1727,FRC2,1,False
2026-08-16 19:06:54,2026-08-16T12:06:54Z,Sun,19,Đường Bắc Sơn (Từ số nhà 02 đến số nhà 9,Phường Hòa An,16.059092,108.175051,2,105.7,30,46,0.652,1332,869,FRC1,1,False
2026-08-16 19:06:54,2026-08-16T12:06:54Z,Sun,19,Lê Thanh Nghị,Phường Hòa Cường Nam,16.035861,108.218057,2,19.2,25,37,0.676,233,157,FRC4,1,False
2026-08-16 19:06:54,2026-08-16T12:06:54Z,Sun,19,50 Đường Hoàng Hoa Thám,Phường Tam Thuận,16.069332,108.209716,2,45.0,18,37,0.486,542,263,FRC4,1,False
2026-08-16 19:06:54,2026-08-16T12:06:54Z,Sun,19,Đường Cầm Bá Thước (Toàn bộ tuyến đường),Phường Hòa Cường Bắc,16.042987,108.212774,2,52.0,36,46,0.783,1027,803,FRC4,1,False
2026-08-16 19:06:54,2026-08-16T12:06:54Z,Sun,19,Hà Huy Tập,Phường Hòa Khê,16.05858,108.184255,2,64.0,22,30,0.733,347,255,FRC4,0.946995,False
2026-08-16 19:06:54,2026-08-16T12:06:54Z,Sun,19,Kiệt 179 Nguyễn Văn Linh (Toàn bộ kiệt),Phường Nam Dương,16.060362,108.214005,2,65.0,31,41,0.756,2284,1727,FRC2,1,False
2026-08-16 19:06:54,2026-08-16T12:06:54Z,Sun,19,67 Đường Tố Hữu,Phường Hòa Cường Nam,16.034478,108.219218,2,10.0,25,37,0.676,233,157,FRC4,1,False
2026-08-16 19:06:54,2026-08-16T12:06:54Z,Sun,19,Ngã tư Lê Thạch – Cao Sơn Pháo (Khu vực ,Phường Hòa Minh,16.057221,108.172134,2,53.3,30,46,0.652,1332,869,FRC1,1,False
2026-08-16 19:06:54,2026-08-16T12:06:54Z,Sun,19,Đường Hải Hồ,Phường Thanh Bình,16.081622,108.216037,2,36.7,24,35,0.686,374,256,FRC3,1,False
2026-08-16 19:06:54,2026-08-16T12:06:54Z,Sun,19,Kiệt 640 Trưng Nữ Vương (Toàn bộ kiệt),Phường Hòa Cường Bắc,16.04386,108.207734,2,70.0,36,47,0.766,1027,786,FRC4,1,False
2026-08-16 19:06:54,2026-08-16T12:06:54Z,Sun,19,20 Đường Lê Quý Đôn,Phường Bình Hiên,16.055828,108.22107,2,51.7,16,29,0.552,261,144,FRC4,0.87,False
2026-08-16 19:06:54,2026-08-16T12:06:54Z,Sun,19,Đống Đa,Phường Thanh Bình,16.078364,108.216795,2,10.0,24,35,0.686,374,256,FRC3,1,False
2026-08-16 19:06:54,2026-08-16T12:06:54Z,Sun,19,Quận Liên Chiểu,Phường Hòa Minh,16.06738,108.166799,2,55.0,30,41,0.732,272,199,FRC4,1,False
2026-08-16 19:06:54,2026-08-16T12:06:54Z,Sun,19,Núi Thành,Phường Hòa Cường Nam,16.036737,108.222882,2,17.5,21,33,0.636,418,266,FRC4,1,False
2026-08-16 19:06:54,2026-08-16T12:06:54Z,Sun,19,"Ngã 3 Phạm Văn Nghị - Đào Duy Anh, phườn",Phường Thạc Gián,16.05869,108.209048,2,40.0,27,38,0.711,1654,1175,FRC4,1,False
2026-08-16 19:06:54,2026-08-16T12:06:54Z,Sun,19,Quận Sơn Trà,Phường Thọ Quang,16.104352,108.253997,2,26.5,36,44,0.818,1706,1396,FRC3,1,False
2026-08-16 19:06:54,2026-08-16T12:06:54Z,Sun,19,Quang Trung - Đống Đa (Đoạn ngã 4),Phường Thanh Bình,16.073419,108.213994,2,105.5,23,35,0.657,464,304,FRC4,1,False
2026-08-16 19:06:54,2026-08-16T12:06:54Z,Sun,19,Trưng Nữ Vương,Phường Hòa Thuận Tây,16.044318,108.206417,2,25.0,36,47,0.766,1027,786,FRC4,1,False
2026-08-16 19:06:54,2026-08-16T12:06:54Z,Sun,19,Đ. Ngô Thì Nhậm,Phường Hòa Minh,16.071259,108.156865,2,40.0,31,39,0.795,251,199,FRC4,1,False
2026-08-16 19:06:54,2026-08-16T12:06:54Z,Sun,19,Ngô Tử Hạ,Phường Hòa An,16.043478,108.178278,2,55.0,41,51,0.804,1684,1354,FRC1,1,False
2026-08-16 19:06:54,2026-08-16T12:06:54Z,Sun,19,"Kiệt 818 Trần Cao Vân, tổ 20 P.Thanh Khê",Phường Thanh Khê Đông,16.069731,108.184158,2,90.0,20,35,0.571,905,517,FRC4,1,False
2026-08-16 19:06:54,2026-08-16T12:06:54Z,Sun,19,Hẻm 45 Đường An Mỹ 08 (Hem 45 Duong An M,Phường An Hải Tây,16.06394,108.23185,2,10.0,32,32,1.0,73,73,FRC3,1,False
2026-08-16 19:36:54,2026-08-16T12:36:54Z,Sun,19,15 Đường Quang Trung,Phường Hải Châu,16.075051,108.222198,5,12.0,21,34,0.618,862,532,FRC4,1,False
2026-08-16 19:36:54,2026-08-16T12:36:54Z,Sun,19,Phần Lăng 1,Phường Hòa Cường Bắc,16.054171,108.188345,5,49.2,21,30,0.7,364,255,FRC4,0.959975,False
2026-08-16 19:36:54,2026-08-16T12:36:54Z,Sun,19,24 Đường Trần Phú,Phường Thạch Thang,16.077081,108.223023,5,12.0,25,36,0.694,426,296,FRC4,1,False
2026-08-16 19:36:54,2026-08-16T12:36:54Z,Sun,19,2 Đường Lý Thái Tổ (Duong Ly Thai To),Phường Thạc Gián,16.066432,108.209833,4,64.6,23,39,0.59,807,476,FRC1,0.989258,False
2026-08-16 19:36:54,2026-08-16T12:36:54Z,Sun,19,100 Đường Trần Phú,Phường Hải Châu 1,16.06907,108.22398,4,46.5,17,32,0.531,500,265,FRC4,1,False
2026-08-16 19:36:54,2026-08-16T12:36:54Z,Sun,19,Ngã tư Bắc Sơn – Trần Văn Ơn (Khu vực gi,Phường Hòa An,16.054638,108.176766,3,96.9,24,36,0.667,424,282,FRC4,0.99,False
2026-08-16 19:36:54,2026-08-16T12:36:54Z,Sun,19,40 Đường Trần Phú,Phường Hải Châu I,16.071757,108.224725,3,59.6,13,26,0.5,29,14,FRC4,0.95,False
2026-08-16 19:36:54,2026-08-16T12:36:54Z,Sun,19,Bàu Làng,Phường Thanh Khê Đông,16.070435,108.185778,3,49.0,21,34,0.618,862,532,FRC4,1,False
2026-08-16 19:36:54,2026-08-16T12:36:54Z,Sun,19,Huỳnh Ngọc Huệ,Phường Hòa Khê,16.061159,108.185345,3,81.0,17,27,0.63,471,296,FRC4,0.98,False
2026-08-16 19:36:54,2026-08-16T12:36:54Z,Sun,19,"Hàm Nghi, tổ 36 P.Vĩnh Trung (số 87 - 16",Phường Thạc Gián,16.061954,108.210494,2,93.1,32,41,0.78,2213,1727,FRC2,1,False
2026-08-16 19:36:54,2026-08-16T12:36:54Z,Sun,19,Đường Bắc Sơn (Từ số nhà 02 đến số nhà 9,Phường Hòa An,16.059092,108.175051,2,105.7,30,46,0.652,1332,869,FRC1,1,False
2026-08-16 19:36:54,2026-08-16T12:36:54Z,Sun,19,Lê Thanh Nghị,Phường Hòa Cường Nam,16.035861,108.218057,2,19.2,27,36,0.75,216,162,FRC4,1,False
2026-08-16 19:36:54,2026-08-16T12:36:54Z,Sun,19,50 Đường Hoàng Hoa Thám,Phường Tam Thuận,16.069332,108.209716,2,45.0,19,37,0.514,513,263,FRC4,1,False
2026-08-16 19:36:54,2026-08-16T12:36:54Z,Sun,19,Đường Cầm Bá Thước (Toàn bộ tuyến đường),Phường Hòa Cường Bắc,16.042987,108.212774,2,52.0,36,46,0.783,1027,803,FRC4,1,False
2026-08-16 19:36:54,2026-08-16T12:36:54Z,Sun,19,Hà Huy Tập,Phường Hòa Khê,16.05858,108.184255,2,64.0,21,30,0.7,364,255,FRC4,0.95597,False
2026-08-16 19:36:54,2026-08-16T12:36:54Z,Sun,19,Kiệt 179 Nguyễn Văn Linh (Toàn bộ kiệt),Phường Nam Dương,16.060362,108.214005,2,65.0,31,41,0.756,2284,1727,FRC2,1,False
2026-08-16 19:36:54,2026-08-16T12:36:54Z,Sun,19,67 Đường Tố Hữu,Phường Hòa Cường Nam,16.034478,108.219218,2,10.0,27,36,0.75,216,162,FRC4,1,False
2026-08-16 19:36:54,2026-08-16T12:36:54Z,Sun,19,Ngã tư Lê Thạch – Cao Sơn Pháo (Khu vực ,Phường Hòa Minh,16.057221,108.172134,2,53.3,31,47,0.66,1289,850,FRC1,1,False
2026-08-16 19:36:54,2026-08-16T12:36:54Z,Sun,19,Đường Hải Hồ,Phường Thanh Bình,16.081622,108.216037,2,36.7,22,35,0.629,408,256,FRC3,1,False
2026-08-16 19:36:54,2026-08-16T12:36:54Z,Sun,19,Kiệt 640 Trưng Nữ Vương (Toàn bộ kiệt),Phường Hòa Cường Bắc,16.04386,108.207734,2,70.0,37,47,0.787,999,786,FRC4,1,False
2026-08-16 19:36:54,2026-08-16T12:36:54Z,Sun,19,20 Đường Lê Quý Đôn,Phường Bình Hiên,16.055828,108.22107,2,51.7,16,29,0.552,261,144,FRC4,0.98,False
2026-08-16 19:36:54,2026-08-16T12:36:54Z,Sun,19,Đống Đa,Phường Thanh Bình,16.078364,108.216795,2,10.0,22,35,0.629,408,256,FRC3,1,False
2026-08-16 19:36:54,2026-08-16T12:36:54Z,Sun,19,Quận Liên Chiểu,Phường Hòa Minh,16.06738,108.166799,2,55.0,32,40,0.8,255,204,FRC4,1,False
2026-08-16 19:36:54,2026-08-16T12:36:54Z,Sun,19,Núi Thành,Phường Hòa Cường Nam,16.036737,108.222882,2,17.5,20,33,0.606,439,266,FRC4,1,False
2026-08-16 19:36:54,2026-08-16T12:36:54Z,Sun,19,"Ngã 3 Phạm Văn Nghị - Đào Duy Anh, phườn",Phường Thạc Gián,16.05869,108.209048,2,40.0,26,38,0.684,1718,1175,FRC4,1,False
2026-08-16 19:36:54,2026-08-16T12:36:54Z,Sun,19,Quận Sơn Trà,Phường Thọ Quang,16.104352,108.253997,2,26.5,35,44,0.795,1755,1396,FRC3,1,False
2026-08-16 19:36:54,2026-08-16T12:36:54Z,Sun,19,Quang Trung - Đống Đa (Đoạn ngã 4),Phường Thanh Bình,16.073419,108.213994,2,105.5,24,36,0.667,444,296,FRC4,1,False
2026-08-16 19:36:54,2026-08-16T12:36:54Z,Sun,19,Trưng Nữ Vương,Phường Hòa Thuận Tây,16.044318,108.206417,2,25.0,37,47,0.787,999,786,FRC4,1,False
2026-08-16 19:36:54,2026-08-16T12:36:54Z,Sun,19,Đ. Ngô Thì Nhậm,Phường Hòa Minh,16.071259,108.156865,2,40.0,26,39,0.667,299,199,FRC4,1,False
2026-08-16 19:36:54,2026-08-16T12:36:54Z,Sun,19,Ngô Tử Hạ,Phường Hòa An,16.043478,108.178278,2,55.0,41,51,0.804,1684,1354,FRC1,1,False
2026-08-16 19:36:54,2026-08-16T12:36:54Z,Sun,19,"Kiệt 818 Trần Cao Vân, tổ 20 P.Thanh Khê",Phường Thanh Khê Đông,16.069731,108.184158,2,90.0,23,34,0.676,787,532,FRC4,1,False
2026-08-16 19:36:54,2026-08-16T12:36:54Z,Sun,19,Hẻm 45 Đường An Mỹ 08 (Hem 45 Duong An M,Phường An Hải Tây,16.06394,108.23185,2,10.0,32,32,1.0,73,73,FRC3,1,False
2026-08-16 20:06:54,2026-08-16T13:06:54Z,Sun,20,15 Đường Quang Trung,Phường Hải Châu,16.075051,108.222198,5,12.0,21,33,0.636,862,548,FRC4,0.999061,False
2026-08-16 20:06:54,2026-08-16T13:06:54Z,Sun,20,Phần Lăng 1,Phường Hòa Cường Bắc,16.054171,108.188345,5,49.2,18,30,0.6,425,255,FRC4,0.971062,False
2026-08-16 20:06:54,2026-08-16T13:06:54Z,Sun,20,24 Đường Trần Phú,Phường Thạch Thang,16.077081,108.223023,5,12.0,25,36,0.694,426,296,FRC4,1,False
2026-08-16 20:06:54,2026-08-16T13:06:54Z,Sun,20,2 Đường Lý Thái Tổ (Duong Ly Thai To),Phường Thạc Gián,16.066432,108.209833,4,64.6,24,39,0.615,774,476,FRC1,0.996762,False
2026-08-16 20:06:54,2026-08-16T13:06:54Z,Sun,20,100 Đường Trần Phú,Phường Hải Châu 1,16.06907,108.22398,4,46.5,18,33,0.545,472,257,FRC4,1,False
2026-08-16 20:06:54,2026-08-16T13:06:54Z,Sun,20,Ngã tư Bắc Sơn – Trần Văn Ơn (Khu vực gi,Phường Hòa An,16.054638,108.176766,3,96.9,23,36,0.639,442,282,FRC4,1,False
2026-08-16 20:06:54,2026-08-16T13:06:54Z,Sun,20,40 Đường Trần Phú,Phường Hải Châu I,16.071757,108.224725,3,59.6,27,27,1.0,14,14,FRC4,1,False
2026-08-16 20:06:54,2026-08-16T13:06:54Z,Sun,20,Bàu Làng,Phường Thanh Khê Đông,16.070435,108.185778,3,49.0,21,33,0.636,862,548,FRC4,0.999061,False
2026-08-16 20:06:54,2026-08-16T13:06:54Z,Sun,20,Huỳnh Ngọc Huệ,Phường Hòa Khê,16.061159,108.185345,3,81.0,17,27,0.63,471,296,FRC4,0.981858,False
2026-08-16 20:06:54,2026-08-16T13:06:54Z,Sun,20,"Hàm Nghi, tổ 36 P.Vĩnh Trung (số 87 - 16",Phường Thạc Gián,16.061954,108.210494,2,93.1,31,41,0.756,2284,1727,FRC2,1,False
2026-08-16 20:06:54,2026-08-16T13:06:54Z,Sun,20,Đường Bắc Sơn (Từ số nhà 02 đến số nhà 9,Phường Hòa An,16.059092,108.175051,2,105.7,30,46,0.652,1332,869,FRC1,1,False
2026-08-16 20:06:54,2026-08-16T13:06:54Z,Sun,20,Lê Thanh Nghị,Phường Hòa Cường Nam,16.035861,108.218057,2,19.2,23,37,0.622,253,157,FRC4,1,False
2026-08-16 20:06:54,2026-08-16T13:06:54Z,Sun,20,50 Đường Hoàng Hoa Thám,Phường Tam Thuận,16.069332,108.209716,2,45.0,18,37,0.486,542,263,FRC4,1,False
2026-08-16 20:06:54,2026-08-16T13:06:54Z,Sun,20,Đường Cầm Bá Thước (Toàn bộ tuyến đường),Phường Hòa Cường Bắc,16.042987,108.212774,2,52.0,37,47,0.787,999,786,FRC4,1,False
2026-08-16 20:06:54,2026-08-16T13:06:54Z,Sun,20,Hà Huy Tập,Phường Hòa Khê,16.05858,108.184255,2,64.0,18,30,0.6,425,255,FRC4,0.971062,False
2026-08-16 20:06:54,2026-08-16T13:06:54Z,Sun,20,Kiệt 179 Nguyễn Văn Linh (Toàn bộ kiệt),Phường Nam Dương,16.060362,108.214005,2,65.0,31,41,0.756,2284,1727,FRC2,1,False
2026-08-16 20:06:54,2026-08-16T13:06:54Z,Sun,20,67 Đường Tố Hữu,Phường Hòa Cường Nam,16.034478,108.219218,2,10.0,23,37,0.622,253,157,FRC4,1,False
2026-08-16 20:06:54,2026-08-16T13:06:54Z,Sun,20,Ngã tư Lê Thạch – Cao Sơn Pháo (Khu vực ,Phường Hòa Minh,16.057221,108.172134,2,53.3,30,46,0.652,1332,869,FRC1,1,False
2026-08-16 20:06:54,2026-08-16T13:06:54Z,Sun,20,Đường Hải Hồ,Phường Thanh Bình,16.081622,108.216037,2,36.7,23,36,0.639,390,249,FRC3,1,False
2026-08-16 20:06:54,2026-08-16T13:06:54Z,Sun,20,Kiệt 640 Trưng Nữ Vương (Toàn bộ kiệt),Phường Hòa Cường Bắc,16.04386,108.207734,2,70.0,38,47,0.809,973,786,FRC4,1,False
2026-08-16 20:06:54,2026-08-16T13:06:54Z,Sun,20,20 Đường Lê Quý Đôn,Phường Bình Hiên,16.055828,108.22107,2,51.7,16,29,0.552,261,144,FRC4,0.949123,False
2026-08-16 20:06:54,2026-08-16T13:06:54Z,Sun,20,Đống Đa,Phường Thanh Bình,16.078364,108.216795,2,10.0,23,36,0.639,390,249,FRC3,1,False
2026-08-16 20:06:54,2026-08-16T13:06:54Z,Sun,20,Quận Liên Chiểu,Phường Hòa Minh,16.06738,108.166799,2,55.0,31,41,0.756,263,199,FRC4,1,False
2026-08-16 20:06:54,2026-08-16T13:06:54Z,Sun,20,Núi Thành,Phường Hòa Cường Nam,16.036737,108.222882,2,17.5,20,33,0.606,439,266,FRC4,1,False
2026-08-16 20:06:54,2026-08-16T13:06:54Z,Sun,20,"Ngã 3 Phạm Văn Nghị - Đào Duy Anh, phườn",Phường Thạc Gián,16.05869,108.209048,2,40.0,26,37,0.703,1718,1207,FRC4,1,False
2026-08-16 20:06:54,2026-08-16T13:06:54Z,Sun,20,Quận Sơn Trà,Phường Thọ Quang,16.104352,108.253997,2,26.5,45,45,1.0,1365,1365,FRC3,1,False
2026-08-16 20:06:54,2026-08-16T13:06:54Z,Sun,20,Quang Trung - Đống Đa (Đoạn ngã 4),Phường Thanh Bình,16.073419,108.213994,2,105.5,25,36,0.694,426,296,FRC4,1,False
2026-08-16 20:06:54,2026-08-16T13:06:54Z,Sun,20,Trưng Nữ Vương,Phường Hòa Thuận Tây,16.044318,108.206417,2,25.0,38,47,0.809,973,786,FRC4,1,False
2026-08-16 20:06:54,2026-08-16T13:06:54Z,Sun,20,Đ. Ngô Thì Nhậm,Phường Hòa Minh,16.071259,108.156865,2,40.0,27,40,0.675,288,194,FRC4,1,False
2026-08-16 20:06:54,2026-08-16T13:06:54Z,Sun,20,Ngô Tử Hạ,Phường Hòa An,16.043478,108.178278,2,55.0,41,51,0.804,1684,1354,FRC1,1,False
2026-08-16 20:06:54,2026-08-16T13:06:54Z,Sun,20,"Kiệt 818 Trần Cao Vân, tổ 20 P.Thanh Khê",Phường Thanh Khê Đông,16.069731,108.184158,2,90.0,23,34,0.676,787,532,FRC4,1,False
2026-08-16 20:06:54,2026-08-16T13:06:54Z,Sun,20,Hẻm 45 Đường An Mỹ 08 (Hem 45 Duong An M,Phường An Hải Tây,16.06394,108.23185,2,10.0,32,32,1.0,73,73,FRC3,1,False
2026-08-16 20:36:54,2026-08-16T13:36:54Z,Sun,20,15 Đường Quang Trung,Phường Hải Châu,16.075051,108.222198,5,12.0,22,33,0.667,822,548,FRC4,0.998656,False
2026-08-16 20:36:54,2026-08-16T13:36:54Z,Sun,20,Phần Lăng 1,Phường Hòa Cường Bắc,16.054171,108.188345,5,49.2,23,29,0.793,332,263,FRC4,0.875526,False
2026-08-16 20:36:54,2026-08-16T13:36:54Z,Sun,20,24 Đường Trần Phú,Phường Thạch Thang,16.077081,108.223023,5,12.0,28,36,0.778,381,296,FRC4,1,False
2026-08-16 20:36:54,2026-08-16T13:36:54Z,Sun,20,2 Đường Lý Thái Tổ (Duong Ly Thai To),Phường Thạc Gián,16.066432,108.209833,4,64.6,27,39,0.692,688,476,FRC1,1,False
2026-08-16 20:36:54,2026-08-16T13:36:54Z,Sun,20,100 Đường Trần Phú,Phường Hải Châu 1,16.06907,108.22398,4,46.5,20,33,0.606,425,257,FRC4,1,False
2026-08-16 20:36:54,2026-08-16T13:36:54Z,Sun,20,Ngã tư Bắc Sơn – Trần Văn Ơn (Khu vực gi,Phường Hòa An,16.054638,108.176766,3,96.9,26,36,0.722,391,282,FRC4,0.99,False
2026-08-16 20:36:54,2026-08-16T13:36:54Z,Sun,20,40 Đường Trần Phú,Phường Hải Châu I,16.071757,108.224725,3,59.6,27,27,1.0,14,14,FRC4,1,False
2026-08-16 20:36:54,2026-08-16T13:36:54Z,Sun,20,Bàu Làng,Phường Thanh Khê Đông,16.070435,108.185778,3,49.0,22,33,0.667,822,548,FRC4,0.998127,False
2026-08-16 20:36:54,2026-08-16T13:36:54Z,Sun,20,Huỳnh Ngọc Huệ,Phường Hòa Khê,16.061159,108.185345,3,81.0,18,28,0.643,445,286,FRC4,0.97,False
2026-08-16 20:36:54,2026-08-16T13:36:54Z,Sun,20,"Hàm Nghi, tổ 36 P.Vĩnh Trung (số 87 - 16",Phường Thạc Gián,16.061954,108.210494,2,93.1,31,41,0.756,2284,1727,FRC2,0.997336,False
2026-08-16 20:36:54,2026-08-16T13:36:54Z,Sun,20,Đường Bắc Sơn (Từ số nhà 02 đến số nhà 9,Phường Hòa An,16.059092,108.175051,2,105.7,32,46,0.696,1249,869,FRC1,1,False
2026-08-16 20:36:54,2026-08-16T13:36:54Z,Sun,20,Lê Thanh Nghị,Phường Hòa Cường Nam,16.035861,108.218057,2,19.2,24,37,0.649,243,157,FRC4,1,False
2026-08-16 20:36:54,2026-08-16T13:36:54Z,Sun,20,50 Đường Hoàng Hoa Thám,Phường Tam Thuận,16.069332,108.209716,2,45.0,18,37,0.486,542,263,FRC4,1,False
2026-08-16 20:36:54,2026-08-16T13:36:54Z,Sun,20,Đường Cầm Bá Thước (Toàn bộ tuyến đường),Phường Hòa Cường Bắc,16.042987,108.212774,2,52.0,37,47,0.787,999,786,FRC4,1,False
2026-08-16 20:36:54,2026-08-16T13:36:54Z,Sun,20,Hà Huy Tập,Phường Hòa Khê,16.05858,108.184255,2,64.0,23,29,0.793,332,263,FRC4,0.875526,False
2026-08-16 20:36:54,2026-08-16T13:36:54Z,Sun,20,Kiệt 179 Nguyễn Văn Linh (Toàn bộ kiệt),Phường Nam Dương,16.060362,108.214005,2,65.0,31,41,0.756,2284,1727,FRC2,0.997336,False
2026-08-16 20:36:54,2026-08-16T13:36:54Z,Sun,20,67 Đường Tố Hữu,Phường Hòa Cường Nam,16.034478,108.219218,2,10.0,24,37,0.649,243,157,FRC4,1,False
2026-08-16 20:36:54,2026-08-16T13:36:54Z,Sun,20,Ngã tư Lê Thạch – Cao Sơn Pháo (Khu vực ,Phường Hòa Minh,16.057221,108.172134,2,53.3,32,46,0.696,1249,869,FRC1,1,False
2026-08-16 20:36:54,2026-08-16T13:36:54Z,Sun,20,Đường Hải Hồ,Phường Thanh Bình,16.081622,108.216037,2,36.7,25,34,0.735,359,264,FRC3,1,False
2026-08-16 20:36:54,2026-08-16T13:36:54Z,Sun,20,Kiệt 640 Trưng Nữ Vương (Toàn bộ kiệt),Phường Hòa Cường Bắc,16.04386,108.207734,2,70.0,39,47,0.83,948,786,FRC4,1,False
2026-08-16 20:36:54,2026-08-16T13:36:54Z,Sun,20,20 Đường Lê Quý Đôn,Phường Bình Hiên,16.055828,108.22107,2,51.7,14,30,0.467,298,139,FRC4,0.939719,False
2026-08-16 20:36:54,2026-08-16T13:36:54Z,Sun,20,Đống Đa,Phường Thanh Bình,16.078364,108.216795,2,10.0,25,34,0.735,359,264,FRC3,1,False
2026-08-16 20:36:54,2026-08-16T13:36:54Z,Sun,20,Quận Liên Chiểu,Phường Hòa Minh,16.06738,108.166799,2,55.0,34,40,0.85,240,204,FRC4,1,False
2026-08-16 20:36:54,2026-08-16T13:36:54Z,Sun,20,Núi Thành,Phường Hòa Cường Nam,16.036737,108.222882,2,17.5,19,33,0.576,463,266,FRC4,1,False
2026-08-16 20:36:54,2026-08-16T13:36:54Z,Sun,20,"Ngã 3 Phạm Văn Nghị - Đào Duy Anh, phườn",Phường Thạc Gián,16.05869,108.209048,2,40.0,26,38,0.684,1718,1175,FRC4,1,False
2026-08-16 20:36:54,2026-08-16T13:36:54Z,Sun,20,Quận Sơn Trà,Phường Thọ Quang,16.104352,108.253997,2,26.5,37,45,0.822,1660,1365,FRC3,1,False
2026-08-16 20:36:54,2026-08-16T13:36:54Z,Sun,20,Quang Trung - Đống Đa (Đoạn ngã 4),Phường Thanh Bình,16.073419,108.213994,2,105.5,25,36,0.694,426,296,FRC4,1,False
2026-08-16 20:36:54,2026-08-16T13:36:54Z,Sun,20,Trưng Nữ Vương,Phường Hòa Thuận Tây,16.044318,108.206417,2,25.0,39,47,0.83,948,786,FRC4,1,False
2026-08-16 20:36:54,2026-08-16T13:36:54Z,Sun,20,Đ. Ngô Thì Nhậm,Phường Hòa Minh,16.071259,108.156865,2,40.0,26,40,0.65,299,194,FRC4,1,False
2026-08-16 20:36:54,2026-08-16T13:36:54Z,Sun,20,Ngô Tử Hạ,Phường Hòa An,16.043478,108.178278,2,55.0,42,51,0.824,1644,1354,FRC1,1,False
2026-08-16 20:36:54,2026-08-16T13:36:54Z,Sun,20,"Kiệt 818 Trần Cao Vân, tổ 20 P.Thanh Khê",Phường Thanh Khê Đông,16.069731,108.184158,2,90.0,24,33,0.727,754,548,FRC4,1,False
2026-08-16 20:36:54,2026-08-16T13:36:54Z,Sun,20,Hẻm 45 Đường An Mỹ 08 (Hem 45 Duong An M,Phường An Hải Tây,16.06394,108.23185,2,10.0,32,32,1.0,73,73,FRC3,1,False
2026-08-16 21:06:54,2026-08-16T14:06:54Z,Sun,21,15 Đường Quang Trung,Phường Hải Châu,16.075051,108.222198,5,12.0,23,33,0.697,787,548,FRC4,1,False
2026-08-16 21:06:54,2026-08-16T14:06:54Z,Sun,21,Phần Lăng 1,Phường Hòa Cường Bắc,16.054171,108.188345,5,49.2,23,31,0.742,332,246,FRC4,0.95,False
2026-08-16 21:06:54,2026-08-16T14:06:54Z,Sun,21,24 Đường Trần Phú,Phường Thạch Thang,16.077081,108.223023,5,12.0,27,35,0.771,395,304,FRC4,1,False
2026-08-16 21:06:54,2026-08-16T14:06:54Z,Sun,21,2 Đường Lý Thái Tổ (Duong Ly Thai To),Phường Thạc Gián,16.066432,108.209833,4,64.6,25,39,0.641,743,476,FRC1,0.994083,False
2026-08-16 21:06:54,2026-08-16T14:06:54Z,Sun,21,100 Đường Trần Phú,Phường Hải Châu 1,16.06907,108.22398,4,46.5,21,33,0.636,404,257,FRC4,1,False
2026-08-16 21:06:54,2026-08-16T14:06:54Z,Sun,21,Ngã tư Bắc Sơn – Trần Văn Ơn (Khu vực gi,Phường Hòa An,16.054638,108.176766,3,96.9,26,35,0.743,391,290,FRC4,0.985096,False
2026-08-16 21:06:54,2026-08-16T14:06:54Z,Sun,21,40 Đường Trần Phú,Phường Hải Châu I,16.071757,108.224725,3,59.6,18,27,0.667,21,14,FRC4,0.95,False
2026-08-16 21:06:54,2026-08-16T14:06:54Z,Sun,21,Bàu Làng,Phường Thanh Khê Đông,16.070435,108.185778,3,49.0,23,33,0.697,787,548,FRC4,1,False
2026-08-16 21:06:54,2026-08-16T14:06:54Z,Sun,21,Huỳnh Ngọc Huệ,Phường Hòa Khê,16.061159,108.185345,3,81.0,18,27,0.667,445,296,FRC4,0.99,False
2026-08-16 21:06:54,2026-08-16T14:06:54Z,Sun,21,"Hàm Nghi, tổ 36 P.Vĩnh Trung (số 87 - 16",Phường Thạc Gián,16.061954,108.210494,2,93.1,33,41,0.805,2146,1727,FRC2,0.998267,False
2026-08-16 21:06:54,2026-08-16T14:06:54Z,Sun,21,Đường Bắc Sơn (Từ số nhà 02 đến số nhà 9,Phường Hòa An,16.059092,108.175051,2,105.7,31,46,0.674,1289,869,FRC1,1,False
2026-08-16 21:06:54,2026-08-16T14:06:54Z,Sun,21,Lê Thanh Nghị,Phường Hòa Cường Nam,16.035861,108.218057,2,19.2,23,37,0.622,253,157,FRC4,1,False
2026-08-16 21:06:54,2026-08-16T14:06:54Z,Sun,21,50 Đường Hoàng Hoa Thám,Phường Tam Thuận,16.069332,108.209716,2,45.0,22,37,0.595,443,263,FRC4,1,False
2026-08-16 21:06:54,2026-08-16T14:06:54Z,Sun,21,Đường Cầm Bá Thước (Toàn bộ tuyến đường),Phường Hòa Cường Bắc,16.042987,108.212774,2,52.0,37,46,0.804,999,803,FRC4,1,False
2026-08-16 21:06:54,2026-08-16T14:06:54Z,Sun,21,Hà Huy Tập,Phường Hòa Khê,16.05858,108.184255,2,64.0,23,31,0.742,332,246,FRC4,0.95,False
2026-08-16 21:06:54,2026-08-16T14:06:54Z,Sun,21,Kiệt 179 Nguyễn Văn Linh (Toàn bộ kiệt),Phường Nam Dương,16.060362,108.214005,2,65.0,33,41,0.805,2146,1727,FRC2,0.998267,False
2026-08-16 21:06:54,2026-08-16T14:06:54Z,Sun,21,67 Đường Tố Hữu,Phường Hòa Cường Nam,16.034478,108.219218,2,10.0,23,37,0.622,253,157,FRC4,1,False
2026-08-16 21:06:54,2026-08-16T14:06:54Z,Sun,21,Ngã tư Lê Thạch – Cao Sơn Pháo (Khu vực ,Phường Hòa Minh,16.057221,108.172134,2,53.3,31,46,0.674,1289,869,FRC1,1,False
2026-08-16 21:06:54,2026-08-16T14:06:54Z,Sun,21,Đường Hải Hồ,Phường Thanh Bình,16.081622,108.216037,2,36.7,27,35,0.771,332,256,FRC3,1,False
2026-08-16 21:06:54,2026-08-16T14:06:54Z,Sun,21,Kiệt 640 Trưng Nữ Vương (Toàn bộ kiệt),Phường Hòa Cường Bắc,16.04386,108.207734,2,70.0,37,46,0.804,999,803,FRC4,1,False
2026-08-16 21:06:54,2026-08-16T14:06:54Z,Sun,21,20 Đường Lê Quý Đôn,Phường Bình Hiên,16.055828,108.22107,2,51.7,17,29,0.586,246,144,FRC4,0.950771,False
2026-08-16 21:06:54,2026-08-16T14:06:54Z,Sun,21,Đống Đa,Phường Thanh Bình,16.078364,108.216795,2,10.0,27,35,0.771,332,256,FRC3,1,False
2026-08-16 21:06:54,2026-08-16T14:06:54Z,Sun,21,Quận Liên Chiểu,Phường Hòa Minh,16.06738,108.166799,2,55.0,32,40,0.8,255,204,FRC4,1,False
2026-08-16 21:06:54,2026-08-16T14:06:54Z,Sun,21,Núi Thành,Phường Hòa Cường Nam,16.036737,108.222882,2,17.5,20,32,0.625,439,274,FRC4,1,False
2026-08-16 21:06:54,2026-08-16T14:06:54Z,Sun,21,"Ngã 3 Phạm Văn Nghị - Đào Duy Anh, phườn",Phường Thạc Gián,16.05869,108.209048,2,40.0,27,37,0.73,1654,1207,FRC4,1,False
2026-08-16 21:06:54,2026-08-16T14:06:54Z,Sun,21,Quận Sơn Trà,Phường Thọ Quang,16.104352,108.253997,2,26.5,45,45,1.0,1365,1365,FRC3,1,False
2026-08-16 21:06:54,2026-08-16T14:06:54Z,Sun,21,Quang Trung - Đống Đa (Đoạn ngã 4),Phường Thanh Bình,16.073419,108.213994,2,105.5,27,35,0.771,395,304,FRC4,1,False
2026-08-16 21:06:54,2026-08-16T14:06:54Z,Sun,21,Trưng Nữ Vương,Phường Hòa Thuận Tây,16.044318,108.206417,2,25.0,37,46,0.804,999,803,FRC4,1,False
2026-08-16 21:06:54,2026-08-16T14:06:54Z,Sun,21,Đ. Ngô Thì Nhậm,Phường Hòa Minh,16.071259,108.156865,2,40.0,26,40,0.65,299,194,FRC4,1,False
2026-08-16 21:06:54,2026-08-16T14:06:54Z,Sun,21,Ngô Tử Hạ,Phường Hòa An,16.043478,108.178278,2,55.0,42,51,0.824,1644,1354,FRC1,1,False
2026-08-16 21:06:54,2026-08-16T14:06:54Z,Sun,21,"Kiệt 818 Trần Cao Vân, tổ 20 P.Thanh Khê",Phường Thanh Khê Đông,16.069731,108.184158,2,90.0,24,35,0.686,754,517,FRC4,1,False
2026-08-16 21:06:54,2026-08-16T14:06:54Z,Sun,21,Hẻm 45 Đường An Mỹ 08 (Hem 45 Duong An M,Phường An Hải Tây,16.06394,108.23185,2,10.0,21,32,0.656,112,73,FRC3,1,False
2026-08-16 21:36:54,2026-08-16T14:36:54Z,Sun,21,15 Đường Quang Trung,Phường Hải Châu,16.075051,108.222198,5,12.0,21,34,0.618,862,532,FRC4,0.996373,False
2026-08-16 21:36:54,2026-08-16T14:36:54Z,Sun,21,Phần Lăng 1,Phường Hòa Cường Bắc,16.054171,108.188345,5,49.2,23,31,0.742,332,246,FRC4,0.841881,False
2026-08-16 21:36:54,2026-08-16T14:36:54Z,Sun,21,24 Đường Trần Phú,Phường Thạch Thang,16.077081,108.223023,5,12.0,26,36,0.722,410,296,FRC4,1,False
2026-08-16 21:36:54,2026-08-16T14:36:54Z,Sun,21,2 Đường Lý Thái Tổ (Duong Ly Thai To),Phường Thạc Gián,16.066432,108.209833,4,64.6,28,38,0.737,663,488,FRC1,0.996133,False
2026-08-16 21:36:54,2026-08-16T14:36:54Z,Sun,21,100 Đường Trần Phú,Phường Hải Châu 1,16.06907,108.22398,4,46.5,21,33,0.636,404,257,FRC4,1,False
2026-08-16 21:36:54,2026-08-16T14:36:54Z,Sun,21,Ngã tư Bắc Sơn – Trần Văn Ơn (Khu vực gi,Phường Hòa An,16.054638,108.176766,3,96.9,27,34,0.794,377,299,FRC4,0.987804,False
2026-08-16 21:36:54,2026-08-16T14:36:54Z,Sun,21,40 Đường Trần Phú,Phường Hải Châu I,16.071757,108.224725,3,59.6,21,26,0.808,18,14,FRC4,0.95,False
2026-08-16 21:36:54,2026-08-16T14:36:54Z,Sun,21,Bàu Làng,Phường Thanh Khê Đông,16.070435,108.185778,3,49.0,22,34,0.647,822,532,FRC4,1,False
2026-08-16 21:36:54,2026-08-16T14:36:54Z,Sun,21,Huỳnh Ngọc Huệ,Phường Hòa Khê,16.061159,108.185345,3,81.0,22,28,0.786,364,286,FRC4,0.92031,False
2026-08-16 21:36:54,2026-08-16T14:36:54Z,Sun,21,"Hàm Nghi, tổ 36 P.Vĩnh Trung (số 87 - 16",Phường Thạc Gián,16.061954,108.210494,2,93.1,31,41,0.756,2284,1727,FRC2,0.997947,False
2026-08-16 21:36:54,2026-08-16T14:36:54Z,Sun,21,Đường Bắc Sơn (Từ số nhà 02 đến số nhà 9,Phường Hòa An,16.059092,108.175051,2,105.7,32,46,0.696,1249,869,FRC1,1,False
2026-08-16 21:36:54,2026-08-16T14:36:54Z,Sun,21,Lê Thanh Nghị,Phường Hòa Cường Nam,16.035861,108.218057,2,19.2,25,37,0.676,233,157,FRC4,1,False
2026-08-16 21:36:54,2026-08-16T14:36:54Z,Sun,21,50 Đường Hoàng Hoa Thám,Phường Tam Thuận,16.069332,108.209716,2,45.0,23,37,0.622,424,263,FRC4,1,False
2026-08-16 21:36:54,2026-08-16T14:36:54Z,Sun,21,Đường Cầm Bá Thước (Toàn bộ tuyến đường),Phường Hòa Cường Bắc,16.042987,108.212774,2,52.0,37,46,0.804,999,803,FRC4,1,False
2026-08-16 21:36:54,2026-08-16T14:36:54Z,Sun,21,Hà Huy Tập,Phường Hòa Khê,16.05858,108.184255,2,64.0,23,31,0.742,332,246,FRC4,0.841881,False
2026-08-16 21:36:54,2026-08-16T14:36:54Z,Sun,21,Kiệt 179 Nguyễn Văn Linh (Toàn bộ kiệt),Phường Nam Dương,16.060362,108.214005,2,65.0,31,41,0.756,2284,1727,FRC2,0.997947,False
2026-08-16 21:36:54,2026-08-16T14:36:54Z,Sun,21,67 Đường Tố Hữu,Phường Hòa Cường Nam,16.034478,108.219218,2,10.0,25,37,0.676,233,157,FRC4,1,False
2026-08-16 21:36:54,2026-08-16T14:36:54Z,Sun,21,Ngã tư Lê Thạch – Cao Sơn Pháo (Khu vực ,Phường Hòa Minh,16.057221,108.172134,2,53.3,32,46,0.696,1249,869,FRC1,1,False
2026-08-16 21:36:54,2026-08-16T14:36:54Z,Sun,21,Đường Hải Hồ,Phường Thanh Bình,16.081622,108.216037,2,36.7,36,36,1.0,249,249,FRC3,1,False
2026-08-16 21:36:54,2026-08-16T14:36:54Z,Sun,21,Kiệt 640 Trưng Nữ Vương (Toàn bộ kiệt),Phường Hòa Cường Bắc,16.04386,108.207734,2,70.0,38,47,0.809,973,786,FRC4,1,False
2026-08-16 21:36:54,2026-08-16T14:36:54Z,Sun,21,20 Đường Lê Quý Đôn,Phường Bình Hiên,16.055828,108.22107,2,51.7,20,28,0.714,209,149,FRC4,0.94,False
2026-08-16 21:36:54,2026-08-16T14:36:54Z,Sun,21,Đống Đa,Phường Thanh Bình,16.078364,108.216795,2,10.0,36,36,1.0,249,249,FRC3,1,False
2026-08-16 21:36:54,2026-08-16T14:36:54Z,Sun,21,Quận Liên Chiểu,Phường Hòa Minh,16.06738,108.166799,2,55.0,33,41,0.805,247,199,FRC4,1,False
2026-08-16 21:36:54,2026-08-16T14:36:54Z,Sun,21,Núi Thành,Phường Hòa Cường Nam,16.036737,108.222882,2,17.5,22,33,0.667,399,266,FRC4,1,False
2026-08-16 21:36:54,2026-08-16T14:36:54Z,Sun,21,"Ngã 3 Phạm Văn Nghị - Đào Duy Anh, phườn",Phường Thạc Gián,16.05869,108.209048,2,40.0,28,38,0.737,1595,1175,FRC4,1,False
2026-08-16 21:36:54,2026-08-16T14:36:54Z,Sun,21,Quận Sơn Trà,Phường Thọ Quang,16.104352,108.253997,2,26.5,45,45,1.0,1365,1365,FRC3,1,False
2026-08-16 21:36:54,2026-08-16T14:36:54Z,Sun,21,Quang Trung - Đống Đa (Đoạn ngã 4),Phường Thanh Bình,16.073419,108.213994,2,105.5,22,36,0.611,485,296,FRC4,1,False
2026-08-16 21:36:54,2026-08-16T14:36:54Z,Sun,21,Trưng Nữ Vương,Phường Hòa Thuận Tây,16.044318,108.206417,2,25.0,38,47,0.809,973,786,FRC4,1,False
2026-08-16 21:36:54,2026-08-16T14:36:54Z,Sun,21,Đ. Ngô Thì Nhậm,Phường Hòa Minh,16.071259,108.156865,2,40.0,30,40,0.75,259,194,FRC4,1,False
2026-08-16 21:36:54,2026-08-16T14:36:54Z,Sun,21,Ngô Tử Hạ,Phường Hòa An,16.043478,108.178278,2,55.0,41,51,0.804,1684,1354,FRC1,1,False
2026-08-16 21:36:54,2026-08-16T14:36:54Z,Sun,21,"Kiệt 818 Trần Cao Vân, tổ 20 P.Thanh Khê",Phường Thanh Khê Đông,16.069731,108.184158,2,90.0,23,34,0.676,787,532,FRC4,1,False
2026-08-16 21:36:54,2026-08-16T14:36:54Z,Sun,21,Hẻm 45 Đường An Mỹ 08 (Hem 45 Duong An M,Phường An Hải Tây,16.06394,108.23185,2,10.0,17,30,0.567,138,78,FRC3,1,False
2026-08-16 21:57:59,2026-08-16T14:57:59Z,Sun,21,15 Đường Quang Trung,Phường Hải Châu,16.075051,108.222198,5,12.0,25,33,0.758,724,548,FRC4,0.998654,False
2026-08-16 21:57:59,2026-08-16T14:57:59Z,Sun,21,Phần Lăng 1,Phường Hòa Cường Bắc,16.054171,108.188345,5,49.2,31,31,1.0,246,246,FRC4,1,False
2026-08-16 21:57:59,2026-08-16T14:57:59Z,Sun,21,24 Đường Trần Phú,Phường Thạch Thang,16.077081,108.223023,5,12.0,27,36,0.75,395,296,FRC4,1,False
2026-08-16 21:57:59,2026-08-16T14:57:59Z,Sun,21,2 Đường Lý Thái Tổ (Duong Ly Thai To),Phường Thạc Gián,16.066432,108.209833,4,64.6,27,38,0.711,688,488,FRC1,0.995288,False
2026-08-16 21:57:59,2026-08-16T14:57:59Z,Sun,21,100 Đường Trần Phú,Phường Hải Châu 1,16.06907,108.22398,4,46.5,20,33,0.606,425,257,FRC4,1,False
2026-08-16 21:57:59,2026-08-16T14:57:59Z,Sun,21,Ngã tư Bắc Sơn – Trần Văn Ơn (Khu vực gi,Phường Hòa An,16.054638,108.176766,3,96.9,36,36,1.0,282,282,FRC4,1,False
2026-08-16 21:57:59,2026-08-16T14:57:59Z,Sun,21,40 Đường Trần Phú,Phường Hải Châu I,16.071757,108.224725,3,59.6,27,27,1.0,14,14,FRC4,1,False
2026-08-16 21:57:59,2026-08-16T14:57:59Z,Sun,21,Bàu Làng,Phường Thanh Khê Đông,16.070435,108.185778,3,49.0,25,33,0.758,724,548,FRC4,0.998654,False
2026-08-16 21:57:59,2026-08-16T14:57:59Z,Sun,21,Huỳnh Ngọc Huệ,Phường Hòa Khê,16.061159,108.185345,3,81.0,28,28,1.0,286,286,FRC4,1,False
2026-08-16 21:57:59,2026-08-16T14:57:59Z,Sun,21,"Hàm Nghi, tổ 36 P.Vĩnh Trung (số 87 - 16",Phường Thạc Gián,16.061954,108.210494,2,93.1,33,41,0.805,2146,1727,FRC2,0.996684,False
2026-08-16 21:57:59,2026-08-16T14:57:59Z,Sun,21,Đường Bắc Sơn (Từ số nhà 02 đến số nhà 9,Phường Hòa An,16.059092,108.175051,2,105.7,32,46,0.696,1249,869,FRC1,1,False
2026-08-16 21:57:59,2026-08-16T14:57:59Z,Sun,21,Lê Thanh Nghị,Phường Hòa Cường Nam,16.035861,108.218057,2,19.2,25,36,0.694,233,162,FRC4,1,False
2026-08-16 21:57:59,2026-08-16T14:57:59Z,Sun,21,50 Đường Hoàng Hoa Thám,Phường Tam Thuận,16.069332,108.209716,2,45.0,24,36,0.667,406,271,FRC4,1,False
2026-08-16 21:57:59,2026-08-16T14:57:59Z,Sun,21,Đường Cầm Bá Thước (Toàn bộ tuyến đường),Phường Hòa Cường Bắc,16.042987,108.212774,2,52.0,47,47,1.0,786,786,FRC4,1,False
2026-08-16 21:57:59,2026-08-16T14:57:59Z,Sun,21,Hà Huy Tập,Phường Hòa Khê,16.05858,108.184255,2,64.0,31,31,1.0,246,246,FRC4,1,False
2026-08-16 21:57:59,2026-08-16T14:57:59Z,Sun,21,Kiệt 179 Nguyễn Văn Linh (Toàn bộ kiệt),Phường Nam Dương,16.060362,108.214005,2,65.0,33,41,0.805,2146,1727,FRC2,0.996684,False
2026-08-16 21:57:59,2026-08-16T14:57:59Z,Sun,21,67 Đường Tố Hữu,Phường Hòa Cường Nam,16.034478,108.219218,2,10.0,25,36,0.694,233,162,FRC4,1,False
2026-08-16 21:57:59,2026-08-16T14:57:59Z,Sun,21,Ngã tư Lê Thạch – Cao Sơn Pháo (Khu vực ,Phường Hòa Minh,16.057221,108.172134,2,53.3,32,46,0.696,1249,869,FRC1,1,False
2026-08-16 21:57:59,2026-08-16T14:57:59Z,Sun,21,Đường Hải Hồ,Phường Thanh Bình,16.081622,108.216037,2,36.7,36,36,1.0,249,249,FRC3,1,False
2026-08-16 21:57:59,2026-08-16T14:57:59Z,Sun,21,Kiệt 640 Trưng Nữ Vương (Toàn bộ kiệt),Phường Hòa Cường Bắc,16.04386,108.207734,2,70.0,39,47,0.83,948,786,FRC4,1,False
2026-08-16 21:57:59,2026-08-16T14:57:59Z,Sun,21,20 Đường Lê Quý Đôn,Phường Bình Hiên,16.055828,108.22107,2,51.7,20,28,0.714,209,149,FRC4,0.88,False
2026-08-16 21:57:59,2026-08-16T14:57:59Z,Sun,21,Đống Đa,Phường Thanh Bình,16.078364,108.216795,2,10.0,36,36,1.0,249,249,FRC3,1,False
2026-08-16 21:57:59,2026-08-16T14:57:59Z,Sun,21,Quận Liên Chiểu,Phường Hòa Minh,16.06738,108.166799,2,55.0,41,41,1.0,199,199,FRC4,1,False
2026-08-16 21:57:59,2026-08-16T14:57:59Z,Sun,21,Núi Thành,Phường Hòa Cường Nam,16.036737,108.222882,2,17.5,24,34,0.706,366,258,FRC4,1,False
2026-08-16 21:57:59,2026-08-16T14:57:59Z,Sun,21,"Ngã 3 Phạm Văn Nghị - Đào Duy Anh, phườn",Phường Thạc Gián,16.05869,108.209048,2,40.0,27,38,0.711,1654,1175,FRC4,1,False
2026-08-16 21:57:59,2026-08-16T14:57:59Z,Sun,21,Quận Sơn Trà,Phường Thọ Quang,16.104352,108.253997,2,26.5,45,45,1.0,1365,1365,FRC3,1,False
2026-08-16 21:57:59,2026-08-16T14:57:59Z,Sun,21,Quang Trung - Đống Đa (Đoạn ngã 4),Phường Thanh Bình,16.073419,108.213994,2,105.5,27,36,0.75,395,296,FRC4,1,False
2026-08-16 21:57:59,2026-08-16T14:57:59Z,Sun,21,Trưng Nữ Vương,Phường Hòa Thuận Tây,16.044318,108.206417,2,25.0,39,47,0.83,948,786,FRC4,1,False
2026-08-16 21:57:59,2026-08-16T14:57:59Z,Sun,21,Đ. Ngô Thì Nhậm,Phường Hòa Minh,16.071259,108.156865,2,40.0,29,40,0.725,268,194,FRC4,1,False
2026-08-16 21:57:59,2026-08-16T14:57:59Z,Sun,21,Ngô Tử Hạ,Phường Hòa An,16.043478,108.178278,2,55.0,52,52,1.0,1328,1328,FRC1,1,False
2026-08-16 21:57:59,2026-08-16T14:57:59Z,Sun,21,"Kiệt 818 Trần Cao Vân, tổ 20 P.Thanh Khê",Phường Thanh Khê Đông,16.069731,108.184158,2,90.0,26,34,0.765,696,532,FRC4,1,False
2026-08-16 21:57:59,2026-08-16T14:57:59Z,Sun,21,Hẻm 45 Đường An Mỹ 08 (Hem 45 Duong An M,Phường An Hải Tây,16.06394,108.23185,2,10.0,25,32,0.781,94,73,FRC3,1,False
2026-08-16 22:29:06,2026-08-16T15:29:06Z,Sun,22,15 Đường Quang Trung,Phường Hải Châu,16.075051,108.222198,5,12.0,34,34,1.0,532,532,FRC4,1,False
2026-08-16 22:29:06,2026-08-16T15:29:06Z,Sun,22,Phần Lăng 1,Phường Hòa Cường Bắc,16.054171,108.188345,5,49.2,23,30,0.767,332,255,FRC4,0.929195,False
2026-08-16 22:29:06,2026-08-16T15:29:06Z,Sun,22,24 Đường Trần Phú,Phường Thạch Thang,16.077081,108.223023,5,12.0,37,37,1.0,288,288,FRC4,1,False
2026-08-16 22:29:06,2026-08-16T15:29:06Z,Sun,22,2 Đường Lý Thái Tổ (Duong Ly Thai To),Phường Thạc Gián,16.066432,108.209833,4,64.6,39,39,1.0,476,476,FRC1,1,False
2026-08-16 22:29:06,2026-08-16T15:29:06Z,Sun,22,100 Đường Trần Phú,Phường Hải Châu 1,16.06907,108.22398,4,46.5,23,32,0.719,369,265,FRC4,1,False
2026-08-16 22:29:06,2026-08-16T15:29:06Z,Sun,22,Ngã tư Bắc Sơn – Trần Văn Ơn (Khu vực gi,Phường Hòa An,16.054638,108.176766,3,96.9,36,36,1.0,282,282,FRC4,1,False
2026-08-16 22:29:06,2026-08-16T15:29:06Z,Sun,22,40 Đường Trần Phú,Phường Hải Châu I,16.071757,108.224725,3,59.6,20,27,0.741,19,14,FRC4,0.94,False
2026-08-16 22:29:06,2026-08-16T15:29:06Z,Sun,22,Bàu Làng,Phường Thanh Khê Đông,16.070435,108.185778,3,49.0,34,34,1.0,532,532,FRC4,1,False
2026-08-16 22:29:06,2026-08-16T15:29:06Z,Sun,22,Huỳnh Ngọc Huệ,Phường Hòa Khê,16.061159,108.185345,3,81.0,28,28,1.0,286,286,FRC4,1,False
2026-08-16 22:29:06,2026-08-16T15:29:06Z,Sun,22,"Hàm Nghi, tổ 36 P.Vĩnh Trung (số 87 - 16",Phường Thạc Gián,16.061954,108.210494,2,93.1,33,41,0.805,2146,1727,FRC2,0.995991,False
2026-08-16 22:29:06,2026-08-16T15:29:06Z,Sun,22,Đường Bắc Sơn (Từ số nhà 02 đến số nhà 9,Phường Hòa An,16.059092,108.175051,2,105.7,32,47,0.681,1249,850,FRC1,1,False
2026-08-16 22:29:06,2026-08-16T15:29:06Z,Sun,22,Lê Thanh Nghị,Phường Hòa Cường Nam,16.035861,108.218057,2,19.2,27,37,0.73,216,157,FRC4,1,False
2026-08-16 22:29:06,2026-08-16T15:29:06Z,Sun,22,50 Đường Hoàng Hoa Thám,Phường Tam Thuận,16.069332,108.209716,2,45.0,28,38,0.737,348,256,FRC4,1,False
2026-08-16 22:29:06,2026-08-16T15:29:06Z,Sun,22,Đường Cầm Bá Thước (Toàn bộ tuyến đường),Phường Hòa Cường Bắc,16.042987,108.212774,2,52.0,47,47,1.0,786,786,FRC4,1,False
2026-08-16 22:29:06,2026-08-16T15:29:06Z,Sun,22,Hà Huy Tập,Phường Hòa Khê,16.05858,108.184255,2,64.0,23,30,0.767,332,255,FRC4,0.929195,False
2026-08-16 22:29:06,2026-08-16T15:29:06Z,Sun,22,Kiệt 179 Nguyễn Văn Linh (Toàn bộ kiệt),Phường Nam Dương,16.060362,108.214005,2,65.0,33,41,0.805,2146,1727,FRC2,0.995991,False
2026-08-16 22:29:06,2026-08-16T15:29:06Z,Sun,22,67 Đường Tố Hữu,Phường Hòa Cường Nam,16.034478,108.219218,2,10.0,27,37,0.73,216,157,FRC4,1,False
2026-08-16 22:29:06,2026-08-16T15:29:06Z,Sun,22,Ngã tư Lê Thạch – Cao Sơn Pháo (Khu vực ,Phường Hòa Minh,16.057221,108.172134,2,53.3,32,47,0.681,1249,850,FRC1,1,False
2026-08-16 22:29:06,2026-08-16T15:29:06Z,Sun,22,Đường Hải Hồ,Phường Thanh Bình,16.081622,108.216037,2,36.7,36,36,1.0,249,249,FRC3,1,False
2026-08-16 22:29:06,2026-08-16T15:29:06Z,Sun,22,Kiệt 640 Trưng Nữ Vương (Toàn bộ kiệt),Phường Hòa Cường Bắc,16.04386,108.207734,2,70.0,47,47,1.0,786,786,FRC4,1,False
2026-08-16 22:29:06,2026-08-16T15:29:06Z,Sun,22,20 Đường Lê Quý Đôn,Phường Bình Hiên,16.055828,108.22107,2,51.7,29,29,1.0,144,144,FRC4,1,False
2026-08-16 22:29:06,2026-08-16T15:29:06Z,Sun,22,Đống Đa,Phường Thanh Bình,16.078364,108.216795,2,10.0,36,36,1.0,249,249,FRC3,1,False
2026-08-16 22:29:06,2026-08-16T15:29:06Z,Sun,22,Quận Liên Chiểu,Phường Hòa Minh,16.06738,108.166799,2,55.0,33,40,0.825,247,204,FRC4,1,False
2026-08-16 22:29:06,2026-08-16T15:29:06Z,Sun,22,Núi Thành,Phường Hòa Cường Nam,16.036737,108.222882,2,17.5,34,34,1.0,258,258,FRC4,1,False
2026-08-16 22:29:06,2026-08-16T15:29:06Z,Sun,22,"Ngã 3 Phạm Văn Nghị - Đào Duy Anh, phườn",Phường Thạc Gián,16.05869,108.209048,2,40.0,29,37,0.784,1540,1207,FRC4,1,False
2026-08-16 22:29:06,2026-08-16T15:29:06Z,Sun,22,Quận Sơn Trà,Phường Thọ Quang,16.104352,108.253997,2,26.5,45,45,1.0,1365,1365,FRC3,1,False
2026-08-16 22:29:06,2026-08-16T15:29:06Z,Sun,22,Quang Trung - Đống Đa (Đoạn ngã 4),Phường Thanh Bình,16.073419,108.213994,2,105.5,37,37,1.0,288,288,FRC4,1,False
2026-08-16 22:29:06,2026-08-16T15:29:06Z,Sun,22,Trưng Nữ Vương,Phường Hòa Thuận Tây,16.044318,108.206417,2,25.0,47,47,1.0,786,786,FRC4,1,False
2026-08-16 22:29:06,2026-08-16T15:29:06Z,Sun,22,Đ. Ngô Thì Nhậm,Phường Hòa Minh,16.071259,108.156865,2,40.0,21,40,0.525,371,194,FRC4,1,False
2026-08-16 22:29:06,2026-08-16T15:29:06Z,Sun,22,Ngô Tử Hạ,Phường Hòa An,16.043478,108.178278,2,55.0,52,52,1.0,1328,1328,FRC1,1,False
2026-08-16 22:29:06,2026-08-16T15:29:06Z,Sun,22,"Kiệt 818 Trần Cao Vân, tổ 20 P.Thanh Khê",Phường Thanh Khê Đông,16.069731,108.184158,2,90.0,27,35,0.771,670,517,FRC4,1,False
2026-08-16 22:29:06,2026-08-16T15:29:06Z,Sun,22,Hẻm 45 Đường An Mỹ 08 (Hem 45 Duong An M,Phường An Hải Tây,16.06394,108.23185,2,10.0,25,30,0.833,94,78,FRC3,1,False
2026-08-16 22:49:23,2026-08-16T15:49:23Z,Sun,22,15 Đường Quang Trung,Phường Hải Châu,16.075051,108.222198,5,12.0,29,34,0.853,624,532,FRC4,0.995502,False
2026-08-16 22:49:23,2026-08-16T15:49:23Z,Sun,22,Phần Lăng 1,Phường Hòa Cường Bắc,16.054171,108.188345,5,49.2,31,31,1.0,246,246,FRC4,1,False
2026-08-16 22:49:23,2026-08-16T15:49:23Z,Sun,22,24 Đường Trần Phú,Phường Thạch Thang,16.077081,108.223023,5,12.0,37,37,1.0,288,288,FRC4,1,False
2026-08-16 22:49:23,2026-08-16T15:49:23Z,Sun,22,2 Đường Lý Thái Tổ (Duong Ly Thai To),Phường Thạc Gián,16.066432,108.209833,4,64.6,39,39,1.0,476,476,FRC1,1,False
2026-08-16 22:49:23,2026-08-16T15:49:23Z,Sun,22,100 Đường Trần Phú,Phường Hải Châu 1,16.06907,108.22398,4,46.5,27,32,0.844,314,265,FRC4,1,False
2026-08-16 22:49:23,2026-08-16T15:49:23Z,Sun,22,Ngã tư Bắc Sơn – Trần Văn Ơn (Khu vực gi,Phường Hòa An,16.054638,108.176766,3,96.9,28,35,0.8,363,290,FRC4,0.993293,False
2026-08-16 22:49:23,2026-08-16T15:49:23Z,Sun,22,40 Đường Trần Phú,Phường Hải Châu I,16.071757,108.224725,3,59.6,9,27,0.333,42,14,FRC4,0.97,False
2026-08-16 22:49:23,2026-08-16T15:49:23Z,Sun,22,Bàu Làng,Phường Thanh Khê Đông,16.070435,108.185778,3,49.0,29,34,0.853,624,532,FRC4,0.995502,False
2026-08-16 22:49:23,2026-08-16T15:49:23Z,Sun,22,Huỳnh Ngọc Huệ,Phường Hòa Khê,16.061159,108.185345,3,81.0,19,28,0.679,421,286,FRC4,0.933852,False
2026-08-16 22:49:23,2026-08-16T15:49:23Z,Sun,22,"Hàm Nghi, tổ 36 P.Vĩnh Trung (số 87 - 16",Phường Thạc Gián,16.061954,108.210494,2,93.1,34,41,0.829,2082,1727,FRC2,0.988331,False
2026-08-16 22:49:23,2026-08-16T15:49:23Z,Sun,22,Đường Bắc Sơn (Từ số nhà 02 đến số nhà 9,Phường Hòa An,16.059092,108.175051,2,105.7,33,47,0.702,1211,850,FRC1,1,False
2026-08-16 22:49:23,2026-08-16T15:49:23Z,Sun,22,Lê Thanh Nghị,Phường Hòa Cường Nam,16.035861,108.218057,2,19.2,37,37,1.0,157,157,FRC4,1,False
2026-08-16 22:49:23,2026-08-16T15:49:23Z,Sun,22,50 Đường Hoàng Hoa Thám,Phường Tam Thuận,16.069332,108.209716,2,45.0,29,37,0.784,336,263,FRC4,1,False
2026-08-16 22:49:23,2026-08-16T15:49:23Z,Sun,22,Đường Cầm Bá Thước (Toàn bộ tuyến đường),Phường Hòa Cường Bắc,16.042987,108.212774,2,52.0,47,47,1.0,786,786,FRC4,1,False
2026-08-16 22:49:23,2026-08-16T15:49:23Z,Sun,22,Hà Huy Tập,Phường Hòa Khê,16.05858,108.184255,2,64.0,31,31,1.0,246,246,FRC4,1,False
2026-08-16 22:49:23,2026-08-16T15:49:23Z,Sun,22,Kiệt 179 Nguyễn Văn Linh (Toàn bộ kiệt),Phường Nam Dương,16.060362,108.214005,2,65.0,34,41,0.829,2082,1727,FRC2,0.988331,False
2026-08-16 22:49:23,2026-08-16T15:49:23Z,Sun,22,67 Đường Tố Hữu,Phường Hòa Cường Nam,16.034478,108.219218,2,10.0,37,37,1.0,157,157,FRC4,1,False
2026-08-16 22:49:23,2026-08-16T15:49:23Z,Sun,22,Ngã tư Lê Thạch – Cao Sơn Pháo (Khu vực ,Phường Hòa Minh,16.057221,108.172134,2,53.3,33,47,0.702,1211,850,FRC1,1,False
2026-08-16 22:49:23,2026-08-16T15:49:23Z,Sun,22,Đường Hải Hồ,Phường Thanh Bình,16.081622,108.216037,2,36.7,36,36,1.0,249,249,FRC3,1,False
2026-08-16 22:49:23,2026-08-16T15:49:23Z,Sun,22,Kiệt 640 Trưng Nữ Vương (Toàn bộ kiệt),Phường Hòa Cường Bắc,16.04386,108.207734,2,70.0,47,47,1.0,786,786,FRC4,1,False
2026-08-16 22:49:23,2026-08-16T15:49:23Z,Sun,22,20 Đường Lê Quý Đôn,Phường Bình Hiên,16.055828,108.22107,2,51.7,29,29,1.0,144,144,FRC4,1,False
2026-08-16 22:49:23,2026-08-16T15:49:23Z,Sun,22,Đống Đa,Phường Thanh Bình,16.078364,108.216795,2,10.0,36,36,1.0,249,249,FRC3,1,False
2026-08-16 22:49:23,2026-08-16T15:49:23Z,Sun,22,Quận Liên Chiểu,Phường Hòa Minh,16.06738,108.166799,2,55.0,33,40,0.825,247,204,FRC4,1,False
2026-08-16 22:49:23,2026-08-16T15:49:23Z,Sun,22,Núi Thành,Phường Hòa Cường Nam,16.036737,108.222882,2,17.5,26,34,0.765,338,258,FRC4,1,False
2026-08-16 22:49:23,2026-08-16T15:49:23Z,Sun,22,"Ngã 3 Phạm Văn Nghị - Đào Duy Anh, phườn",Phường Thạc Gián,16.05869,108.209048,2,40.0,30,38,0.789,1488,1175,FRC4,1,False
2026-08-16 22:49:23,2026-08-16T15:49:23Z,Sun,22,Quận Sơn Trà,Phường Thọ Quang,16.104352,108.253997,2,26.5,45,45,1.0,1365,1365,FRC3,1,False
2026-08-16 22:49:23,2026-08-16T15:49:23Z,Sun,22,Quang Trung - Đống Đa (Đoạn ngã 4),Phường Thanh Bình,16.073419,108.213994,2,105.5,37,37,1.0,288,288,FRC4,1,False
2026-08-16 22:49:23,2026-08-16T15:49:23Z,Sun,22,Trưng Nữ Vương,Phường Hòa Thuận Tây,16.044318,108.206417,2,25.0,47,47,1.0,786,786,FRC4,1,False
2026-08-16 22:49:23,2026-08-16T15:49:23Z,Sun,22,Đ. Ngô Thì Nhậm,Phường Hòa Minh,16.071259,108.156865,2,40.0,29,39,0.744,268,199,FRC4,1,False
2026-08-16 22:49:23,2026-08-16T15:49:23Z,Sun,22,Ngô Tử Hạ,Phường Hòa An,16.043478,108.178278,2,55.0,52,52,1.0,1328,1328,FRC1,1,False
2026-08-16 22:49:23,2026-08-16T15:49:23Z,Sun,22,"Kiệt 818 Trần Cao Vân, tổ 20 P.Thanh Khê",Phường Thanh Khê Đông,16.069731,108.184158,2,90.0,28,34,0.824,646,532,FRC4,1,False
2026-08-16 22:49:23,2026-08-16T15:49:23Z,Sun,22,Hẻm 45 Đường An Mỹ 08 (Hem 45 Duong An M,Phường An Hải Tây,16.06394,108.23185,2,10.0,32,32,1.0,73,73,FRC3,1,False
2026-08-16 23:34:05,2026-08-16T16:34:05Z,Sun,23,15 Đường Quang Trung,Phường Hải Châu,16.075051,108.222198,5,12.0,30,34,0.882,603,532,FRC4,0.99719,False
2026-08-16 23:34:05,2026-08-16T16:34:05Z,Sun,23,Phần Lăng 1,Phường Hòa Cường Bắc,16.054171,108.188345,5,49.2,31,31,1.0,246,246,FRC4,1,False
2026-08-16 23:34:05,2026-08-16T16:34:05Z,Sun,23,24 Đường Trần Phú,Phường Thạch Thang,16.077081,108.223023,5,12.0,37,37,1.0,288,288,FRC4,1,False
2026-08-16 23:34:05,2026-08-16T16:34:05Z,Sun,23,2 Đường Lý Thái Tổ (Duong Ly Thai To),Phường Thạc Gián,16.066432,108.209833,4,64.6,39,39,1.0,476,476,FRC1,1,False
2026-08-16 23:34:05,2026-08-16T16:34:05Z,Sun,23,100 Đường Trần Phú,Phường Hải Châu 1,16.06907,108.22398,4,46.5,33,33,1.0,257,257,FRC4,1,False
2026-08-16 23:34:05,2026-08-16T16:34:05Z,Sun,23,Ngã tư Bắc Sơn – Trần Văn Ơn (Khu vực gi,Phường Hòa An,16.054638,108.176766,3,96.9,36,36,1.0,282,282,FRC4,1,False
2026-08-16 23:34:05,2026-08-16T16:34:05Z,Sun,23,40 Đường Trần Phú,Phường Hải Châu I,16.071757,108.224725,3,59.6,13,26,0.5,29,14,FRC4,0.98,False
2026-08-16 23:34:05,2026-08-16T16:34:05Z,Sun,23,Bàu Làng,Phường Thanh Khê Đông,16.070435,108.185778,3,49.0,30,34,0.882,603,532,FRC4,0.99719,False
2026-08-16 23:34:05,2026-08-16T16:34:05Z,Sun,23,Huỳnh Ngọc Huệ,Phường Hòa Khê,16.061159,108.185345,3,81.0,28,28,1.0,286,286,FRC4,1,False
2026-08-16 23:34:05,2026-08-16T16:34:05Z,Sun,23,"Hàm Nghi, tổ 36 P.Vĩnh Trung (số 87 - 16",Phường Thạc Gián,16.061954,108.210494,2,93.1,40,40,1.0,1770,1770,FRC2,1,False
2026-08-16 23:34:05,2026-08-16T16:34:05Z,Sun,23,Đường Bắc Sơn (Từ số nhà 02 đến số nhà 9,Phường Hòa An,16.059092,108.175051,2,105.7,31,46,0.674,1289,869,FRC1,1,False
2026-08-16 23:34:05,2026-08-16T16:34:05Z,Sun,23,Lê Thanh Nghị,Phường Hòa Cường Nam,16.035861,108.218057,2,19.2,37,37,1.0,157,157,FRC4,1,False
2026-08-16 23:34:05,2026-08-16T16:34:05Z,Sun,23,50 Đường Hoàng Hoa Thám,Phường Tam Thuận,16.069332,108.209716,2,45.0,38,38,1.0,256,256,FRC4,1,False
2026-08-16 23:34:05,2026-08-16T16:34:05Z,Sun,23,Đường Cầm Bá Thước (Toàn bộ tuyến đường),Phường Hòa Cường Bắc,16.042987,108.212774,2,52.0,47,47,1.0,786,786,FRC4,1,False
2026-08-16 23:34:05,2026-08-16T16:34:05Z,Sun,23,Hà Huy Tập,Phường Hòa Khê,16.05858,108.184255,2,64.0,31,31,1.0,246,246,FRC4,1,False
2026-08-16 23:34:05,2026-08-16T16:34:05Z,Sun,23,Kiệt 179 Nguyễn Văn Linh (Toàn bộ kiệt),Phường Nam Dương,16.060362,108.214005,2,65.0,40,40,1.0,1770,1770,FRC2,1,False
2026-08-16 23:34:05,2026-08-16T16:34:05Z,Sun,23,67 Đường Tố Hữu,Phường Hòa Cường Nam,16.034478,108.219218,2,10.0,37,37,1.0,157,157,FRC4,1,False
2026-08-16 23:34:05,2026-08-16T16:34:05Z,Sun,23,Ngã tư Lê Thạch – Cao Sơn Pháo (Khu vực ,Phường Hòa Minh,16.057221,108.172134,2,53.3,31,46,0.674,1289,869,FRC1,1,False
2026-08-16 23:34:05,2026-08-16T16:34:05Z,Sun,23,Đường Hải Hồ,Phường Thanh Bình,16.081622,108.216037,2,36.7,36,36,1.0,249,249,FRC3,1,False
2026-08-16 23:34:05,2026-08-16T16:34:05Z,Sun,23,Kiệt 640 Trưng Nữ Vương (Toàn bộ kiệt),Phường Hòa Cường Bắc,16.04386,108.207734,2,70.0,47,47,1.0,786,786,FRC4,1,False
2026-08-16 23:34:05,2026-08-16T16:34:05Z,Sun,23,20 Đường Lê Quý Đôn,Phường Bình Hiên,16.055828,108.22107,2,51.7,29,29,1.0,144,144,FRC4,1,False
2026-08-16 23:34:05,2026-08-16T16:34:05Z,Sun,23,Đống Đa,Phường Thanh Bình,16.078364,108.216795,2,10.0,36,36,1.0,249,249,FRC3,1,False
2026-08-16 23:34:05,2026-08-16T16:34:05Z,Sun,23,Quận Liên Chiểu,Phường Hòa Minh,16.06738,108.166799,2,55.0,41,41,1.0,199,199,FRC4,1,False
2026-08-16 23:34:05,2026-08-16T16:34:05Z,Sun,23,Núi Thành,Phường Hòa Cường Nam,16.036737,108.222882,2,17.5,29,33,0.879,303,266,FRC4,1,False
2026-08-16 23:34:05,2026-08-16T16:34:05Z,Sun,23,"Ngã 3 Phạm Văn Nghị - Đào Duy Anh, phườn",Phường Thạc Gián,16.05869,108.209048,2,40.0,38,38,1.0,1175,1175,FRC4,1,False
2026-08-16 23:34:05,2026-08-16T16:34:05Z,Sun,23,Quận Sơn Trà,Phường Thọ Quang,16.104352,108.253997,2,26.5,45,45,1.0,1365,1365,FRC3,1,False
2026-08-16 23:34:05,2026-08-16T16:34:05Z,Sun,23,Quang Trung - Đống Đa (Đoạn ngã 4),Phường Thanh Bình,16.073419,108.213994,2,105.5,37,37,1.0,288,288,FRC4,1,False
2026-08-16 23:34:05,2026-08-16T16:34:05Z,Sun,23,Trưng Nữ Vương,Phường Hòa Thuận Tây,16.044318,108.206417,2,25.0,47,47,1.0,786,786,FRC4,1,False
2026-08-16 23:34:05,2026-08-16T16:34:05Z,Sun,23,Đ. Ngô Thì Nhậm,Phường Hòa Minh,16.071259,108.156865,2,40.0,31,40,0.775,251,194,FRC4,1,False
2026-08-16 23:34:05,2026-08-16T16:34:05Z,Sun,23,Ngô Tử Hạ,Phường Hòa An,16.043478,108.178278,2,55.0,52,52,1.0,1328,1328,FRC1,1,False
2026-08-16 23:34:05,2026-08-16T16:34:05Z,Sun,23,"Kiệt 818 Trần Cao Vân, tổ 20 P.Thanh Khê",Phường Thanh Khê Đông,16.069731,108.184158,2,90.0,35,35,1.0,517,517,FRC4,1,False
2026-08-16 23:34:05,2026-08-16T16:34:05Z,Sun,23,Hẻm 45 Đường An Mỹ 08 (Hem 45 Duong An M,Phường An Hải Tây,16.06394,108.23185,2,10.0,32,32,1.0,73,73,FRC3,1,False
2026-08-16 23:54:59,2026-08-16T16:54:59Z,Sun,23,15 Đường Quang Trung,Phường Hải Châu,16.075051,108.222198,5,12.0,34,34,1.0,532,532,FRC4,1,False
2026-08-16 23:54:59,2026-08-16T16:54:59Z,Sun,23,Phần Lăng 1,Phường Hòa Cường Bắc,16.054171,108.188345,5,49.2,31,31,1.0,246,246,FRC4,1,False
2026-08-16 23:54:59,2026-08-16T16:54:59Z,Sun,23,24 Đường Trần Phú,Phường Thạch Thang,16.077081,108.223023,5,12.0,37,37,1.0,288,288,FRC4,1,False
2026-08-16 23:54:59,2026-08-16T16:54:59Z,Sun,23,2 Đường Lý Thái Tổ (Duong Ly Thai To),Phường Thạc Gián,16.066432,108.209833,4,64.6,39,39,1.0,476,476,FRC1,1,False
2026-08-16 23:54:59,2026-08-16T16:54:59Z,Sun,23,100 Đường Trần Phú,Phường Hải Châu 1,16.06907,108.22398,4,46.5,25,32,0.781,340,265,FRC4,1,False
2026-08-16 23:54:59,2026-08-16T16:54:59Z,Sun,23,Ngã tư Bắc Sơn – Trần Văn Ơn (Khu vực gi,Phường Hòa An,16.054638,108.176766,3,96.9,36,36,1.0,282,282,FRC4,1,False
2026-08-16 23:54:59,2026-08-16T16:54:59Z,Sun,23,40 Đường Trần Phú,Phường Hải Châu I,16.071757,108.224725,3,59.6,21,27,0.778,18,14,FRC4,0.91,False
2026-08-16 23:54:59,2026-08-16T16:54:59Z,Sun,23,Bàu Làng,Phường Thanh Khê Đông,16.070435,108.185778,3,49.0,34,34,1.0,532,532,FRC4,1,False
2026-08-16 23:54:59,2026-08-16T16:54:59Z,Sun,23,Huỳnh Ngọc Huệ,Phường Hòa Khê,16.061159,108.185345,3,81.0,28,28,1.0,286,286,FRC4,1,False
2026-08-16 23:54:59,2026-08-16T16:54:59Z,Sun,23,"Hàm Nghi, tổ 36 P.Vĩnh Trung (số 87 - 16",Phường Thạc Gián,16.061954,108.210494,2,93.1,40,40,1.0,1770,1770,FRC2,1,False
2026-08-16 23:54:59,2026-08-16T16:54:59Z,Sun,23,Đường Bắc Sơn (Từ số nhà 02 đến số nhà 9,Phường Hòa An,16.059092,108.175051,2,105.7,33,47,0.702,1211,850,FRC1,0.999364,False
2026-08-16 23:54:59,2026-08-16T16:54:59Z,Sun,23,Lê Thanh Nghị,Phường Hòa Cường Nam,16.035861,108.218057,2,19.2,37,37,1.0,157,157,FRC4,1,False
2026-08-16 23:54:59,2026-08-16T16:54:59Z,Sun,23,50 Đường Hoàng Hoa Thám,Phường Tam Thuận,16.069332,108.209716,2,45.0,38,38,1.0,256,256,FRC4,1,False
2026-08-16 23:54:59,2026-08-16T16:54:59Z,Sun,23,Đường Cầm Bá Thước (Toàn bộ tuyến đường),Phường Hòa Cường Bắc,16.042987,108.212774,2,52.0,47,47,1.0,786,786,FRC4,1,False
2026-08-16 23:54:59,2026-08-16T16:54:59Z,Sun,23,Hà Huy Tập,Phường Hòa Khê,16.05858,108.184255,2,64.0,31,31,1.0,246,246,FRC4,1,False
2026-08-16 23:54:59,2026-08-16T16:54:59Z,Sun,23,Kiệt 179 Nguyễn Văn Linh (Toàn bộ kiệt),Phường Nam Dương,16.060362,108.214005,2,65.0,40,40,1.0,1770,1770,FRC2,1,False
2026-08-16 23:54:59,2026-08-16T16:54:59Z,Sun,23,67 Đường Tố Hữu,Phường Hòa Cường Nam,16.034478,108.219218,2,10.0,37,37,1.0,157,157,FRC4,1,False
2026-08-16 23:54:59,2026-08-16T16:54:59Z,Sun,23,Ngã tư Lê Thạch – Cao Sơn Pháo (Khu vực ,Phường Hòa Minh,16.057221,108.172134,2,53.3,33,47,0.702,1211,850,FRC1,0.999364,False
2026-08-16 23:54:59,2026-08-16T16:54:59Z,Sun,23,Đường Hải Hồ,Phường Thanh Bình,16.081622,108.216037,2,36.7,36,36,1.0,249,249,FRC3,1,False
2026-08-16 23:54:59,2026-08-16T16:54:59Z,Sun,23,Kiệt 640 Trưng Nữ Vương (Toàn bộ kiệt),Phường Hòa Cường Bắc,16.04386,108.207734,2,70.0,47,47,1.0,786,786,FRC4,1,False
2026-08-16 23:54:59,2026-08-16T16:54:59Z,Sun,23,20 Đường Lê Quý Đôn,Phường Bình Hiên,16.055828,108.22107,2,51.7,29,29,1.0,144,144,FRC4,1,False
2026-08-16 23:54:59,2026-08-16T16:54:59Z,Sun,23,Đống Đa,Phường Thanh Bình,16.078364,108.216795,2,10.0,36,36,1.0,249,249,FRC3,1,False
2026-08-16 23:54:59,2026-08-16T16:54:59Z,Sun,23,Quận Liên Chiểu,Phường Hòa Minh,16.06738,108.166799,2,55.0,41,41,1.0,199,199,FRC4,1,False
2026-08-16 23:54:59,2026-08-16T16:54:59Z,Sun,23,Núi Thành,Phường Hòa Cường Nam,16.036737,108.222882,2,17.5,34,34,1.0,258,258,FRC4,1,False
2026-08-16 23:54:59,2026-08-16T16:54:59Z,Sun,23,"Ngã 3 Phạm Văn Nghị - Đào Duy Anh, phườn",Phường Thạc Gián,16.05869,108.209048,2,40.0,38,38,1.0,1175,1175,FRC4,1,False
2026-08-16 23:54:59,2026-08-16T16:54:59Z,Sun,23,Quận Sơn Trà,Phường Thọ Quang,16.104352,108.253997,2,26.5,45,45,1.0,1365,1365,FRC3,1,False
2026-08-16 23:54:59,2026-08-16T16:54:59Z,Sun,23,Quang Trung - Đống Đa (Đoạn ngã 4),Phường Thanh Bình,16.073419,108.213994,2,105.5,37,37,1.0,288,288,FRC4,1,False
2026-08-16 23:54:59,2026-08-16T16:54:59Z,Sun,23,Trưng Nữ Vương,Phường Hòa Thuận Tây,16.044318,108.206417,2,25.0,47,47,1.0,786,786,FRC4,1,False
2026-08-16 23:54:59,2026-08-16T16:54:59Z,Sun,23,Đ. Ngô Thì Nhậm,Phường Hòa Minh,16.071259,108.156865,2,40.0,30,40,0.75,259,194,FRC4,1,False
2026-08-16 23:54:59,2026-08-16T16:54:59Z,Sun,23,Ngô Tử Hạ,Phường Hòa An,16.043478,108.178278,2,55.0,52,52,1.0,1328,1328,FRC1,1,False
2026-08-16 23:54:59,2026-08-16T16:54:59Z,Sun,23,"Kiệt 818 Trần Cao Vân, tổ 20 P.Thanh Khê",Phường Thanh Khê Đông,16.069731,108.184158,2,90.0,35,35,1.0,517,517,FRC4,1,False
2026-08-16 23:54:59,2026-08-16T16:54:59Z,Sun,23,Hẻm 45 Đường An Mỹ 08 (Hem 45 Duong An M,Phường An Hải Tây,16.06394,108.23185,2,10.0,32,32,1.0,73,73,FRC3,1,False
2026-08-17 00:26:20,2026-08-16T17:26:20Z,Mon,0,15 Đường Quang Trung,Phường Hải Châu,16.075051,108.222198,5,12.0,34,34,1.0,532,532,FRC4,1,False
2026-08-17 00:26:20,2026-08-16T17:26:20Z,Mon,0,Phần Lăng 1,Phường Hòa Cường Bắc,16.054171,108.188345,5,49.2,31,31,1.0,246,246,FRC4,1,False
2026-08-17 00:26:20,2026-08-16T17:26:20Z,Mon,0,24 Đường Trần Phú,Phường Thạch Thang,16.077081,108.223023,5,12.0,37,37,1.0,288,288,FRC4,1,False
2026-08-17 00:26:20,2026-08-16T17:26:20Z,Mon,0,2 Đường Lý Thái Tổ (Duong Ly Thai To),Phường Thạc Gián,16.066432,108.209833,4,64.6,39,39,1.0,476,476,FRC1,1,False
2026-08-17 00:26:20,2026-08-16T17:26:20Z,Mon,0,100 Đường Trần Phú,Phường Hải Châu 1,16.06907,108.22398,4,46.5,33,33,1.0,257,257,FRC4,1,False
2026-08-17 00:26:20,2026-08-16T17:26:20Z,Mon,0,Ngã tư Bắc Sơn – Trần Văn Ơn (Khu vực gi,Phường Hòa An,16.054638,108.176766,3,96.9,36,36,1.0,282,282,FRC4,1,False
2026-08-17 00:26:20,2026-08-16T17:26:20Z,Mon,0,40 Đường Trần Phú,Phường Hải Châu I,16.071757,108.224725,3,59.6,27,27,1.0,14,14,FRC4,1,False
2026-08-17 00:26:20,2026-08-16T17:26:20Z,Mon,0,Bàu Làng,Phường Thanh Khê Đông,16.070435,108.185778,3,49.0,34,34,1.0,532,532,FRC4,1,False
2026-08-17 00:26:20,2026-08-16T17:26:20Z,Mon,0,Huỳnh Ngọc Huệ,Phường Hòa Khê,16.061159,108.185345,3,81.0,28,28,1.0,286,286,FRC4,1,False
2026-08-17 00:26:20,2026-08-16T17:26:20Z,Mon,0,"Hàm Nghi, tổ 36 P.Vĩnh Trung (số 87 - 16",Phường Thạc Gián,16.061954,108.210494,2,93.1,40,40,1.0,1770,1770,FRC2,1,False
2026-08-17 00:26:20,2026-08-16T17:26:20Z,Mon,0,Đường Bắc Sơn (Từ số nhà 02 đến số nhà 9,Phường Hòa An,16.059092,108.175051,2,105.7,47,47,1.0,850,850,FRC1,1,False
2026-08-17 00:26:20,2026-08-16T17:26:20Z,Mon,0,Lê Thanh Nghị,Phường Hòa Cường Nam,16.035861,108.218057,2,19.2,32,37,0.865,182,157,FRC4,1,False
2026-08-17 00:26:20,2026-08-16T17:26:20Z,Mon,0,50 Đường Hoàng Hoa Thám,Phường Tam Thuận,16.069332,108.209716,2,45.0,38,38,1.0,256,256,FRC4,1,False
2026-08-17 00:26:20,2026-08-16T17:26:20Z,Mon,0,Đường Cầm Bá Thước (Toàn bộ tuyến đường),Phường Hòa Cường Bắc,16.042987,108.212774,2,52.0,47,47,1.0,786,786,FRC4,1,False
2026-08-17 00:26:20,2026-08-16T17:26:20Z,Mon,0,Hà Huy Tập,Phường Hòa Khê,16.05858,108.184255,2,64.0,31,31,1.0,246,246,FRC4,1,False
2026-08-17 00:26:20,2026-08-16T17:26:20Z,Mon,0,Kiệt 179 Nguyễn Văn Linh (Toàn bộ kiệt),Phường Nam Dương,16.060362,108.214005,2,65.0,40,40,1.0,1770,1770,FRC2,1,False
2026-08-17 00:26:20,2026-08-16T17:26:20Z,Mon,0,67 Đường Tố Hữu,Phường Hòa Cường Nam,16.034478,108.219218,2,10.0,32,37,0.865,182,157,FRC4,1,False
2026-08-17 00:26:20,2026-08-16T17:26:20Z,Mon,0,Ngã tư Lê Thạch – Cao Sơn Pháo (Khu vực ,Phường Hòa Minh,16.057221,108.172134,2,53.3,47,47,1.0,850,850,FRC1,1,False
2026-08-17 00:26:20,2026-08-16T17:26:20Z,Mon,0,Đường Hải Hồ,Phường Thanh Bình,16.081622,108.216037,2,36.7,36,36,1.0,249,249,FRC3,1,False
2026-08-17 00:26:20,2026-08-16T17:26:20Z,Mon,0,Kiệt 640 Trưng Nữ Vương (Toàn bộ kiệt),Phường Hòa Cường Bắc,16.04386,108.207734,2,70.0,47,47,1.0,786,786,FRC4,1,False
2026-08-17 00:26:20,2026-08-16T17:26:20Z,Mon,0,20 Đường Lê Quý Đôn,Phường Bình Hiên,16.055828,108.22107,2,51.7,29,29,1.0,144,144,FRC4,1,False
2026-08-17 00:26:20,2026-08-16T17:26:20Z,Mon,0,Đống Đa,Phường Thanh Bình,16.078364,108.216795,2,10.0,36,36,1.0,249,249,FRC3,1,False
2026-08-17 00:26:20,2026-08-16T17:26:20Z,Mon,0,Quận Liên Chiểu,Phường Hòa Minh,16.06738,108.166799,2,55.0,41,41,1.0,199,199,FRC4,1,False
2026-08-17 00:26:20,2026-08-16T17:26:20Z,Mon,0,Núi Thành,Phường Hòa Cường Nam,16.036737,108.222882,2,17.5,28,32,0.875,314,274,FRC4,0.998466,False
2026-08-17 00:26:20,2026-08-16T17:26:20Z,Mon,0,"Ngã 3 Phạm Văn Nghị - Đào Duy Anh, phườn",Phường Thạc Gián,16.05869,108.209048,2,40.0,38,38,1.0,1175,1175,FRC4,1,False
2026-08-17 00:26:20,2026-08-16T17:26:20Z,Mon,0,Quận Sơn Trà,Phường Thọ Quang,16.104352,108.253997,2,26.5,45,45,1.0,1365,1365,FRC3,1,False
2026-08-17 00:26:20,2026-08-16T17:26:20Z,Mon,0,Quang Trung - Đống Đa (Đoạn ngã 4),Phường Thanh Bình,16.073419,108.213994,2,105.5,37,37,1.0,288,288,FRC4,1,False
2026-08-17 00:26:20,2026-08-16T17:26:20Z,Mon,0,Trưng Nữ Vương,Phường Hòa Thuận Tây,16.044318,108.206417,2,25.0,47,47,1.0,786,786,FRC4,1,False
2026-08-17 00:26:20,2026-08-16T17:26:20Z,Mon,0,Đ. Ngô Thì Nhậm,Phường Hòa Minh,16.071259,108.156865,2,40.0,40,40,1.0,194,194,FRC4,1,False
2026-08-17 00:26:20,2026-08-16T17:26:20Z,Mon,0,Ngô Tử Hạ,Phường Hòa An,16.043478,108.178278,2,55.0,52,52,1.0,1328,1328,FRC1,1,False
2026-08-17 00:26:20,2026-08-16T17:26:20Z,Mon,0,"Kiệt 818 Trần Cao Vân, tổ 20 P.Thanh Khê",Phường Thanh Khê Đông,16.069731,108.184158,2,90.0,35,35,1.0,517,517,FRC4,1,False
2026-08-17 00:26:20,2026-08-16T17:26:20Z,Mon,0,Hẻm 45 Đường An Mỹ 08 (Hem 45 Duong An M,Phường An Hải Tây,16.06394,108.23185,2,10.0,32,32,1.0,73,73,FRC3,1,False
2026-08-17 00:48:30,2026-08-16T17:48:30Z,Mon,0,15 Đường Quang Trung,Phường Hải Châu,16.075051,108.222198,5,12.0,34,34,1.0,532,532,FRC4,1,False
2026-08-17 00:48:30,2026-08-16T17:48:30Z,Mon,0,Phần Lăng 1,Phường Hòa Cường Bắc,16.054171,108.188345,5,49.2,31,31,1.0,246,246,FRC4,1,False
2026-08-17 00:48:30,2026-08-16T17:48:30Z,Mon,0,24 Đường Trần Phú,Phường Thạch Thang,16.077081,108.223023,5,12.0,37,37,1.0,288,288,FRC4,1,False
2026-08-17 00:48:30,2026-08-16T17:48:30Z,Mon,0,2 Đường Lý Thái Tổ (Duong Ly Thai To),Phường Thạc Gián,16.066432,108.209833,4,64.6,39,39,1.0,476,476,FRC1,1,False
2026-08-17 00:48:30,2026-08-16T17:48:30Z,Mon,0,100 Đường Trần Phú,Phường Hải Châu 1,16.06907,108.22398,4,46.5,28,33,0.848,303,257,FRC4,0.986645,False
2026-08-17 00:48:30,2026-08-16T17:48:30Z,Mon,0,Ngã tư Bắc Sơn – Trần Văn Ơn (Khu vực gi,Phường Hòa An,16.054638,108.176766,3,96.9,36,36,1.0,282,282,FRC4,1,False
2026-08-17 00:48:30,2026-08-16T17:48:30Z,Mon,0,40 Đường Trần Phú,Phường Hải Châu I,16.071757,108.224725,3,59.6,27,27,1.0,14,14,FRC4,1,False
2026-08-17 00:48:30,2026-08-16T17:48:30Z,Mon,0,Bàu Làng,Phường Thanh Khê Đông,16.070435,108.185778,3,49.0,34,34,1.0,532,532,FRC4,1,False
2026-08-17 00:48:30,2026-08-16T17:48:30Z,Mon,0,Huỳnh Ngọc Huệ,Phường Hòa Khê,16.061159,108.185345,3,81.0,28,28,1.0,286,286,FRC4,1,False
2026-08-17 00:48:30,2026-08-16T17:48:30Z,Mon,0,"Hàm Nghi, tổ 36 P.Vĩnh Trung (số 87 - 16",Phường Thạc Gián,16.061954,108.210494,2,93.1,40,40,1.0,1770,1770,FRC2,1,False
2026-08-17 00:48:30,2026-08-16T17:48:30Z,Mon,0,Đường Bắc Sơn (Từ số nhà 02 đến số nhà 9,Phường Hòa An,16.059092,108.175051,2,105.7,47,47,1.0,850,850,FRC1,1,False
2026-08-17 00:48:30,2026-08-16T17:48:30Z,Mon,0,Lê Thanh Nghị,Phường Hòa Cường Nam,16.035861,108.218057,2,19.2,37,37,1.0,157,157,FRC4,1,False
2026-08-17 00:48:30,2026-08-16T17:48:30Z,Mon,0,50 Đường Hoàng Hoa Thám,Phường Tam Thuận,16.069332,108.209716,2,45.0,38,38,1.0,256,256,FRC4,1,False
2026-08-17 00:48:30,2026-08-16T17:48:30Z,Mon,0,Đường Cầm Bá Thước (Toàn bộ tuyến đường),Phường Hòa Cường Bắc,16.042987,108.212774,2,52.0,47,47,1.0,786,786,FRC4,1,False
2026-08-17 00:48:30,2026-08-16T17:48:30Z,Mon,0,Hà Huy Tập,Phường Hòa Khê,16.05858,108.184255,2,64.0,31,31,1.0,246,246,FRC4,1,False
2026-08-17 00:48:30,2026-08-16T17:48:30Z,Mon,0,Kiệt 179 Nguyễn Văn Linh (Toàn bộ kiệt),Phường Nam Dương,16.060362,108.214005,2,65.0,40,40,1.0,1770,1770,FRC2,1,False
2026-08-17 00:48:30,2026-08-16T17:48:30Z,Mon,0,67 Đường Tố Hữu,Phường Hòa Cường Nam,16.034478,108.219218,2,10.0,37,37,1.0,157,157,FRC4,1,False
2026-08-17 00:48:30,2026-08-16T17:48:30Z,Mon,0,Ngã tư Lê Thạch – Cao Sơn Pháo (Khu vực ,Phường Hòa Minh,16.057221,108.172134,2,53.3,47,47,1.0,850,850,FRC1,1,False
2026-08-17 00:48:30,2026-08-16T17:48:30Z,Mon,0,Đường Hải Hồ,Phường Thanh Bình,16.081622,108.216037,2,36.7,36,36,1.0,249,249,FRC3,1,False
2026-08-17 00:48:30,2026-08-16T17:48:30Z,Mon,0,Kiệt 640 Trưng Nữ Vương (Toàn bộ kiệt),Phường Hòa Cường Bắc,16.04386,108.207734,2,70.0,47,47,1.0,786,786,FRC4,1,False
2026-08-17 00:48:30,2026-08-16T17:48:30Z,Mon,0,20 Đường Lê Quý Đôn,Phường Bình Hiên,16.055828,108.22107,2,51.7,29,29,1.0,144,144,FRC4,1,False
2026-08-17 00:48:30,2026-08-16T17:48:30Z,Mon,0,Đống Đa,Phường Thanh Bình,16.078364,108.216795,2,10.0,36,36,1.0,249,249,FRC3,1,False
2026-08-17 00:48:30,2026-08-16T17:48:30Z,Mon,0,Quận Liên Chiểu,Phường Hòa Minh,16.06738,108.166799,2,55.0,41,41,1.0,199,199,FRC4,1,False
2026-08-17 00:48:30,2026-08-16T17:48:30Z,Mon,0,Núi Thành,Phường Hòa Cường Nam,16.036737,108.222882,2,17.5,34,34,1.0,258,258,FRC4,1,False
2026-08-17 00:48:30,2026-08-16T17:48:30Z,Mon,0,"Ngã 3 Phạm Văn Nghị - Đào Duy Anh, phườn",Phường Thạc Gián,16.05869,108.209048,2,40.0,38,38,1.0,1175,1175,FRC4,1,False
2026-08-17 00:48:30,2026-08-16T17:48:30Z,Mon,0,Quận Sơn Trà,Phường Thọ Quang,16.104352,108.253997,2,26.5,45,45,1.0,1365,1365,FRC3,1,False
2026-08-17 00:48:30,2026-08-16T17:48:30Z,Mon,0,Quang Trung - Đống Đa (Đoạn ngã 4),Phường Thanh Bình,16.073419,108.213994,2,105.5,37,37,1.0,288,288,FRC4,1,False
2026-08-17 00:48:30,2026-08-16T17:48:30Z,Mon,0,Trưng Nữ Vương,Phường Hòa Thuận Tây,16.044318,108.206417,2,25.0,47,47,1.0,786,786,FRC4,1,False
2026-08-17 00:48:30,2026-08-16T17:48:30Z,Mon,0,Đ. Ngô Thì Nhậm,Phường Hòa Minh,16.071259,108.156865,2,40.0,40,40,1.0,194,194,FRC4,1,False
2026-08-17 00:48:30,2026-08-16T17:48:30Z,Mon,0,Ngô Tử Hạ,Phường Hòa An,16.043478,108.178278,2,55.0,52,52,1.0,1328,1328,FRC1,1,False
2026-08-17 00:48:30,2026-08-16T17:48:30Z,Mon,0,"Kiệt 818 Trần Cao Vân, tổ 20 P.Thanh Khê",Phường Thanh Khê Đông,16.069731,108.184158,2,90.0,35,35,1.0,517,517,FRC4,1,False
2026-08-17 00:48:30,2026-08-16T17:48:30Z,Mon,0,Hẻm 45 Đường An Mỹ 08 (Hem 45 Duong An M,Phường An Hải Tây,16.06394,108.23185,2,10.0,26,33,0.788,90,71,FRC3,0.962116,False
2026-08-17 01:39:05,2026-08-16T18:39:05Z,Mon,1,15 Đường Quang Trung,Phường Hải Châu,16.075051,108.222198,5,12.0,34,34,1.0,532,532,FRC4,1,False
2026-08-17 01:39:05,2026-08-16T18:39:05Z,Mon,1,Phần Lăng 1,Phường Hòa Cường Bắc,16.054171,108.188345,5,49.2,31,31,1.0,246,246,FRC4,1,False
2026-08-17 01:39:05,2026-08-16T18:39:05Z,Mon,1,24 Đường Trần Phú,Phường Thạch Thang,16.077081,108.223023,5,12.0,33,36,0.917,323,296,FRC4,0.992216,False
2026-08-17 01:39:05,2026-08-16T18:39:05Z,Mon,1,2 Đường Lý Thái Tổ (Duong Ly Thai To),Phường Thạc Gián,16.066432,108.209833,4,64.6,39,39,1.0,476,476,FRC1,1,False
2026-08-17 01:39:05,2026-08-16T18:39:05Z,Mon,1,100 Đường Trần Phú,Phường Hải Châu 1,16.06907,108.22398,4,46.5,33,33,1.0,257,257,FRC4,1,False
2026-08-17 01:39:05,2026-08-16T18:39:05Z,Mon,1,Ngã tư Bắc Sơn – Trần Văn Ơn (Khu vực gi,Phường Hòa An,16.054638,108.176766,3,96.9,36,36,1.0,282,282,FRC4,1,False
2026-08-17 01:39:05,2026-08-16T18:39:05Z,Mon,1,40 Đường Trần Phú,Phường Hải Châu I,16.071757,108.224725,3,59.6,19,26,0.731,20,14,FRC4,0.6,False
2026-08-17 01:39:05,2026-08-16T18:39:05Z,Mon,1,Bàu Làng,Phường Thanh Khê Đông,16.070435,108.185778,3,49.0,34,34,1.0,532,532,FRC4,1,False
2026-08-17 01:39:05,2026-08-16T18:39:05Z,Mon,1,Huỳnh Ngọc Huệ,Phường Hòa Khê,16.061159,108.185345,3,81.0,28,28,1.0,286,286,FRC4,1,False
2026-08-17 01:39:05,2026-08-16T18:39:05Z,Mon,1,"Hàm Nghi, tổ 36 P.Vĩnh Trung (số 87 - 16",Phường Thạc Gián,16.061954,108.210494,2,93.1,40,40,1.0,1770,1770,FRC2,1,False
2026-08-17 01:39:05,2026-08-16T18:39:05Z,Mon,1,Đường Bắc Sơn (Từ số nhà 02 đến số nhà 9,Phường Hòa An,16.059092,108.175051,2,105.7,47,47,1.0,850,850,FRC1,1,False
2026-08-17 01:39:05,2026-08-16T18:39:05Z,Mon,1,Lê Thanh Nghị,Phường Hòa Cường Nam,16.035861,108.218057,2,19.2,37,37,1.0,157,157,FRC4,1,False
2026-08-17 01:39:05,2026-08-16T18:39:05Z,Mon,1,50 Đường Hoàng Hoa Thám,Phường Tam Thuận,16.069332,108.209716,2,45.0,38,38,1.0,256,256,FRC4,1,False
2026-08-17 01:39:05,2026-08-16T18:39:05Z,Mon,1,Đường Cầm Bá Thước (Toàn bộ tuyến đường),Phường Hòa Cường Bắc,16.042987,108.212774,2,52.0,47,47,1.0,786,786,FRC4,1,False
2026-08-17 01:39:05,2026-08-16T18:39:05Z,Mon,1,Hà Huy Tập,Phường Hòa Khê,16.05858,108.184255,2,64.0,31,31,1.0,246,246,FRC4,1,False
2026-08-17 01:39:05,2026-08-16T18:39:05Z,Mon,1,Kiệt 179 Nguyễn Văn Linh (Toàn bộ kiệt),Phường Nam Dương,16.060362,108.214005,2,65.0,40,40,1.0,1770,1770,FRC2,1,False
2026-08-17 01:39:05,2026-08-16T18:39:05Z,Mon,1,67 Đường Tố Hữu,Phường Hòa Cường Nam,16.034478,108.219218,2,10.0,37,37,1.0,157,157,FRC4,1,False
2026-08-17 01:39:05,2026-08-16T18:39:05Z,Mon,1,Ngã tư Lê Thạch – Cao Sơn Pháo (Khu vực ,Phường Hòa Minh,16.057221,108.172134,2,53.3,47,47,1.0,850,850,FRC1,1,False
2026-08-17 01:39:05,2026-08-16T18:39:05Z,Mon,1,Đường Hải Hồ,Phường Thanh Bình,16.081622,108.216037,2,36.7,36,36,1.0,249,249,FRC3,1,False
2026-08-17 01:39:05,2026-08-16T18:39:05Z,Mon,1,Kiệt 640 Trưng Nữ Vương (Toàn bộ kiệt),Phường Hòa Cường Bắc,16.04386,108.207734,2,70.0,47,47,1.0,786,786,FRC4,1,False
2026-08-17 01:39:05,2026-08-16T18:39:05Z,Mon,1,20 Đường Lê Quý Đôn,Phường Bình Hiên,16.055828,108.22107,2,51.7,29,29,1.0,144,144,FRC4,1,False
2026-08-17 01:39:05,2026-08-16T18:39:05Z,Mon,1,Đống Đa,Phường Thanh Bình,16.078364,108.216795,2,10.0,36,36,1.0,249,249,FRC3,1,False
2026-08-17 01:39:05,2026-08-16T18:39:05Z,Mon,1,Quận Liên Chiểu,Phường Hòa Minh,16.06738,108.166799,2,55.0,41,41,1.0,199,199,FRC4,1,False
2026-08-17 01:39:05,2026-08-16T18:39:05Z,Mon,1,Núi Thành,Phường Hòa Cường Nam,16.036737,108.222882,2,17.5,31,33,0.939,283,266,FRC4,1,False
2026-08-17 01:39:05,2026-08-16T18:39:05Z,Mon,1,"Ngã 3 Phạm Văn Nghị - Đào Duy Anh, phườn",Phường Thạc Gián,16.05869,108.209048,2,40.0,38,38,1.0,1175,1175,FRC4,1,False
2026-08-17 01:39:05,2026-08-16T18:39:05Z,Mon,1,Quận Sơn Trà,Phường Thọ Quang,16.104352,108.253997,2,26.5,45,45,1.0,1365,1365,FRC3,1,False
2026-08-17 01:39:05,2026-08-16T18:39:05Z,Mon,1,Quang Trung - Đống Đa (Đoạn ngã 4),Phường Thanh Bình,16.073419,108.213994,2,105.5,33,36,0.917,323,296,FRC4,0.992216,False
2026-08-17 01:39:05,2026-08-16T18:39:05Z,Mon,1,Trưng Nữ Vương,Phường Hòa Thuận Tây,16.044318,108.206417,2,25.0,47,47,1.0,786,786,FRC4,1,False
2026-08-17 01:39:05,2026-08-16T18:39:05Z,Mon,1,Đ. Ngô Thì Nhậm,Phường Hòa Minh,16.071259,108.156865,2,40.0,32,40,0.8,243,194,FRC4,0.986575,False
2026-08-17 01:39:05,2026-08-16T18:39:05Z,Mon,1,Ngô Tử Hạ,Phường Hòa An,16.043478,108.178278,2,55.0,52,52,1.0,1328,1328,FRC1,1,False
2026-08-17 01:39:05,2026-08-16T18:39:05Z,Mon,1,"Kiệt 818 Trần Cao Vân, tổ 20 P.Thanh Khê",Phường Thanh Khê Đông,16.069731,108.184158,2,90.0,35,35,1.0,517,517,FRC4,1,False
2026-08-17 01:39:05,2026-08-16T18:39:05Z,Mon,1,Hẻm 45 Đường An Mỹ 08 (Hem 45 Duong An M,Phường An Hải Tây,16.06394,108.23185,2,10.0,19,33,0.576,124,71,FRC3,0.890291,False
2026-08-17 02:27:02,2026-08-16T19:27:02Z,Mon,2,15 Đường Quang Trung,Phường Hải Châu,16.075051,108.222198,5,12.0,34,34,1.0,532,532,FRC4,1,False
2026-08-17 02:27:02,2026-08-16T19:27:02Z,Mon,2,Phần Lăng 1,Phường Hòa Cường Bắc,16.054171,108.188345,5,49.2,31,31,1.0,246,246,FRC4,1,False
2026-08-17 02:27:02,2026-08-16T19:27:02Z,Mon,2,24 Đường Trần Phú,Phường Thạch Thang,16.077081,108.223023,5,12.0,37,37,1.0,288,288,FRC4,1,False
2026-08-17 02:27:02,2026-08-16T19:27:02Z,Mon,2,2 Đường Lý Thái Tổ (Duong Ly Thai To),Phường Thạc Gián,16.066432,108.209833,4,64.6,39,39,1.0,476,476,FRC1,1,False
2026-08-17 02:27:02,2026-08-16T19:27:02Z,Mon,2,100 Đường Trần Phú,Phường Hải Châu 1,16.06907,108.22398,4,46.5,33,33,1.0,257,257,FRC4,1,False
2026-08-17 02:27:02,2026-08-16T19:27:02Z,Mon,2,Ngã tư Bắc Sơn – Trần Văn Ơn (Khu vực gi,Phường Hòa An,16.054638,108.176766,3,96.9,36,36,1.0,282,282,FRC4,1,False
2026-08-17 02:27:02,2026-08-16T19:27:02Z,Mon,2,40 Đường Trần Phú,Phường Hải Châu I,16.071757,108.224725,3,59.6,27,27,1.0,14,14,FRC4,1,False
2026-08-17 02:27:02,2026-08-16T19:27:02Z,Mon,2,Bàu Làng,Phường Thanh Khê Đông,16.070435,108.185778,3,49.0,34,34,1.0,532,532,FRC4,1,False
2026-08-17 02:27:02,2026-08-16T19:27:02Z,Mon,2,Huỳnh Ngọc Huệ,Phường Hòa Khê,16.061159,108.185345,3,81.0,28,28,1.0,286,286,FRC4,1,False
2026-08-17 02:27:02,2026-08-16T19:27:02Z,Mon,2,"Hàm Nghi, tổ 36 P.Vĩnh Trung (số 87 - 16",Phường Thạc Gián,16.061954,108.210494,2,93.1,40,40,1.0,1770,1770,FRC2,1,False
2026-08-17 02:27:02,2026-08-16T19:27:02Z,Mon,2,Đường Bắc Sơn (Từ số nhà 02 đến số nhà 9,Phường Hòa An,16.059092,108.175051,2,105.7,47,47,1.0,850,850,FRC1,1,False
2026-08-17 02:27:02,2026-08-16T19:27:02Z,Mon,2,Lê Thanh Nghị,Phường Hòa Cường Nam,16.035861,108.218057,2,19.2,32,37,0.865,182,157,FRC4,0.99,False
2026-08-17 02:27:02,2026-08-16T19:27:02Z,Mon,2,50 Đường Hoàng Hoa Thám,Phường Tam Thuận,16.069332,108.209716,2,45.0,38,38,1.0,256,256,FRC4,1,False
2026-08-17 02:27:02,2026-08-16T19:27:02Z,Mon,2,Đường Cầm Bá Thước (Toàn bộ tuyến đường),Phường Hòa Cường Bắc,16.042987,108.212774,2,52.0,47,47,1.0,786,786,FRC4,1,False
2026-08-17 02:27:02,2026-08-16T19:27:02Z,Mon,2,Hà Huy Tập,Phường Hòa Khê,16.05858,108.184255,2,64.0,31,31,1.0,246,246,FRC4,1,False
2026-08-17 02:27:02,2026-08-16T19:27:02Z,Mon,2,Kiệt 179 Nguyễn Văn Linh (Toàn bộ kiệt),Phường Nam Dương,16.060362,108.214005,2,65.0,40,40,1.0,1770,1770,FRC2,1,False
2026-08-17 02:27:02,2026-08-16T19:27:02Z,Mon,2,67 Đường Tố Hữu,Phường Hòa Cường Nam,16.034478,108.219218,2,10.0,32,37,0.865,182,157,FRC4,0.99,False
2026-08-17 02:27:02,2026-08-16T19:27:02Z,Mon,2,Ngã tư Lê Thạch – Cao Sơn Pháo (Khu vực ,Phường Hòa Minh,16.057221,108.172134,2,53.3,47,47,1.0,850,850,FRC1,1,False
2026-08-17 02:27:02,2026-08-16T19:27:02Z,Mon,2,Đường Hải Hồ,Phường Thanh Bình,16.081622,108.216037,2,36.7,36,36,1.0,249,249,FRC3,1,False
2026-08-17 02:27:02,2026-08-16T19:27:02Z,Mon,2,Kiệt 640 Trưng Nữ Vương (Toàn bộ kiệt),Phường Hòa Cường Bắc,16.04386,108.207734,2,70.0,47,47,1.0,786,786,FRC4,1,False
2026-08-17 02:27:02,2026-08-16T19:27:02Z,Mon,2,20 Đường Lê Quý Đôn,Phường Bình Hiên,16.055828,108.22107,2,51.7,29,29,1.0,144,144,FRC4,1,False
2026-08-17 02:27:02,2026-08-16T19:27:02Z,Mon,2,Đống Đa,Phường Thanh Bình,16.078364,108.216795,2,10.0,36,36,1.0,249,249,FRC3,1,False
2026-08-17 02:27:02,2026-08-16T19:27:02Z,Mon,2,Quận Liên Chiểu,Phường Hòa Minh,16.06738,108.166799,2,55.0,41,41,1.0,199,199,FRC4,1,False
2026-08-17 02:27:02,2026-08-16T19:27:02Z,Mon,2,Núi Thành,Phường Hòa Cường Nam,16.036737,108.222882,2,17.5,34,34,1.0,258,258,FRC4,1,False
2026-08-17 02:27:02,2026-08-16T19:27:02Z,Mon,2,"Ngã 3 Phạm Văn Nghị - Đào Duy Anh, phườn",Phường Thạc Gián,16.05869,108.209048,2,40.0,38,38,1.0,1175,1175,FRC4,1,False
2026-08-17 02:27:02,2026-08-16T19:27:02Z,Mon,2,Quận Sơn Trà,Phường Thọ Quang,16.104352,108.253997,2,26.5,45,45,1.0,1365,1365,FRC3,1,False
2026-08-17 02:27:02,2026-08-16T19:27:02Z,Mon,2,Quang Trung - Đống Đa (Đoạn ngã 4),Phường Thanh Bình,16.073419,108.213994,2,105.5,37,37,1.0,288,288,FRC4,1,False
2026-08-17 02:27:02,2026-08-16T19:27:02Z,Mon,2,Trưng Nữ Vương,Phường Hòa Thuận Tây,16.044318,108.206417,2,25.0,47,47,1.0,786,786,FRC4,1,False
2026-08-17 02:27:02,2026-08-16T19:27:02Z,Mon,2,Đ. Ngô Thì Nhậm,Phường Hòa Minh,16.071259,108.156865,2,40.0,32,40,0.8,243,194,FRC4,0.96786,False
2026-08-17 02:27:02,2026-08-16T19:27:02Z,Mon,2,Ngô Tử Hạ,Phường Hòa An,16.043478,108.178278,2,55.0,52,52,1.0,1328,1328,FRC1,1,False
2026-08-17 02:27:02,2026-08-16T19:27:02Z,Mon,2,"Kiệt 818 Trần Cao Vân, tổ 20 P.Thanh Khê",Phường Thanh Khê Đông,16.069731,108.184158,2,90.0,35,35,1.0,517,517,FRC4,1,False
2026-08-17 02:27:02,2026-08-16T19:27:02Z,Mon,2,Hẻm 45 Đường An Mỹ 08 (Hem 45 Duong An M,Phường An Hải Tây,16.06394,108.23185,2,10.0,32,32,1.0,73,73,FRC3,1,False
2026-08-17 02:47:52,2026-08-16T19:47:52Z,Mon,2,15 Đường Quang Trung,Phường Hải Châu,16.075051,108.222198,5,12.0,34,34,1.0,532,532,FRC4,1,False
2026-08-17 02:47:52,2026-08-16T19:47:52Z,Mon,2,Phần Lăng 1,Phường Hòa Cường Bắc,16.054171,108.188345,5,49.2,31,31,1.0,246,246,FRC4,1,False
2026-08-17 02:47:52,2026-08-16T19:47:52Z,Mon,2,24 Đường Trần Phú,Phường Thạch Thang,16.077081,108.223023,5,12.0,37,37,1.0,288,288,FRC4,1,False
2026-08-17 02:47:52,2026-08-16T19:47:52Z,Mon,2,2 Đường Lý Thái Tổ (Duong Ly Thai To),Phường Thạc Gián,16.066432,108.209833,4,64.6,39,39,1.0,476,476,FRC1,1,False
2026-08-17 02:47:52,2026-08-16T19:47:52Z,Mon,2,100 Đường Trần Phú,Phường Hải Châu 1,16.06907,108.22398,4,46.5,33,33,1.0,257,257,FRC4,1,False
2026-08-17 02:47:52,2026-08-16T19:47:52Z,Mon,2,Ngã tư Bắc Sơn – Trần Văn Ơn (Khu vực gi,Phường Hòa An,16.054638,108.176766,3,96.9,36,36,1.0,282,282,FRC4,1,False
2026-08-17 02:47:52,2026-08-16T19:47:52Z,Mon,2,40 Đường Trần Phú,Phường Hải Châu I,16.071757,108.224725,3,59.6,27,27,1.0,14,14,FRC4,1,False
2026-08-17 02:47:52,2026-08-16T19:47:52Z,Mon,2,Bàu Làng,Phường Thanh Khê Đông,16.070435,108.185778,3,49.0,34,34,1.0,532,532,FRC4,1,False
2026-08-17 02:47:52,2026-08-16T19:47:52Z,Mon,2,Huỳnh Ngọc Huệ,Phường Hòa Khê,16.061159,108.185345,3,81.0,28,28,1.0,286,286,FRC4,1,False
2026-08-17 02:47:52,2026-08-16T19:47:52Z,Mon,2,"Hàm Nghi, tổ 36 P.Vĩnh Trung (số 87 - 16",Phường Thạc Gián,16.061954,108.210494,2,93.1,40,40,1.0,1770,1770,FRC2,1,False
2026-08-17 02:47:52,2026-08-16T19:47:52Z,Mon,2,Đường Bắc Sơn (Từ số nhà 02 đến số nhà 9,Phường Hòa An,16.059092,108.175051,2,105.7,47,47,1.0,850,850,FRC1,1,False
2026-08-17 02:47:52,2026-08-16T19:47:52Z,Mon,2,Lê Thanh Nghị,Phường Hòa Cường Nam,16.035861,108.218057,2,19.2,30,36,0.833,194,162,FRC4,0.993425,False
2026-08-17 02:47:52,2026-08-16T19:47:52Z,Mon,2,50 Đường Hoàng Hoa Thám,Phường Tam Thuận,16.069332,108.209716,2,45.0,38,38,1.0,256,256,FRC4,1,False
2026-08-17 02:47:52,2026-08-16T19:47:52Z,Mon,2,Đường Cầm Bá Thước (Toàn bộ tuyến đường),Phường Hòa Cường Bắc,16.042987,108.212774,2,52.0,47,47,1.0,786,786,FRC4,1,False
2026-08-17 02:47:52,2026-08-16T19:47:52Z,Mon,2,Hà Huy Tập,Phường Hòa Khê,16.05858,108.184255,2,64.0,31,31,1.0,246,246,FRC4,1,False
2026-08-17 02:47:52,2026-08-16T19:47:52Z,Mon,2,Kiệt 179 Nguyễn Văn Linh (Toàn bộ kiệt),Phường Nam Dương,16.060362,108.214005,2,65.0,40,40,1.0,1770,1770,FRC2,1,False
2026-08-17 02:47:52,2026-08-16T19:47:52Z,Mon,2,67 Đường Tố Hữu,Phường Hòa Cường Nam,16.034478,108.219218,2,10.0,30,36,0.833,194,162,FRC4,0.993425,False
2026-08-17 02:47:52,2026-08-16T19:47:52Z,Mon,2,Ngã tư Lê Thạch – Cao Sơn Pháo (Khu vực ,Phường Hòa Minh,16.057221,108.172134,2,53.3,47,47,1.0,850,850,FRC1,1,False
2026-08-17 02:47:52,2026-08-16T19:47:52Z,Mon,2,Đường Hải Hồ,Phường Thanh Bình,16.081622,108.216037,2,36.7,36,36,1.0,249,249,FRC3,1,False
2026-08-17 02:47:52,2026-08-16T19:47:52Z,Mon,2,Kiệt 640 Trưng Nữ Vương (Toàn bộ kiệt),Phường Hòa Cường Bắc,16.04386,108.207734,2,70.0,47,47,1.0,786,786,FRC4,1,False
2026-08-17 02:47:52,2026-08-16T19:47:52Z,Mon,2,20 Đường Lê Quý Đôn,Phường Bình Hiên,16.055828,108.22107,2,51.7,29,29,1.0,144,144,FRC4,1,False
2026-08-17 02:47:52,2026-08-16T19:47:52Z,Mon,2,Đống Đa,Phường Thanh Bình,16.078364,108.216795,2,10.0,36,36,1.0,249,249,FRC3,1,False
2026-08-17 02:47:52,2026-08-16T19:47:52Z,Mon,2,Quận Liên Chiểu,Phường Hòa Minh,16.06738,108.166799,2,55.0,41,41,1.0,199,199,FRC4,1,False
2026-08-17 02:47:52,2026-08-16T19:47:52Z,Mon,2,Núi Thành,Phường Hòa Cường Nam,16.036737,108.222882,2,17.5,34,34,1.0,258,258,FRC4,1,False
2026-08-17 02:47:52,2026-08-16T19:47:52Z,Mon,2,"Ngã 3 Phạm Văn Nghị - Đào Duy Anh, phườn",Phường Thạc Gián,16.05869,108.209048,2,40.0,38,38,1.0,1175,1175,FRC4,1,False
2026-08-17 02:47:52,2026-08-16T19:47:52Z,Mon,2,Quận Sơn Trà,Phường Thọ Quang,16.104352,108.253997,2,26.5,45,45,1.0,1365,1365,FRC3,1,False
2026-08-17 02:47:52,2026-08-16T19:47:52Z,Mon,2,Quang Trung - Đống Đa (Đoạn ngã 4),Phường Thanh Bình,16.073419,108.213994,2,105.5,37,37,1.0,288,288,FRC4,1,False
2026-08-17 02:47:52,2026-08-16T19:47:52Z,Mon,2,Trưng Nữ Vương,Phường Hòa Thuận Tây,16.044318,108.206417,2,25.0,47,47,1.0,786,786,FRC4,1,False
2026-08-17 02:47:52,2026-08-16T19:47:52Z,Mon,2,Đ. Ngô Thì Nhậm,Phường Hòa Minh,16.071259,108.156865,2,40.0,40,40,1.0,194,194,FRC4,1,False
2026-08-17 02:47:52,2026-08-16T19:47:52Z,Mon,2,Ngô Tử Hạ,Phường Hòa An,16.043478,108.178278,2,55.0,52,52,1.0,1328,1328,FRC1,1,False
2026-08-17 02:47:52,2026-08-16T19:47:52Z,Mon,2,"Kiệt 818 Trần Cao Vân, tổ 20 P.Thanh Khê",Phường Thanh Khê Đông,16.069731,108.184158,2,90.0,35,35,1.0,517,517,FRC4,1,False
2026-08-17 02:47:52,2026-08-16T19:47:52Z,Mon,2,Hẻm 45 Đường An Mỹ 08 (Hem 45 Duong An M,Phường An Hải Tây,16.06394,108.23185,2,10.0,32,32,1.0,73,73,FRC3,1,False
2026-08-17 03:31:20,2026-08-16T20:31:20Z,Mon,3,15 Đường Quang Trung,Phường Hải Châu,16.075051,108.222198,5,12.0,34,34,1.0,532,532,FRC4,1,False
2026-08-17 03:31:20,2026-08-16T20:31:20Z,Mon,3,Phần Lăng 1,Phường Hòa Cường Bắc,16.054171,108.188345,5,49.2,31,31,1.0,246,246,FRC4,1,False
2026-08-17 03:31:20,2026-08-16T20:31:20Z,Mon,3,24 Đường Trần Phú,Phường Thạch Thang,16.077081,108.223023,5,12.0,37,37,1.0,288,288,FRC4,1,False
2026-08-17 03:31:20,2026-08-16T20:31:20Z,Mon,3,2 Đường Lý Thái Tổ (Duong Ly Thai To),Phường Thạc Gián,16.066432,108.209833,4,64.6,39,39,1.0,476,476,FRC1,1,False
2026-08-17 03:31:20,2026-08-16T20:31:20Z,Mon,3,100 Đường Trần Phú,Phường Hải Châu 1,16.06907,108.22398,4,46.5,28,33,0.848,303,257,FRC4,0.950785,False
2026-08-17 03:31:20,2026-08-16T20:31:20Z,Mon,3,Ngã tư Bắc Sơn – Trần Văn Ơn (Khu vực gi,Phường Hòa An,16.054638,108.176766,3,96.9,36,36,1.0,282,282,FRC4,1,False
2026-08-17 03:31:20,2026-08-16T20:31:20Z,Mon,3,40 Đường Trần Phú,Phường Hải Châu I,16.071757,108.224725,3,59.6,27,27,1.0,14,14,FRC4,1,False
2026-08-17 03:31:20,2026-08-16T20:31:20Z,Mon,3,Bàu Làng,Phường Thanh Khê Đông,16.070435,108.185778,3,49.0,34,34,1.0,532,532,FRC4,1,False
2026-08-17 03:31:20,2026-08-16T20:31:20Z,Mon,3,Huỳnh Ngọc Huệ,Phường Hòa Khê,16.061159,108.185345,3,81.0,28,28,1.0,286,286,FRC4,1,False
2026-08-17 03:31:20,2026-08-16T20:31:20Z,Mon,3,"Hàm Nghi, tổ 36 P.Vĩnh Trung (số 87 - 16",Phường Thạc Gián,16.061954,108.210494,2,93.1,40,40,1.0,1770,1770,FRC2,1,False
2026-08-17 03:31:20,2026-08-16T20:31:20Z,Mon,3,Đường Bắc Sơn (Từ số nhà 02 đến số nhà 9,Phường Hòa An,16.059092,108.175051,2,105.7,41,46,0.891,975,869,FRC1,0.997818,False
2026-08-17 03:31:20,2026-08-16T20:31:20Z,Mon,3,Lê Thanh Nghị,Phường Hòa Cường Nam,16.035861,108.218057,2,19.2,37,37,1.0,157,157,FRC4,1,False
2026-08-17 03:31:20,2026-08-16T20:31:20Z,Mon,3,50 Đường Hoàng Hoa Thám,Phường Tam Thuận,16.069332,108.209716,2,45.0,38,38,1.0,256,256,FRC4,1,False
2026-08-17 03:31:20,2026-08-16T20:31:20Z,Mon,3,Đường Cầm Bá Thước (Toàn bộ tuyến đường),Phường Hòa Cường Bắc,16.042987,108.212774,2,52.0,47,47,1.0,786,786,FRC4,1,False
2026-08-17 03:31:20,2026-08-16T20:31:20Z,Mon,3,Hà Huy Tập,Phường Hòa Khê,16.05858,108.184255,2,64.0,31,31,1.0,246,246,FRC4,1,False
2026-08-17 03:31:20,2026-08-16T20:31:20Z,Mon,3,Kiệt 179 Nguyễn Văn Linh (Toàn bộ kiệt),Phường Nam Dương,16.060362,108.214005,2,65.0,40,40,1.0,1770,1770,FRC2,1,False
2026-08-17 03:31:20,2026-08-16T20:31:20Z,Mon,3,67 Đường Tố Hữu,Phường Hòa Cường Nam,16.034478,108.219218,2,10.0,37,37,1.0,157,157,FRC4,1,False
2026-08-17 03:31:20,2026-08-16T20:31:20Z,Mon,3,Ngã tư Lê Thạch – Cao Sơn Pháo (Khu vực ,Phường Hòa Minh,16.057221,108.172134,2,53.3,41,46,0.891,975,869,FRC1,0.997818,False
2026-08-17 03:31:20,2026-08-16T20:31:20Z,Mon,3,Đường Hải Hồ,Phường Thanh Bình,16.081622,108.216037,2,36.7,36,36,1.0,249,249,FRC3,1,False
2026-08-17 03:31:20,2026-08-16T20:31:20Z,Mon,3,Kiệt 640 Trưng Nữ Vương (Toàn bộ kiệt),Phường Hòa Cường Bắc,16.04386,108.207734,2,70.0,47,47,1.0,786,786,FRC4,1,False
2026-08-17 03:31:20,2026-08-16T20:31:20Z,Mon,3,20 Đường Lê Quý Đôn,Phường Bình Hiên,16.055828,108.22107,2,51.7,29,29,1.0,144,144,FRC4,1,False
2026-08-17 03:31:20,2026-08-16T20:31:20Z,Mon,3,Đống Đa,Phường Thanh Bình,16.078364,108.216795,2,10.0,36,36,1.0,249,249,FRC3,1,False
2026-08-17 03:31:20,2026-08-16T20:31:20Z,Mon,3,Quận Liên Chiểu,Phường Hòa Minh,16.06738,108.166799,2,55.0,41,41,1.0,199,199,FRC4,1,False
2026-08-17 03:31:20,2026-08-16T20:31:20Z,Mon,3,Núi Thành,Phường Hòa Cường Nam,16.036737,108.222882,2,17.5,34,34,1.0,258,258,FRC4,1,False
2026-08-17 03:31:20,2026-08-16T20:31:20Z,Mon,3,"Ngã 3 Phạm Văn Nghị - Đào Duy Anh, phườn",Phường Thạc Gián,16.05869,108.209048,2,40.0,38,38,1.0,1175,1175,FRC4,1,False
2026-08-17 03:31:20,2026-08-16T20:31:20Z,Mon,3,Quận Sơn Trà,Phường Thọ Quang,16.104352,108.253997,2,26.5,45,45,1.0,1365,1365,FRC3,1,False
2026-08-17 03:31:20,2026-08-16T20:31:20Z,Mon,3,Quang Trung - Đống Đa (Đoạn ngã 4),Phường Thanh Bình,16.073419,108.213994,2,105.5,37,37,1.0,288,288,FRC4,1,False
2026-08-17 03:31:20,2026-08-16T20:31:20Z,Mon,3,Trưng Nữ Vương,Phường Hòa Thuận Tây,16.044318,108.206417,2,25.0,47,47,1.0,786,786,FRC4,1,False
2026-08-17 03:31:20,2026-08-16T20:31:20Z,Mon,3,Đ. Ngô Thì Nhậm,Phường Hòa Minh,16.071259,108.156865,2,40.0,40,40,1.0,194,194,FRC4,1,False
2026-08-17 03:31:20,2026-08-16T20:31:20Z,Mon,3,Ngô Tử Hạ,Phường Hòa An,16.043478,108.178278,2,55.0,52,52,1.0,1328,1328,FRC1,1,False
2026-08-17 03:31:20,2026-08-16T20:31:20Z,Mon,3,"Kiệt 818 Trần Cao Vân, tổ 20 P.Thanh Khê",Phường Thanh Khê Đông,16.069731,108.184158,2,90.0,35,35,1.0,517,517,FRC4,1,False
2026-08-17 03:31:20,2026-08-16T20:31:20Z,Mon,3,Hẻm 45 Đường An Mỹ 08 (Hem 45 Duong An M,Phường An Hải Tây,16.06394,108.23185,2,10.0,32,32,1.0,73,73,FRC3,1,False
2026-08-17 03:50:23,2026-08-16T20:50:23Z,Mon,3,15 Đường Quang Trung,Phường Hải Châu,16.075051,108.222198,5,12.0,34,34,1.0,532,532,FRC4,1,False
2026-08-17 03:50:23,2026-08-16T20:50:23Z,Mon,3,Phần Lăng 1,Phường Hòa Cường Bắc,16.054171,108.188345,5,49.2,31,31,1.0,246,246,FRC4,1,False
2026-08-17 03:50:23,2026-08-16T20:50:23Z,Mon,3,24 Đường Trần Phú,Phường Thạch Thang,16.077081,108.223023,5,12.0,37,37,1.0,288,288,FRC4,1,False
2026-08-17 03:50:23,2026-08-16T20:50:23Z,Mon,3,2 Đường Lý Thái Tổ (Duong Ly Thai To),Phường Thạc Gián,16.066432,108.209833,4,64.6,39,39,1.0,476,476,FRC1,1,False
2026-08-17 03:50:23,2026-08-16T20:50:23Z,Mon,3,100 Đường Trần Phú,Phường Hải Châu 1,16.06907,108.22398,4,46.5,33,33,1.0,257,257,FRC4,1,False
2026-08-17 03:50:23,2026-08-16T20:50:23Z,Mon,3,Ngã tư Bắc Sơn – Trần Văn Ơn (Khu vực gi,Phường Hòa An,16.054638,108.176766,3,96.9,36,36,1.0,282,282,FRC4,1,False
2026-08-17 03:50:23,2026-08-16T20:50:23Z,Mon,3,40 Đường Trần Phú,Phường Hải Châu I,16.071757,108.224725,3,59.6,27,27,1.0,14,14,FRC4,1,False
2026-08-17 03:50:23,2026-08-16T20:50:23Z,Mon,3,Bàu Làng,Phường Thanh Khê Đông,16.070435,108.185778,3,49.0,34,34,1.0,532,532,FRC4,1,False
2026-08-17 03:50:23,2026-08-16T20:50:23Z,Mon,3,Huỳnh Ngọc Huệ,Phường Hòa Khê,16.061159,108.185345,3,81.0,28,28,1.0,286,286,FRC4,1,False
2026-08-17 03:50:23,2026-08-16T20:50:23Z,Mon,3,"Hàm Nghi, tổ 36 P.Vĩnh Trung (số 87 - 16",Phường Thạc Gián,16.061954,108.210494,2,93.1,40,40,1.0,1770,1770,FRC2,1,False
2026-08-17 03:50:23,2026-08-16T20:50:23Z,Mon,3,Đường Bắc Sơn (Từ số nhà 02 đến số nhà 9,Phường Hòa An,16.059092,108.175051,2,105.7,47,47,1.0,850,850,FRC1,1,False
2026-08-17 03:50:23,2026-08-16T20:50:23Z,Mon,3,Lê Thanh Nghị,Phường Hòa Cường Nam,16.035861,108.218057,2,19.2,37,37,1.0,157,157,FRC4,1,False
2026-08-17 03:50:23,2026-08-16T20:50:23Z,Mon,3,50 Đường Hoàng Hoa Thám,Phường Tam Thuận,16.069332,108.209716,2,45.0,38,38,1.0,256,256,FRC4,1,False
2026-08-17 03:50:23,2026-08-16T20:50:23Z,Mon,3,Đường Cầm Bá Thước (Toàn bộ tuyến đường),Phường Hòa Cường Bắc,16.042987,108.212774,2,52.0,47,47,1.0,786,786,FRC4,1,False
2026-08-17 03:50:23,2026-08-16T20:50:23Z,Mon,3,Hà Huy Tập,Phường Hòa Khê,16.05858,108.184255,2,64.0,31,31,1.0,246,246,FRC4,1,False
2026-08-17 03:50:23,2026-08-16T20:50:23Z,Mon,3,Kiệt 179 Nguyễn Văn Linh (Toàn bộ kiệt),Phường Nam Dương,16.060362,108.214005,2,65.0,40,40,1.0,1770,1770,FRC2,1,False
2026-08-17 03:50:23,2026-08-16T20:50:23Z,Mon,3,67 Đường Tố Hữu,Phường Hòa Cường Nam,16.034478,108.219218,2,10.0,37,37,1.0,157,157,FRC4,1,False
2026-08-17 03:50:23,2026-08-16T20:50:23Z,Mon,3,Ngã tư Lê Thạch – Cao Sơn Pháo (Khu vực ,Phường Hòa Minh,16.057221,108.172134,2,53.3,47,47,1.0,850,850,FRC1,1,False
2026-08-17 03:50:23,2026-08-16T20:50:23Z,Mon,3,Đường Hải Hồ,Phường Thanh Bình,16.081622,108.216037,2,36.7,36,36,1.0,249,249,FRC3,1,False
2026-08-17 03:50:23,2026-08-16T20:50:23Z,Mon,3,Kiệt 640 Trưng Nữ Vương (Toàn bộ kiệt),Phường Hòa Cường Bắc,16.04386,108.207734,2,70.0,47,47,1.0,786,786,FRC4,1,False
2026-08-17 03:50:23,2026-08-16T20:50:23Z,Mon,3,20 Đường Lê Quý Đôn,Phường Bình Hiên,16.055828,108.22107,2,51.7,29,29,1.0,144,144,FRC4,1,False
2026-08-17 03:50:23,2026-08-16T20:50:23Z,Mon,3,Đống Đa,Phường Thanh Bình,16.078364,108.216795,2,10.0,36,36,1.0,249,249,FRC3,1,False
2026-08-17 03:50:23,2026-08-16T20:50:23Z,Mon,3,Quận Liên Chiểu,Phường Hòa Minh,16.06738,108.166799,2,55.0,41,41,1.0,199,199,FRC4,1,False
2026-08-17 03:50:23,2026-08-16T20:50:23Z,Mon,3,Núi Thành,Phường Hòa Cường Nam,16.036737,108.222882,2,17.5,34,34,1.0,258,258,FRC4,1,False
2026-08-17 03:50:23,2026-08-16T20:50:23Z,Mon,3,"Ngã 3 Phạm Văn Nghị - Đào Duy Anh, phườn",Phường Thạc Gián,16.05869,108.209048,2,40.0,38,38,1.0,1175,1175,FRC4,1,False
2026-08-17 03:50:23,2026-08-16T20:50:23Z,Mon,3,Quận Sơn Trà,Phường Thọ Quang,16.104352,108.253997,2,26.5,45,45,1.0,1365,1365,FRC3,1,False
2026-08-17 03:50:23,2026-08-16T20:50:23Z,Mon,3,Quang Trung - Đống Đa (Đoạn ngã 4),Phường Thanh Bình,16.073419,108.213994,2,105.5,37,37,1.0,288,288,FRC4,1,False
2026-08-17 03:50:23,2026-08-16T20:50:23Z,Mon,3,Trưng Nữ Vương,Phường Hòa Thuận Tây,16.044318,108.206417,2,25.0,47,47,1.0,786,786,FRC4,1,False
2026-08-17 03:50:23,2026-08-16T20:50:23Z,Mon,3,Đ. Ngô Thì Nhậm,Phường Hòa Minh,16.071259,108.156865,2,40.0,40,40,1.0,194,194,FRC4,1,False
2026-08-17 03:50:23,2026-08-16T20:50:23Z,Mon,3,Ngô Tử Hạ,Phường Hòa An,16.043478,108.178278,2,55.0,52,52,1.0,1328,1328,FRC1,1,False
2026-08-17 03:50:23,2026-08-16T20:50:23Z,Mon,3,"Kiệt 818 Trần Cao Vân, tổ 20 P.Thanh Khê",Phường Thanh Khê Đông,16.069731,108.184158,2,90.0,28,35,0.8,646,517,FRC4,0.863602,False
2026-08-17 03:50:23,2026-08-16T20:50:23Z,Mon,3,Hẻm 45 Đường An Mỹ 08 (Hem 45 Duong An M,Phường An Hải Tây,16.06394,108.23185,2,10.0,32,32,1.0,73,73,FRC3,1,False
2026-08-17 04:27:50,2026-08-16T21:27:50Z,Mon,4,15 Đường Quang Trung,Phường Hải Châu,16.075051,108.222198,5,12.0,34,34,1.0,532,532,FRC4,1,False
2026-08-17 04:27:50,2026-08-16T21:27:50Z,Mon,4,Phần Lăng 1,Phường Hòa Cường Bắc,16.054171,108.188345,5,49.2,31,31,1.0,246,246,FRC4,1,False
2026-08-17 04:27:50,2026-08-16T21:27:50Z,Mon,4,24 Đường Trần Phú,Phường Thạch Thang,16.077081,108.223023,5,12.0,37,37,1.0,288,288,FRC4,1,False
2026-08-17 04:27:50,2026-08-16T21:27:50Z,Mon,4,2 Đường Lý Thái Tổ (Duong Ly Thai To),Phường Thạc Gián,16.066432,108.209833,4,64.6,39,39,1.0,476,476,FRC1,1,False
2026-08-17 04:27:50,2026-08-16T21:27:50Z,Mon,4,100 Đường Trần Phú,Phường Hải Châu 1,16.06907,108.22398,4,46.5,33,33,1.0,257,257,FRC4,1,False
2026-08-17 04:27:50,2026-08-16T21:27:50Z,Mon,4,Ngã tư Bắc Sơn – Trần Văn Ơn (Khu vực gi,Phường Hòa An,16.054638,108.176766,3,96.9,36,36,1.0,282,282,FRC4,1,False
2026-08-17 04:27:50,2026-08-16T21:27:50Z,Mon,4,40 Đường Trần Phú,Phường Hải Châu I,16.071757,108.224725,3,59.6,27,27,1.0,14,14,FRC4,1,False
2026-08-17 04:27:50,2026-08-16T21:27:50Z,Mon,4,Bàu Làng,Phường Thanh Khê Đông,16.070435,108.185778,3,49.0,34,34,1.0,532,532,FRC4,1,False
2026-08-17 04:27:50,2026-08-16T21:27:50Z,Mon,4,Huỳnh Ngọc Huệ,Phường Hòa Khê,16.061159,108.185345,3,81.0,28,28,1.0,286,286,FRC4,1,False
2026-08-17 04:27:50,2026-08-16T21:27:50Z,Mon,4,"Hàm Nghi, tổ 36 P.Vĩnh Trung (số 87 - 16",Phường Thạc Gián,16.061954,108.210494,2,93.1,40,40,1.0,1770,1770,FRC2,1,False
2026-08-17 04:27:50,2026-08-16T21:27:50Z,Mon,4,Đường Bắc Sơn (Từ số nhà 02 đến số nhà 9,Phường Hòa An,16.059092,108.175051,2,105.7,47,47,1.0,850,850,FRC1,1,False
2026-08-17 04:27:50,2026-08-16T21:27:50Z,Mon,4,Lê Thanh Nghị,Phường Hòa Cường Nam,16.035861,108.218057,2,19.2,37,37,1.0,157,157,FRC4,1,False
2026-08-17 04:27:50,2026-08-16T21:27:50Z,Mon,4,50 Đường Hoàng Hoa Thám,Phường Tam Thuận,16.069332,108.209716,2,45.0,38,38,1.0,256,256,FRC4,1,False
2026-08-17 04:27:50,2026-08-16T21:27:50Z,Mon,4,Đường Cầm Bá Thước (Toàn bộ tuyến đường),Phường Hòa Cường Bắc,16.042987,108.212774,2,52.0,47,47,1.0,786,786,FRC4,1,False
2026-08-17 04:27:50,2026-08-16T21:27:50Z,Mon,4,Hà Huy Tập,Phường Hòa Khê,16.05858,108.184255,2,64.0,31,31,1.0,246,246,FRC4,1,False
2026-08-17 04:27:50,2026-08-16T21:27:50Z,Mon,4,Kiệt 179 Nguyễn Văn Linh (Toàn bộ kiệt),Phường Nam Dương,16.060362,108.214005,2,65.0,40,40,1.0,1770,1770,FRC2,1,False
2026-08-17 04:27:50,2026-08-16T21:27:50Z,Mon,4,67 Đường Tố Hữu,Phường Hòa Cường Nam,16.034478,108.219218,2,10.0,37,37,1.0,157,157,FRC4,1,False
2026-08-17 04:27:50,2026-08-16T21:27:50Z,Mon,4,Ngã tư Lê Thạch – Cao Sơn Pháo (Khu vực ,Phường Hòa Minh,16.057221,108.172134,2,53.3,47,47,1.0,850,850,FRC1,1,False
2026-08-17 04:27:50,2026-08-16T21:27:50Z,Mon,4,Đường Hải Hồ,Phường Thanh Bình,16.081622,108.216037,2,36.7,36,36,1.0,249,249,FRC3,1,False
2026-08-17 04:27:50,2026-08-16T21:27:50Z,Mon,4,Kiệt 640 Trưng Nữ Vương (Toàn bộ kiệt),Phường Hòa Cường Bắc,16.04386,108.207734,2,70.0,47,47,1.0,786,786,FRC4,1,False
2026-08-17 04:27:50,2026-08-16T21:27:50Z,Mon,4,20 Đường Lê Quý Đôn,Phường Bình Hiên,16.055828,108.22107,2,51.7,29,29,1.0,144,144,FRC4,1,False
2026-08-17 04:27:50,2026-08-16T21:27:50Z,Mon,4,Đống Đa,Phường Thanh Bình,16.078364,108.216795,2,10.0,36,36,1.0,249,249,FRC3,1,False
2026-08-17 04:27:50,2026-08-16T21:27:50Z,Mon,4,Quận Liên Chiểu,Phường Hòa Minh,16.06738,108.166799,2,55.0,41,41,1.0,199,199,FRC4,1,False
2026-08-17 04:27:50,2026-08-16T21:27:50Z,Mon,4,Núi Thành,Phường Hòa Cường Nam,16.036737,108.222882,2,17.5,34,34,1.0,258,258,FRC4,1,False
2026-08-17 04:27:50,2026-08-16T21:27:50Z,Mon,4,"Ngã 3 Phạm Văn Nghị - Đào Duy Anh, phườn",Phường Thạc Gián,16.05869,108.209048,2,40.0,38,38,1.0,1175,1175,FRC4,1,False
2026-08-17 04:27:50,2026-08-16T21:27:50Z,Mon,4,Quận Sơn Trà,Phường Thọ Quang,16.104352,108.253997,2,26.5,45,45,1.0,1365,1365,FRC3,1,False
2026-08-17 04:27:50,2026-08-16T21:27:50Z,Mon,4,Quang Trung - Đống Đa (Đoạn ngã 4),Phường Thanh Bình,16.073419,108.213994,2,105.5,37,37,1.0,288,288,FRC4,1,False
2026-08-17 04:27:50,2026-08-16T21:27:50Z,Mon,4,Trưng Nữ Vương,Phường Hòa Thuận Tây,16.044318,108.206417,2,25.0,47,47,1.0,786,786,FRC4,1,False
2026-08-17 04:27:50,2026-08-16T21:27:50Z,Mon,4,Đ. Ngô Thì Nhậm,Phường Hòa Minh,16.071259,108.156865,2,40.0,40,40,1.0,194,194,FRC4,1,False
2026-08-17 04:27:50,2026-08-16T21:27:50Z,Mon,4,Ngô Tử Hạ,Phường Hòa An,16.043478,108.178278,2,55.0,52,52,1.0,1328,1328,FRC1,1,False
2026-08-17 04:27:50,2026-08-16T21:27:50Z,Mon,4,"Kiệt 818 Trần Cao Vân, tổ 20 P.Thanh Khê",Phường Thanh Khê Đông,16.069731,108.184158,2,90.0,35,35,1.0,517,517,FRC4,1,False
2026-08-17 04:27:50,2026-08-16T21:27:50Z,Mon,4,Hẻm 45 Đường An Mỹ 08 (Hem 45 Duong An M,Phường An Hải Tây,16.06394,108.23185,2,10.0,32,32,1.0,73,73,FRC3,1,False
2026-08-17 04:47:53,2026-08-16T21:47:53Z,Mon,4,15 Đường Quang Trung,Phường Hải Châu,16.075051,108.222198,5,12.0,34,34,1.0,532,532,FRC4,1,False
2026-08-17 04:47:53,2026-08-16T21:47:53Z,Mon,4,Phần Lăng 1,Phường Hòa Cường Bắc,16.054171,108.188345,5,49.2,31,31,1.0,246,246,FRC4,1,False
2026-08-17 04:47:53,2026-08-16T21:47:53Z,Mon,4,24 Đường Trần Phú,Phường Thạch Thang,16.077081,108.223023,5,12.0,37,37,1.0,288,288,FRC4,1,False
2026-08-17 04:47:53,2026-08-16T21:47:53Z,Mon,4,2 Đường Lý Thái Tổ (Duong Ly Thai To),Phường Thạc Gián,16.066432,108.209833,4,64.6,39,39,1.0,476,476,FRC1,1,False
2026-08-17 04:47:53,2026-08-16T21:47:53Z,Mon,4,100 Đường Trần Phú,Phường Hải Châu 1,16.06907,108.22398,4,46.5,33,33,1.0,257,257,FRC4,1,False
2026-08-17 04:47:53,2026-08-16T21:47:53Z,Mon,4,Ngã tư Bắc Sơn – Trần Văn Ơn (Khu vực gi,Phường Hòa An,16.054638,108.176766,3,96.9,36,36,1.0,282,282,FRC4,1,False
2026-08-17 04:47:53,2026-08-16T21:47:53Z,Mon,4,40 Đường Trần Phú,Phường Hải Châu I,16.071757,108.224725,3,59.6,27,27,1.0,14,14,FRC4,1,False
2026-08-17 04:47:53,2026-08-16T21:47:53Z,Mon,4,Bàu Làng,Phường Thanh Khê Đông,16.070435,108.185778,3,49.0,34,34,1.0,532,532,FRC4,1,False
2026-08-17 04:47:53,2026-08-16T21:47:53Z,Mon,4,Huỳnh Ngọc Huệ,Phường Hòa Khê,16.061159,108.185345,3,81.0,28,28,1.0,286,286,FRC4,1,False
2026-08-17 04:47:53,2026-08-16T21:47:53Z,Mon,4,"Hàm Nghi, tổ 36 P.Vĩnh Trung (số 87 - 16",Phường Thạc Gián,16.061954,108.210494,2,93.1,40,40,1.0,1770,1770,FRC2,1,False
2026-08-17 04:47:53,2026-08-16T21:47:53Z,Mon,4,Đường Bắc Sơn (Từ số nhà 02 đến số nhà 9,Phường Hòa An,16.059092,108.175051,2,105.7,40,46,0.87,999,869,FRC1,1,False
2026-08-17 04:47:53,2026-08-16T21:47:53Z,Mon,4,Lê Thanh Nghị,Phường Hòa Cường Nam,16.035861,108.218057,2,19.2,37,37,1.0,157,157,FRC4,1,False
2026-08-17 04:47:53,2026-08-16T21:47:53Z,Mon,4,50 Đường Hoàng Hoa Thám,Phường Tam Thuận,16.069332,108.209716,2,45.0,38,38,1.0,256,256,FRC4,1,False
2026-08-17 04:47:53,2026-08-16T21:47:53Z,Mon,4,Đường Cầm Bá Thước (Toàn bộ tuyến đường),Phường Hòa Cường Bắc,16.042987,108.212774,2,52.0,47,47,1.0,786,786,FRC4,1,False
2026-08-17 04:47:53,2026-08-16T21:47:53Z,Mon,4,Hà Huy Tập,Phường Hòa Khê,16.05858,108.184255,2,64.0,31,31,1.0,246,246,FRC4,1,False
2026-08-17 04:47:53,2026-08-16T21:47:53Z,Mon,4,Kiệt 179 Nguyễn Văn Linh (Toàn bộ kiệt),Phường Nam Dương,16.060362,108.214005,2,65.0,40,40,1.0,1770,1770,FRC2,1,False
2026-08-17 04:47:53,2026-08-16T21:47:53Z,Mon,4,67 Đường Tố Hữu,Phường Hòa Cường Nam,16.034478,108.219218,2,10.0,37,37,1.0,157,157,FRC4,1,False
2026-08-17 04:47:53,2026-08-16T21:47:53Z,Mon,4,Ngã tư Lê Thạch – Cao Sơn Pháo (Khu vực ,Phường Hòa Minh,16.057221,108.172134,2,53.3,40,46,0.87,999,869,FRC1,1,False
2026-08-17 04:47:53,2026-08-16T21:47:53Z,Mon,4,Đường Hải Hồ,Phường Thanh Bình,16.081622,108.216037,2,36.7,36,36,1.0,249,249,FRC3,1,False
2026-08-17 04:47:53,2026-08-16T21:47:53Z,Mon,4,Kiệt 640 Trưng Nữ Vương (Toàn bộ kiệt),Phường Hòa Cường Bắc,16.04386,108.207734,2,70.0,47,47,1.0,786,786,FRC4,1,False
2026-08-17 04:47:53,2026-08-16T21:47:53Z,Mon,4,20 Đường Lê Quý Đôn,Phường Bình Hiên,16.055828,108.22107,2,51.7,29,29,1.0,144,144,FRC4,1,False
2026-08-17 04:47:53,2026-08-16T21:47:53Z,Mon,4,Đống Đa,Phường Thanh Bình,16.078364,108.216795,2,10.0,36,36,1.0,249,249,FRC3,1,False
2026-08-17 04:47:53,2026-08-16T21:47:53Z,Mon,4,Quận Liên Chiểu,Phường Hòa Minh,16.06738,108.166799,2,55.0,41,41,1.0,199,199,FRC4,1,False
2026-08-17 04:47:53,2026-08-16T21:47:53Z,Mon,4,Núi Thành,Phường Hòa Cường Nam,16.036737,108.222882,2,17.5,34,34,1.0,258,258,FRC4,1,False
2026-08-17 04:47:53,2026-08-16T21:47:53Z,Mon,4,"Ngã 3 Phạm Văn Nghị - Đào Duy Anh, phườn",Phường Thạc Gián,16.05869,108.209048,2,40.0,38,38,1.0,1175,1175,FRC4,1,False
2026-08-17 04:47:53,2026-08-16T21:47:53Z,Mon,4,Quận Sơn Trà,Phường Thọ Quang,16.104352,108.253997,2,26.5,45,45,1.0,1365,1365,FRC3,1,False
2026-08-17 04:47:53,2026-08-16T21:47:53Z,Mon,4,Quang Trung - Đống Đa (Đoạn ngã 4),Phường Thanh Bình,16.073419,108.213994,2,105.5,37,37,1.0,288,288,FRC4,1,False
2026-08-17 04:47:53,2026-08-16T21:47:53Z,Mon,4,Trưng Nữ Vương,Phường Hòa Thuận Tây,16.044318,108.206417,2,25.0,47,47,1.0,786,786,FRC4,1,False
2026-08-17 04:47:53,2026-08-16T21:47:53Z,Mon,4,Đ. Ngô Thì Nhậm,Phường Hòa Minh,16.071259,108.156865,2,40.0,40,40,1.0,194,194,FRC4,1,False
2026-08-17 04:47:53,2026-08-16T21:47:53Z,Mon,4,Ngô Tử Hạ,Phường Hòa An,16.043478,108.178278,2,55.0,52,52,1.0,1328,1328,FRC1,1,False
2026-08-17 04:47:53,2026-08-16T21:47:53Z,Mon,4,"Kiệt 818 Trần Cao Vân, tổ 20 P.Thanh Khê",Phường Thanh Khê Đông,16.069731,108.184158,2,90.0,35,35,1.0,517,517,FRC4,1,False
2026-08-17 04:47:53,2026-08-16T21:47:53Z,Mon,4,Hẻm 45 Đường An Mỹ 08 (Hem 45 Duong An M,Phường An Hải Tây,16.06394,108.23185,2,10.0,32,32,1.0,73,73,FRC3,1,False
2026-08-17 05:29:43,2026-08-16T22:29:43Z,Mon,5,15 Đường Quang Trung,Phường Hải Châu,16.075051,108.222198,5,12.0,27,33,0.818,670,548,FRC4,0.927984,False
2026-08-17 05:29:43,2026-08-16T22:29:43Z,Mon,5,Phần Lăng 1,Phường Hòa Cường Bắc,16.054171,108.188345,5,49.2,31,31,1.0,246,246,FRC4,1,False
2026-08-17 05:29:43,2026-08-16T22:29:43Z,Mon,5,24 Đường Trần Phú,Phường Thạch Thang,16.077081,108.223023,5,12.0,37,37,1.0,288,288,FRC4,1,False
2026-08-17 05:29:43,2026-08-16T22:29:43Z,Mon,5,2 Đường Lý Thái Tổ (Duong Ly Thai To),Phường Thạc Gián,16.066432,108.209833,4,64.6,39,39,1.0,476,476,FRC1,1,False
2026-08-17 05:29:43,2026-08-16T22:29:43Z,Mon,5,100 Đường Trần Phú,Phường Hải Châu 1,16.06907,108.22398,4,46.5,24,32,0.75,354,265,FRC4,0.93,False
2026-08-17 05:29:43,2026-08-16T22:29:43Z,Mon,5,Ngã tư Bắc Sơn – Trần Văn Ơn (Khu vực gi,Phường Hòa An,16.054638,108.176766,3,96.9,29,35,0.829,351,290,FRC4,0.93566,False
2026-08-17 05:29:43,2026-08-16T22:29:43Z,Mon,5,40 Đường Trần Phú,Phường Hải Châu I,16.071757,108.224725,3,59.6,27,27,1.0,14,14,FRC4,1,False
2026-08-17 05:29:43,2026-08-16T22:29:43Z,Mon,5,Bàu Làng,Phường Thanh Khê Đông,16.070435,108.185778,3,49.0,27,33,0.818,670,548,FRC4,0.927984,False
2026-08-17 05:29:43,2026-08-16T22:29:43Z,Mon,5,Huỳnh Ngọc Huệ,Phường Hòa Khê,16.061159,108.185345,3,81.0,28,28,1.0,286,286,FRC4,1,False
2026-08-17 05:29:43,2026-08-16T22:29:43Z,Mon,5,"Hàm Nghi, tổ 36 P.Vĩnh Trung (số 87 - 16",Phường Thạc Gián,16.061954,108.210494,2,93.1,40,40,1.0,1770,1770,FRC2,1,False
2026-08-17 05:29:43,2026-08-16T22:29:43Z,Mon,5,Đường Bắc Sơn (Từ số nhà 02 đến số nhà 9,Phường Hòa An,16.059092,108.175051,2,105.7,34,47,0.723,1176,850,FRC1,1,False
2026-08-17 05:29:43,2026-08-16T22:29:43Z,Mon,5,Lê Thanh Nghị,Phường Hòa Cường Nam,16.035861,108.218057,2,19.2,31,36,0.861,188,162,FRC4,0.984456,False
2026-08-17 05:29:43,2026-08-16T22:29:43Z,Mon,5,50 Đường Hoàng Hoa Thám,Phường Tam Thuận,16.069332,108.209716,2,45.0,38,38,1.0,256,256,FRC4,1,False
2026-08-17 05:29:43,2026-08-16T22:29:43Z,Mon,5,Đường Cầm Bá Thước (Toàn bộ tuyến đường),Phường Hòa Cường Bắc,16.042987,108.212774,2,52.0,47,47,1.0,786,786,FRC4,1,False
2026-08-17 05:29:43,2026-08-16T22:29:43Z,Mon,5,Hà Huy Tập,Phường Hòa Khê,16.05858,108.184255,2,64.0,31,31,1.0,246,246,FRC4,1,False
2026-08-17 05:29:43,2026-08-16T22:29:43Z,Mon,5,Kiệt 179 Nguyễn Văn Linh (Toàn bộ kiệt),Phường Nam Dương,16.060362,108.214005,2,65.0,40,40,1.0,1770,1770,FRC2,1,False
2026-08-17 05:29:43,2026-08-16T22:29:43Z,Mon,5,67 Đường Tố Hữu,Phường Hòa Cường Nam,16.034478,108.219218,2,10.0,31,36,0.861,188,162,FRC4,0.984456,False
2026-08-17 05:29:43,2026-08-16T22:29:43Z,Mon,5,Ngã tư Lê Thạch – Cao Sơn Pháo (Khu vực ,Phường Hòa Minh,16.057221,108.172134,2,53.3,34,47,0.723,1176,850,FRC1,1,False
2026-08-17 05:29:43,2026-08-16T22:29:43Z,Mon,5,Đường Hải Hồ,Phường Thanh Bình,16.081622,108.216037,2,36.7,36,36,1.0,249,249,FRC3,1,False
2026-08-17 05:29:43,2026-08-16T22:29:43Z,Mon,5,Kiệt 640 Trưng Nữ Vương (Toàn bộ kiệt),Phường Hòa Cường Bắc,16.04386,108.207734,2,70.0,47,47,1.0,786,786,FRC4,1,False
2026-08-17 05:29:43,2026-08-16T22:29:43Z,Mon,5,20 Đường Lê Quý Đôn,Phường Bình Hiên,16.055828,108.22107,2,51.7,29,29,1.0,144,144,FRC4,1,False
2026-08-17 05:29:43,2026-08-16T22:29:43Z,Mon,5,Đống Đa,Phường Thanh Bình,16.078364,108.216795,2,10.0,36,36,1.0,249,249,FRC3,1,False
2026-08-17 05:29:43,2026-08-16T22:29:43Z,Mon,5,Quận Liên Chiểu,Phường Hòa Minh,16.06738,108.166799,2,55.0,32,41,0.78,255,199,FRC4,1,False
2026-08-17 05:29:43,2026-08-16T22:29:43Z,Mon,5,Núi Thành,Phường Hòa Cường Nam,16.036737,108.222882,2,17.5,34,34,1.0,258,258,FRC4,1,False
2026-08-17 05:29:43,2026-08-16T22:29:43Z,Mon,5,"Ngã 3 Phạm Văn Nghị - Đào Duy Anh, phườn",Phường Thạc Gián,16.05869,108.209048,2,40.0,38,38,1.0,1175,1175,FRC4,1,False
2026-08-17 05:29:43,2026-08-16T22:29:43Z,Mon,5,Quận Sơn Trà,Phường Thọ Quang,16.104352,108.253997,2,26.5,45,45,1.0,1365,1365,FRC3,1,False
2026-08-17 05:29:43,2026-08-16T22:29:43Z,Mon,5,Quang Trung - Đống Đa (Đoạn ngã 4),Phường Thanh Bình,16.073419,108.213994,2,105.5,37,37,1.0,288,288,FRC4,1,False
2026-08-17 05:29:43,2026-08-16T22:29:43Z,Mon,5,Trưng Nữ Vương,Phường Hòa Thuận Tây,16.044318,108.206417,2,25.0,47,47,1.0,786,786,FRC4,1,False
2026-08-17 05:29:43,2026-08-16T22:29:43Z,Mon,5,Đ. Ngô Thì Nhậm,Phường Hòa Minh,16.071259,108.156865,2,40.0,40,40,1.0,194,194,FRC4,1,False
2026-08-17 05:29:43,2026-08-16T22:29:43Z,Mon,5,Ngô Tử Hạ,Phường Hòa An,16.043478,108.178278,2,55.0,52,52,1.0,1328,1328,FRC1,1,False
2026-08-17 05:29:43,2026-08-16T22:29:43Z,Mon,5,"Kiệt 818 Trần Cao Vân, tổ 20 P.Thanh Khê",Phường Thanh Khê Đông,16.069731,108.184158,2,90.0,31,34,0.912,584,532,FRC4,0.947387,False
2026-08-17 05:29:43,2026-08-16T22:29:43Z,Mon,5,Hẻm 45 Đường An Mỹ 08 (Hem 45 Duong An M,Phường An Hải Tây,16.06394,108.23185,2,10.0,21,32,0.656,112,73,FRC3,0.918175,False
2026-08-17 05:50:14,2026-08-16T22:50:14Z,Mon,5,15 Đường Quang Trung,Phường Hải Châu,16.075051,108.222198,5,12.0,24,33,0.727,754,548,FRC4,0.946844,False
2026-08-17 05:50:14,2026-08-16T22:50:14Z,Mon,5,Phần Lăng 1,Phường Hòa Cường Bắc,16.054171,108.188345,5,49.2,31,31,1.0,246,246,FRC4,1,False
2026-08-17 05:50:14,2026-08-16T22:50:14Z,Mon,5,24 Đường Trần Phú,Phường Thạch Thang,16.077081,108.223023,5,12.0,28,36,0.778,381,296,FRC4,0.97891,False
2026-08-17 05:50:14,2026-08-16T22:50:14Z,Mon,5,2 Đường Lý Thái Tổ (Duong Ly Thai To),Phường Thạc Gián,16.066432,108.209833,4,64.6,32,39,0.821,580,476,FRC1,0.970861,False
2026-08-17 05:50:14,2026-08-16T22:50:14Z,Mon,5,100 Đường Trần Phú,Phường Hải Châu 1,16.06907,108.22398,4,46.5,26,33,0.788,326,257,FRC4,0.920787,False
2026-08-17 05:50:14,2026-08-16T22:50:14Z,Mon,5,Ngã tư Bắc Sơn – Trần Văn Ơn (Khu vực gi,Phường Hòa An,16.054638,108.176766,3,96.9,23,35,0.657,442,290,FRC4,0.96,False
2026-08-17 05:50:14,2026-08-16T22:50:14Z,Mon,5,40 Đường Trần Phú,Phường Hải Châu I,16.071757,108.224725,3,59.6,27,27,1.0,14,14,FRC4,1,False
2026-08-17 05:50:14,2026-08-16T22:50:14Z,Mon,5,Bàu Làng,Phường Thanh Khê Đông,16.070435,108.185778,3,49.0,24,34,0.706,754,532,FRC4,0.946844,False
2026-08-17 05:50:14,2026-08-16T22:50:14Z,Mon,5,Huỳnh Ngọc Huệ,Phường Hòa Khê,16.061159,108.185345,3,81.0,28,28,1.0,286,286,FRC4,1,False
2026-08-17 05:50:14,2026-08-16T22:50:14Z,Mon,5,"Hàm Nghi, tổ 36 P.Vĩnh Trung (số 87 - 16",Phường Thạc Gián,16.061954,108.210494,2,93.1,40,40,1.0,1770,1770,FRC2,1,False
2026-08-17 05:50:14,2026-08-16T22:50:14Z,Mon,5,Đường Bắc Sơn (Từ số nhà 02 đến số nhà 9,Phường Hòa An,16.059092,108.175051,2,105.7,34,46,0.739,1176,869,FRC1,1,False
2026-08-17 05:50:14,2026-08-16T22:50:14Z,Mon,5,Lê Thanh Nghị,Phường Hòa Cường Nam,16.035861,108.218057,2,19.2,27,36,0.75,216,162,FRC4,0.98,False
2026-08-17 05:50:14,2026-08-16T22:50:14Z,Mon,5,50 Đường Hoàng Hoa Thám,Phường Tam Thuận,16.069332,108.209716,2,45.0,26,37,0.703,375,263,FRC4,1,False
2026-08-17 05:50:14,2026-08-16T22:50:14Z,Mon,5,Đường Cầm Bá Thước (Toàn bộ tuyến đường),Phường Hòa Cường Bắc,16.042987,108.212774,2,52.0,47,47,1.0,786,786,FRC4,1,False
2026-08-17 05:50:14,2026-08-16T22:50:14Z,Mon,5,Hà Huy Tập,Phường Hòa Khê,16.05858,108.184255,2,64.0,31,31,1.0,246,246,FRC4,1,False
2026-08-17 05:50:14,2026-08-16T22:50:14Z,Mon,5,Kiệt 179 Nguyễn Văn Linh (Toàn bộ kiệt),Phường Nam Dương,16.060362,108.214005,2,65.0,40,40,1.0,1770,1770,FRC2,1,False
2026-08-17 05:50:14,2026-08-16T22:50:14Z,Mon,5,67 Đường Tố Hữu,Phường Hòa Cường Nam,16.034478,108.219218,2,10.0,27,36,0.75,216,162,FRC4,0.98,False
2026-08-17 05:50:14,2026-08-16T22:50:14Z,Mon,5,Ngã tư Lê Thạch – Cao Sơn Pháo (Khu vực ,Phường Hòa Minh,16.057221,108.172134,2,53.3,34,46,0.739,1176,869,FRC1,1,False
2026-08-17 05:50:14,2026-08-16T22:50:14Z,Mon,5,Đường Hải Hồ,Phường Thanh Bình,16.081622,108.216037,2,36.7,36,36,1.0,249,249,FRC3,1,False
2026-08-17 05:50:14,2026-08-16T22:50:14Z,Mon,5,Kiệt 640 Trưng Nữ Vương (Toàn bộ kiệt),Phường Hòa Cường Bắc,16.04386,108.207734,2,70.0,47,47,1.0,786,786,FRC4,1,False
2026-08-17 05:50:14,2026-08-16T22:50:14Z,Mon,5,20 Đường Lê Quý Đôn,Phường Bình Hiên,16.055828,108.22107,2,51.7,21,29,0.724,199,144,FRC4,0.74,False
2026-08-17 05:50:14,2026-08-16T22:50:14Z,Mon,5,Đống Đa,Phường Thanh Bình,16.078364,108.216795,2,10.0,36,36,1.0,249,249,FRC3,1,False
2026-08-17 05:50:14,2026-08-16T22:50:14Z,Mon,5,Quận Liên Chiểu,Phường Hòa Minh,16.06738,108.166799,2,55.0,41,41,1.0,199,199,FRC4,1,False
2026-08-17 05:50:14,2026-08-16T22:50:14Z,Mon,5,Núi Thành,Phường Hòa Cường Nam,16.036737,108.222882,2,17.5,34,34,1.0,258,258,FRC4,1,False
2026-08-17 05:50:14,2026-08-16T22:50:14Z,Mon,5,"Ngã 3 Phạm Văn Nghị - Đào Duy Anh, phườn",Phường Thạc Gián,16.05869,108.209048,2,40.0,31,38,0.816,1440,1175,FRC4,0.999006,False
2026-08-17 05:50:14,2026-08-16T22:50:14Z,Mon,5,Quận Sơn Trà,Phường Thọ Quang,16.104352,108.253997,2,26.5,45,45,1.0,1365,1365,FRC3,1,False
2026-08-17 05:50:14,2026-08-16T22:50:14Z,Mon,5,Quang Trung - Đống Đa (Đoạn ngã 4),Phường Thanh Bình,16.073419,108.213994,2,105.5,28,36,0.778,381,296,FRC4,0.97891,False
2026-08-17 05:50:14,2026-08-16T22:50:14Z,Mon,5,Trưng Nữ Vương,Phường Hòa Thuận Tây,16.044318,108.206417,2,25.0,47,47,1.0,786,786,FRC4,1,False
2026-08-17 05:50:14,2026-08-16T22:50:14Z,Mon,5,Đ. Ngô Thì Nhậm,Phường Hòa Minh,16.071259,108.156865,2,40.0,32,39,0.821,243,199,FRC4,0.971454,False
2026-08-17 05:50:14,2026-08-16T22:50:14Z,Mon,5,Ngô Tử Hạ,Phường Hòa An,16.043478,108.178278,2,55.0,52,52,1.0,1328,1328,FRC1,1,False
2026-08-17 05:50:14,2026-08-16T22:50:14Z,Mon,5,"Kiệt 818 Trần Cao Vân, tổ 20 P.Thanh Khê",Phường Thanh Khê Đông,16.069731,108.184158,2,90.0,35,35,1.0,517,517,FRC4,1,False
2026-08-17 05:50:14,2026-08-16T22:50:14Z,Mon,5,Hẻm 45 Đường An Mỹ 08 (Hem 45 Duong An M,Phường An Hải Tây,16.06394,108.23185,2,10.0,19,33,0.576,124,71,FRC3,0.853651,False
2026-08-17 06:27:28,2026-08-16T23:27:28Z,Mon,6,15 Đường Quang Trung,Phường Hải Châu,16.075051,108.222198,5,12.0,23,33,0.697,787,548,FRC4,0.979552,False
2026-08-17 06:27:28,2026-08-16T23:27:28Z,Mon,6,Phần Lăng 1,Phường Hòa Cường Bắc,16.054171,108.188345,5,49.2,24,30,0.8,318,255,FRC4,0.878822,False
2026-08-17 06:27:28,2026-08-16T23:27:28Z,Mon,6,24 Đường Trần Phú,Phường Thạch Thang,16.077081,108.223023,5,12.0,28,36,0.778,381,296,FRC4,0.987706,False
2026-08-17 06:27:28,2026-08-16T23:27:28Z,Mon,6,2 Đường Lý Thái Tổ (Duong Ly Thai To),Phường Thạc Gián,16.066432,108.209833,4,64.6,30,38,0.789,619,488,FRC1,0.984607,False
2026-08-17 06:27:28,2026-08-16T23:27:28Z,Mon,6,100 Đường Trần Phú,Phường Hải Châu 1,16.06907,108.22398,4,46.5,33,33,1.0,257,257,FRC4,1,False
2026-08-17 06:27:28,2026-08-16T23:27:28Z,Mon,6,Ngã tư Bắc Sơn – Trần Văn Ơn (Khu vực gi,Phường Hòa An,16.054638,108.176766,3,96.9,24,36,0.667,424,282,FRC4,0.942259,False
2026-08-17 06:27:28,2026-08-16T23:27:28Z,Mon,6,40 Đường Trần Phú,Phường Hải Châu I,16.071757,108.224725,3,59.6,27,27,1.0,14,14,FRC4,1,False
2026-08-17 06:27:28,2026-08-16T23:27:28Z,Mon,6,Bàu Làng,Phường Thanh Khê Đông,16.070435,108.185778,3,49.0,23,33,0.697,787,548,FRC4,0.979552,False
2026-08-17 06:27:28,2026-08-16T23:27:28Z,Mon,6,Huỳnh Ngọc Huệ,Phường Hòa Khê,16.061159,108.185345,3,81.0,21,27,0.778,381,296,FRC4,0.852674,False
2026-08-17 06:27:28,2026-08-16T23:27:28Z,Mon,6,"Hàm Nghi, tổ 36 P.Vĩnh Trung (số 87 - 16",Phường Thạc Gián,16.061954,108.210494,2,93.1,34,41,0.829,2082,1727,FRC2,0.998267,False
2026-08-17 06:27:28,2026-08-16T23:27:28Z,Mon,6,Đường Bắc Sơn (Từ số nhà 02 đến số nhà 9,Phường Hòa An,16.059092,108.175051,2,105.7,35,46,0.761,1142,869,FRC1,1,False
2026-08-17 06:27:28,2026-08-16T23:27:28Z,Mon,6,Lê Thanh Nghị,Phường Hòa Cường Nam,16.035861,108.218057,2,19.2,25,36,0.694,233,162,FRC4,0.99,False
2026-08-17 06:27:28,2026-08-16T23:27:28Z,Mon,6,50 Đường Hoàng Hoa Thám,Phường Tam Thuận,16.069332,108.209716,2,45.0,25,38,0.658,390,256,FRC4,1,False
2026-08-17 06:27:28,2026-08-16T23:27:28Z,Mon,6,Đường Cầm Bá Thước (Toàn bộ tuyến đường),Phường Hòa Cường Bắc,16.042987,108.212774,2,52.0,38,46,0.826,973,803,FRC4,1,False
2026-08-17 06:27:28,2026-08-16T23:27:28Z,Mon,6,Hà Huy Tập,Phường Hòa Khê,16.05858,108.184255,2,64.0,24,30,0.8,318,255,FRC4,0.878822,False
2026-08-17 06:27:28,2026-08-16T23:27:28Z,Mon,6,Kiệt 179 Nguyễn Văn Linh (Toàn bộ kiệt),Phường Nam Dương,16.060362,108.214005,2,65.0,33,41,0.805,2146,1727,FRC2,0.997896,False
2026-08-17 06:27:28,2026-08-16T23:27:28Z,Mon,6,67 Đường Tố Hữu,Phường Hòa Cường Nam,16.034478,108.219218,2,10.0,25,36,0.694,233,162,FRC4,0.99,False
2026-08-17 06:27:28,2026-08-16T23:27:28Z,Mon,6,Ngã tư Lê Thạch – Cao Sơn Pháo (Khu vực ,Phường Hòa Minh,16.057221,108.172134,2,53.3,35,46,0.761,1142,869,FRC1,1,False
2026-08-17 06:27:28,2026-08-16T23:27:28Z,Mon,6,Đường Hải Hồ,Phường Thanh Bình,16.081622,108.216037,2,36.7,29,36,0.806,309,249,FRC3,0.9968,False
2026-08-17 06:27:28,2026-08-16T23:27:28Z,Mon,6,Kiệt 640 Trưng Nữ Vương (Toàn bộ kiệt),Phường Hòa Cường Bắc,16.04386,108.207734,2,70.0,47,47,1.0,786,786,FRC4,1,False
2026-08-17 06:27:28,2026-08-16T23:27:28Z,Mon,6,20 Đường Lê Quý Đôn,Phường Bình Hiên,16.055828,108.22107,2,51.7,16,28,0.571,261,149,FRC4,0.79,False
2026-08-17 06:27:28,2026-08-16T23:27:28Z,Mon,6,Đống Đa,Phường Thanh Bình,16.078364,108.216795,2,10.0,29,36,0.806,309,249,FRC3,0.9968,False
2026-08-17 06:27:28,2026-08-16T23:27:28Z,Mon,6,Quận Liên Chiểu,Phường Hòa Minh,16.06738,108.166799,2,55.0,41,41,1.0,199,199,FRC4,1,False
2026-08-17 06:27:28,2026-08-16T23:27:28Z,Mon,6,Núi Thành,Phường Hòa Cường Nam,16.036737,108.222882,2,17.5,24,34,0.706,366,258,FRC4,0.985839,False
2026-08-17 06:27:28,2026-08-16T23:27:28Z,Mon,6,"Ngã 3 Phạm Văn Nghị - Đào Duy Anh, phườn",Phường Thạc Gián,16.05869,108.209048,2,40.0,30,37,0.811,1488,1207,FRC4,1,False
2026-08-17 06:27:28,2026-08-16T23:27:28Z,Mon,6,Quận Sơn Trà,Phường Thọ Quang,16.104352,108.253997,2,26.5,45,45,1.0,1365,1365,FRC3,1,False
2026-08-17 06:27:28,2026-08-16T23:27:28Z,Mon,6,Quang Trung - Đống Đa (Đoạn ngã 4),Phường Thanh Bình,16.073419,108.213994,2,105.5,27,36,0.75,395,296,FRC4,0.987706,False
2026-08-17 06:27:28,2026-08-16T23:27:28Z,Mon,6,Trưng Nữ Vương,Phường Hòa Thuận Tây,16.044318,108.206417,2,25.0,47,47,1.0,786,786,FRC4,1,False
2026-08-17 06:27:28,2026-08-16T23:27:28Z,Mon,6,Đ. Ngô Thì Nhậm,Phường Hòa Minh,16.071259,108.156865,2,40.0,40,40,1.0,194,194,FRC4,1,False
2026-08-17 06:27:28,2026-08-16T23:27:28Z,Mon,6,Ngô Tử Hạ,Phường Hòa An,16.043478,108.178278,2,55.0,44,51,0.863,1569,1354,FRC1,0.999422,False
2026-08-17 06:27:28,2026-08-16T23:27:28Z,Mon,6,"Kiệt 818 Trần Cao Vân, tổ 20 P.Thanh Khê",Phường Thanh Khê Đông,16.069731,108.184158,2,90.0,27,35,0.771,670,517,FRC4,0.983577,False
2026-08-17 06:27:28,2026-08-16T23:27:28Z,Mon,6,Hẻm 45 Đường An Mỹ 08 (Hem 45 Duong An M,Phường An Hải Tây,16.06394,108.23185,2,10.0,32,32,1.0,73,73,FRC3,1,False
2026-08-17 06:48:29,2026-08-16T23:48:29Z,Mon,6,15 Đường Quang Trung,Phường Hải Châu,16.075051,108.222198,5,12.0,24,34,0.706,754,532,FRC4,0.998127,False
2026-08-17 06:48:29,2026-08-16T23:48:29Z,Mon,6,Phần Lăng 1,Phường Hòa Cường Bắc,16.054171,108.188345,5,49.2,23,31,0.742,332,246,FRC4,0.8,False
2026-08-17 06:48:29,2026-08-16T23:48:29Z,Mon,6,24 Đường Trần Phú,Phường Thạch Thang,16.077081,108.223023,5,12.0,27,36,0.75,395,296,FRC4,0.99485,False
2026-08-17 06:48:29,2026-08-16T23:48:29Z,Mon,6,2 Đường Lý Thái Tổ (Duong Ly Thai To),Phường Thạc Gián,16.066432,108.209833,4,64.6,28,39,0.718,663,476,FRC1,0.993284,False
2026-08-17 06:48:29,2026-08-16T23:48:29Z,Mon,6,100 Đường Trần Phú,Phường Hải Châu 1,16.06907,108.22398,4,46.5,24,32,0.75,354,265,FRC4,0.99,False
2026-08-17 06:48:29,2026-08-16T23:48:29Z,Mon,6,Ngã tư Bắc Sơn – Trần Văn Ơn (Khu vực gi,Phường Hòa An,16.054638,108.176766,3,96.9,36,36,1.0,282,282,FRC4,1,False
2026-08-17 06:48:29,2026-08-16T23:48:29Z,Mon,6,40 Đường Trần Phú,Phường Hải Châu I,16.071757,108.224725,3,59.6,27,27,1.0,14,14,FRC4,1,False
2026-08-17 06:48:29,2026-08-16T23:48:29Z,Mon,6,Bàu Làng,Phường Thanh Khê Đông,16.070435,108.185778,3,49.0,24,34,0.706,754,532,FRC4,0.998127,False
2026-08-17 06:48:29,2026-08-16T23:48:29Z,Mon,6,Huỳnh Ngọc Huệ,Phường Hòa Khê,16.061159,108.185345,3,81.0,18,27,0.667,445,296,FRC4,0.908575,False
2026-08-17 06:48:29,2026-08-16T23:48:29Z,Mon,6,"Hàm Nghi, tổ 36 P.Vĩnh Trung (số 87 - 16",Phường Thạc Gián,16.061954,108.210494,2,93.1,32,41,0.78,2213,1727,FRC2,0.998049,False
2026-08-17 06:48:29,2026-08-16T23:48:29Z,Mon,6,Đường Bắc Sơn (Từ số nhà 02 đến số nhà 9,Phường Hòa An,16.059092,108.175051,2,105.7,34,47,0.723,1176,850,FRC1,1,False
2026-08-17 06:48:29,2026-08-16T23:48:29Z,Mon,6,Lê Thanh Nghị,Phường Hòa Cường Nam,16.035861,108.218057,2,19.2,27,36,0.75,216,162,FRC4,1,False
2026-08-17 06:48:29,2026-08-16T23:48:29Z,Mon,6,50 Đường Hoàng Hoa Thám,Phường Tam Thuận,16.069332,108.209716,2,45.0,24,38,0.632,406,256,FRC4,1,False
2026-08-17 06:48:29,2026-08-16T23:48:29Z,Mon,6,Đường Cầm Bá Thước (Toàn bộ tuyến đường),Phường Hòa Cường Bắc,16.042987,108.212774,2,52.0,37,46,0.804,999,803,FRC4,1,False
2026-08-17 06:48:29,2026-08-16T23:48:29Z,Mon,6,Hà Huy Tập,Phường Hòa Khê,16.05858,108.184255,2,64.0,23,31,0.742,332,246,FRC4,0.8,False
2026-08-17 06:48:29,2026-08-16T23:48:29Z,Mon,6,Kiệt 179 Nguyễn Văn Linh (Toàn bộ kiệt),Phường Nam Dương,16.060362,108.214005,2,65.0,32,41,0.78,2213,1727,FRC2,0.998049,False
2026-08-17 06:48:29,2026-08-16T23:48:29Z,Mon,6,67 Đường Tố Hữu,Phường Hòa Cường Nam,16.034478,108.219218,2,10.0,27,36,0.75,216,162,FRC4,1,False
2026-08-17 06:48:29,2026-08-16T23:48:29Z,Mon,6,Ngã tư Lê Thạch – Cao Sơn Pháo (Khu vực ,Phường Hòa Minh,16.057221,108.172134,2,53.3,34,47,0.723,1176,850,FRC1,1,False
2026-08-17 06:48:29,2026-08-16T23:48:29Z,Mon,6,Đường Hải Hồ,Phường Thanh Bình,16.081622,108.216037,2,36.7,28,35,0.8,320,256,FRC3,0.9968,False
2026-08-17 06:48:29,2026-08-16T23:48:29Z,Mon,6,Kiệt 640 Trưng Nữ Vương (Toàn bộ kiệt),Phường Hòa Cường Bắc,16.04386,108.207734,2,70.0,39,47,0.83,948,786,FRC4,1,False
2026-08-17 06:48:29,2026-08-16T23:48:29Z,Mon,6,20 Đường Lê Quý Đôn,Phường Bình Hiên,16.055828,108.22107,2,51.7,18,28,0.643,232,149,FRC4,0.928293,False
2026-08-17 06:48:29,2026-08-16T23:48:29Z,Mon,6,Đống Đa,Phường Thanh Bình,16.078364,108.216795,2,10.0,28,35,0.8,320,256,FRC3,0.9968,False
2026-08-17 06:48:29,2026-08-16T23:48:29Z,Mon,6,Quận Liên Chiểu,Phường Hòa Minh,16.06738,108.166799,2,55.0,27,41,0.659,303,199,FRC4,1,False
2026-08-17 06:48:29,2026-08-16T23:48:29Z,Mon,6,Núi Thành,Phường Hòa Cường Nam,16.036737,108.222882,2,17.5,25,33,0.758,351,266,FRC4,0.995831,False
2026-08-17 06:48:29,2026-08-16T23:48:29Z,Mon,6,"Ngã 3 Phạm Văn Nghị - Đào Duy Anh, phườn",Phường Thạc Gián,16.05869,108.209048,2,40.0,29,37,0.784,1540,1207,FRC4,1,False
2026-08-17 06:48:29,2026-08-16T23:48:29Z,Mon,6,Quận Sơn Trà,Phường Thọ Quang,16.104352,108.253997,2,26.5,45,45,1.0,1365,1365,FRC3,1,False
2026-08-17 06:48:29,2026-08-16T23:48:29Z,Mon,6,Quang Trung - Đống Đa (Đoạn ngã 4),Phường Thanh Bình,16.073419,108.213994,2,105.5,27,36,0.75,395,296,FRC4,0.99485,False
2026-08-17 06:48:29,2026-08-16T23:48:29Z,Mon,6,Trưng Nữ Vương,Phường Hòa Thuận Tây,16.044318,108.206417,2,25.0,39,47,0.83,948,786,FRC4,1,False
2026-08-17 06:48:29,2026-08-16T23:48:29Z,Mon,6,Đ. Ngô Thì Nhậm,Phường Hòa Minh,16.071259,108.156865,2,40.0,33,40,0.825,236,194,FRC4,1,False
2026-08-17 06:48:29,2026-08-16T23:48:29Z,Mon,6,Ngô Tử Hạ,Phường Hòa An,16.043478,108.178278,2,55.0,42,51,0.824,1644,1354,FRC1,1,False
2026-08-17 06:48:29,2026-08-16T23:48:29Z,Mon,6,"Kiệt 818 Trần Cao Vân, tổ 20 P.Thanh Khê",Phường Thanh Khê Đông,16.069731,108.184158,2,90.0,21,35,0.6,862,517,FRC4,1,False
2026-08-17 06:48:29,2026-08-16T23:48:29Z,Mon,6,Hẻm 45 Đường An Mỹ 08 (Hem 45 Duong An M,Phường An Hải Tây,16.06394,108.23185,2,10.0,32,32,1.0,73,73,FRC3,1,False
2026-08-17 08:48:22,2026-08-17T01:48:22Z,Mon,8,15 Đường Quang Trung,Phường Hải Châu,16.075051,108.222198,5,12.0,22,34,0.647,822,532,FRC4,0.998497,False
2026-08-17 08:48:22,2026-08-17T01:48:22Z,Mon,8,Phần Lăng 1,Phường Hòa Cường Bắc,16.054171,108.188345,5,49.2,22,30,0.733,347,255,FRC4,0.92307,False
2026-08-17 08:48:22,2026-08-17T01:48:22Z,Mon,8,24 Đường Trần Phú,Phường Thạch Thang,16.077081,108.223023,5,12.0,23,36,0.639,464,296,FRC4,1,False
2026-08-17 08:48:22,2026-08-17T01:48:22Z,Mon,8,2 Đường Lý Thái Tổ (Duong Ly Thai To),Phường Thạc Gián,16.066432,108.209833,4,64.6,21,38,0.553,884,488,FRC1,0.985953,False
2026-08-17 08:48:22,2026-08-17T01:48:22Z,Mon,8,100 Đường Trần Phú,Phường Hải Châu 1,16.06907,108.22398,4,46.5,19,32,0.594,447,265,FRC4,1,False
2026-08-17 08:48:22,2026-08-17T01:48:22Z,Mon,8,Ngã tư Bắc Sơn – Trần Văn Ơn (Khu vực gi,Phường Hòa An,16.054638,108.176766,3,96.9,20,35,0.571,509,290,FRC4,0.986783,False
2026-08-17 08:48:22,2026-08-17T01:48:22Z,Mon,8,40 Đường Trần Phú,Phường Hải Châu I,16.071757,108.224725,3,59.6,27,27,1.0,14,14,FRC4,1,False
2026-08-17 08:48:22,2026-08-17T01:48:22Z,Mon,8,Bàu Làng,Phường Thanh Khê Đông,16.070435,108.185778,3,49.0,22,34,0.647,822,532,FRC4,0.998497,False
2026-08-17 08:48:22,2026-08-17T01:48:22Z,Mon,8,Huỳnh Ngọc Huệ,Phường Hòa Khê,16.061159,108.185345,3,81.0,15,28,0.536,534,286,FRC4,0.974125,False
2026-08-17 08:48:22,2026-08-17T01:48:22Z,Mon,8,"Hàm Nghi, tổ 36 P.Vĩnh Trung (số 87 - 16",Phường Thạc Gián,16.061954,108.210494,2,93.1,30,41,0.732,2360,1727,FRC2,0.998186,False
2026-08-17 08:48:22,2026-08-17T01:48:22Z,Mon,8,Đường Bắc Sơn (Từ số nhà 02 đến số nhà 9,Phường Hòa An,16.059092,108.175051,2,105.7,30,46,0.652,1332,869,FRC1,1,False
2026-08-17 08:48:22,2026-08-17T01:48:22Z,Mon,8,Lê Thanh Nghị,Phường Hòa Cường Nam,16.035861,108.218057,2,19.2,22,37,0.595,265,157,FRC4,1,False
2026-08-17 08:48:22,2026-08-17T01:48:22Z,Mon,8,50 Đường Hoàng Hoa Thám,Phường Tam Thuận,16.069332,108.209716,2,45.0,20,37,0.541,487,263,FRC4,1,False
2026-08-17 08:48:22,2026-08-17T01:48:22Z,Mon,8,Đường Cầm Bá Thước (Toàn bộ tuyến đường),Phường Hòa Cường Bắc,16.042987,108.212774,2,52.0,33,47,0.702,1120,786,FRC4,1,False
2026-08-17 08:48:22,2026-08-17T01:48:22Z,Mon,8,Hà Huy Tập,Phường Hòa Khê,16.05858,108.184255,2,64.0,22,30,0.733,347,255,FRC4,0.92307,False
2026-08-17 08:48:22,2026-08-17T01:48:22Z,Mon,8,Kiệt 179 Nguyễn Văn Linh (Toàn bộ kiệt),Phường Nam Dương,16.060362,108.214005,2,65.0,30,41,0.732,2360,1727,FRC2,0.998186,False
2026-08-17 08:48:22,2026-08-17T01:48:22Z,Mon,8,67 Đường Tố Hữu,Phường Hòa Cường Nam,16.034478,108.219218,2,10.0,22,37,0.595,265,157,FRC4,1,False
2026-08-17 08:48:22,2026-08-17T01:48:22Z,Mon,8,Ngã tư Lê Thạch – Cao Sơn Pháo (Khu vực ,Phường Hòa Minh,16.057221,108.172134,2,53.3,30,46,0.652,1332,869,FRC1,1,False
2026-08-17 08:48:22,2026-08-17T01:48:22Z,Mon,8,Đường Hải Hồ,Phường Thanh Bình,16.081622,108.216037,2,36.7,26,35,0.743,345,256,FRC3,1,False
2026-08-17 08:48:22,2026-08-17T01:48:22Z,Mon,8,Kiệt 640 Trưng Nữ Vương (Toàn bộ kiệt),Phường Hòa Cường Bắc,16.04386,108.207734,2,70.0,35,46,0.761,1056,803,FRC4,1,False
2026-08-17 08:48:22,2026-08-17T01:48:22Z,Mon,8,20 Đường Lê Quý Đôn,Phường Bình Hiên,16.055828,108.22107,2,51.7,18,29,0.621,232,144,FRC4,0.836246,False
2026-08-17 08:48:22,2026-08-17T01:48:22Z,Mon,8,Đống Đa,Phường Thanh Bình,16.078364,108.216795,2,10.0,26,35,0.743,345,256,FRC3,1,False
2026-08-17 08:48:22,2026-08-17T01:48:22Z,Mon,8,Quận Liên Chiểu,Phường Hòa Minh,16.06738,108.166799,2,55.0,31,40,0.775,263,204,FRC4,1,False
2026-08-17 08:48:22,2026-08-17T01:48:22Z,Mon,8,Núi Thành,Phường Hòa Cường Nam,16.036737,108.222882,2,17.5,24,33,0.727,366,266,FRC4,1,False
2026-08-17 08:48:22,2026-08-17T01:48:22Z,Mon,8,"Ngã 3 Phạm Văn Nghị - Đào Duy Anh, phườn",Phường Thạc Gián,16.05869,108.209048,2,40.0,26,38,0.684,1718,1175,FRC4,1,False
2026-08-17 08:48:22,2026-08-17T01:48:22Z,Mon,8,Quận Sơn Trà,Phường Thọ Quang,16.104352,108.253997,2,26.5,39,45,0.867,1575,1365,FRC3,1,False
2026-08-17 08:48:22,2026-08-17T01:48:22Z,Mon,8,Quang Trung - Đống Đa (Đoạn ngã 4),Phường Thanh Bình,16.073419,108.213994,2,105.5,25,37,0.676,426,288,FRC4,1,False
2026-08-17 08:48:22,2026-08-17T01:48:22Z,Mon,8,Trưng Nữ Vương,Phường Hòa Thuận Tây,16.044318,108.206417,2,25.0,35,46,0.761,1056,803,FRC4,1,False
2026-08-17 08:48:22,2026-08-17T01:48:22Z,Mon,8,Đ. Ngô Thì Nhậm,Phường Hòa Minh,16.071259,108.156865,2,40.0,29,39,0.744,268,199,FRC4,1,False
2026-08-17 08:48:22,2026-08-17T01:48:22Z,Mon,8,Ngô Tử Hạ,Phường Hòa An,16.043478,108.178278,2,55.0,40,51,0.784,1726,1354,FRC1,1,False
2026-08-17 08:48:22,2026-08-17T01:48:22Z,Mon,8,"Kiệt 818 Trần Cao Vân, tổ 20 P.Thanh Khê",Phường Thanh Khê Đông,16.069731,108.184158,2,90.0,23,34,0.676,787,532,FRC4,1,False
2026-08-17 08:48:22,2026-08-17T01:48:22Z,Mon,8,Hẻm 45 Đường An Mỹ 08 (Hem 45 Duong An M,Phường An Hải Tây,16.06394,108.23185,2,10.0,32,32,1.0,73,73,FRC3,1,False
2026-08-17 10:07:42,2026-08-17T03:07:42Z,Mon,10,15 Đường Quang Trung,Phường Hải Châu,16.075051,108.222198,5,12.0,22,34,0.647,822,532,FRC4,1,False
2026-08-17 10:07:42,2026-08-17T03:07:42Z,Mon,10,Phần Lăng 1,Phường Hòa Cường Bắc,16.054171,108.188345,5,49.2,31,31,1.0,246,246,FRC4,1,False
2026-08-17 10:07:42,2026-08-17T03:07:42Z,Mon,10,24 Đường Trần Phú,Phường Thạch Thang,16.077081,108.223023,5,12.0,24,37,0.649,444,288,FRC4,1,False
2026-08-17 10:07:42,2026-08-17T03:07:42Z,Mon,10,2 Đường Lý Thái Tổ (Duong Ly Thai To),Phường Thạc Gián,16.066432,108.209833,4,64.6,22,39,0.564,844,476,FRC1,0.992219,False
2026-08-17 10:07:42,2026-08-17T03:07:42Z,Mon,10,100 Đường Trần Phú,Phường Hải Châu 1,16.06907,108.22398,4,46.5,19,33,0.576,447,257,FRC4,1,False
2026-08-17 10:07:42,2026-08-17T03:07:42Z,Mon,10,Ngã tư Bắc Sơn – Trần Văn Ơn (Khu vực gi,Phường Hòa An,16.054638,108.176766,3,96.9,28,34,0.824,363,299,FRC4,0.982173,False
2026-08-17 10:07:42,2026-08-17T03:07:42Z,Mon,10,40 Đường Trần Phú,Phường Hải Châu I,16.071757,108.224725,3,59.6,27,27,1.0,14,14,FRC4,1,False
2026-08-17 10:07:42,2026-08-17T03:07:42Z,Mon,10,Bàu Làng,Phường Thanh Khê Đông,16.070435,108.185778,3,49.0,22,34,0.647,822,532,FRC4,1,False
2026-08-17 10:07:42,2026-08-17T03:07:42Z,Mon,10,Huỳnh Ngọc Huệ,Phường Hòa Khê,16.061159,108.185345,3,81.0,16,27,0.593,501,296,FRC4,0.933305,False
2026-08-17 10:07:42,2026-08-17T03:07:42Z,Mon,10,"Hàm Nghi, tổ 36 P.Vĩnh Trung (số 87 - 16",Phường Thạc Gián,16.061954,108.210494,2,93.1,32,41,0.78,2213,1727,FRC2,1,False
2026-08-17 10:07:42,2026-08-17T03:07:42Z,Mon,10,Đường Bắc Sơn (Từ số nhà 02 đến số nhà 9,Phường Hòa An,16.059092,108.175051,2,105.7,29,46,0.63,1378,869,FRC1,1,False
2026-08-17 10:07:42,2026-08-17T03:07:42Z,Mon,10,Lê Thanh Nghị,Phường Hòa Cường Nam,16.035861,108.218057,2,19.2,25,36,0.694,233,162,FRC4,1,False
2026-08-17 10:07:42,2026-08-17T03:07:42Z,Mon,10,50 Đường Hoàng Hoa Thám,Phường Tam Thuận,16.069332,108.209716,2,45.0,20,37,0.541,487,263,FRC4,1,False
2026-08-17 10:07:42,2026-08-17T03:07:42Z,Mon,10,Đường Cầm Bá Thước (Toàn bộ tuyến đường),Phường Hòa Cường Bắc,16.042987,108.212774,2,52.0,37,47,0.787,999,786,FRC4,1,False
2026-08-17 10:07:42,2026-08-17T03:07:42Z,Mon,10,Hà Huy Tập,Phường Hòa Khê,16.05858,108.184255,2,64.0,31,31,1.0,246,246,FRC4,1,False
2026-08-17 10:07:42,2026-08-17T03:07:42Z,Mon,10,Kiệt 179 Nguyễn Văn Linh (Toàn bộ kiệt),Phường Nam Dương,16.060362,108.214005,2,65.0,32,41,0.78,2213,1727,FRC2,1,False
2026-08-17 10:07:42,2026-08-17T03:07:42Z,Mon,10,67 Đường Tố Hữu,Phường Hòa Cường Nam,16.034478,108.219218,2,10.0,25,36,0.694,233,162,FRC4,1,False
2026-08-17 10:07:42,2026-08-17T03:07:42Z,Mon,10,Ngã tư Lê Thạch – Cao Sơn Pháo (Khu vực ,Phường Hòa Minh,16.057221,108.172134,2,53.3,29,46,0.63,1378,869,FRC1,1,False
2026-08-17 10:07:42,2026-08-17T03:07:42Z,Mon,10,Đường Hải Hồ,Phường Thanh Bình,16.081622,108.216037,2,36.7,24,35,0.686,374,256,FRC3,1,False
2026-08-17 10:07:42,2026-08-17T03:07:42Z,Mon,10,Kiệt 640 Trưng Nữ Vương (Toàn bộ kiệt),Phường Hòa Cường Bắc,16.04386,108.207734,2,70.0,37,47,0.787,999,786,FRC4,1,False
2026-08-17 10:07:42,2026-08-17T03:07:42Z,Mon,10,20 Đường Lê Quý Đôn,Phường Bình Hiên,16.055828,108.22107,2,51.7,18,29,0.621,232,144,FRC4,0.94,False
2026-08-17 10:07:42,2026-08-17T03:07:42Z,Mon,10,Đống Đa,Phường Thanh Bình,16.078364,108.216795,2,10.0,24,35,0.686,374,256,FRC3,1,False
2026-08-17 10:07:42,2026-08-17T03:07:42Z,Mon,10,Quận Liên Chiểu,Phường Hòa Minh,16.06738,108.166799,2,55.0,32,40,0.8,255,204,FRC4,1,False
2026-08-17 10:07:42,2026-08-17T03:07:42Z,Mon,10,Núi Thành,Phường Hòa Cường Nam,16.036737,108.222882,2,17.5,25,33,0.758,351,266,FRC4,1,False
2026-08-17 10:07:42,2026-08-17T03:07:42Z,Mon,10,"Ngã 3 Phạm Văn Nghị - Đào Duy Anh, phườn",Phường Thạc Gián,16.05869,108.209048,2,40.0,28,37,0.757,1595,1207,FRC4,1,False
2026-08-17 10:07:42,2026-08-17T03:07:42Z,Mon,10,Quận Sơn Trà,Phường Thọ Quang,16.104352,108.253997,2,26.5,45,45,1.0,1365,1365,FRC3,1,False
2026-08-17 10:07:42,2026-08-17T03:07:42Z,Mon,10,Quang Trung - Đống Đa (Đoạn ngã 4),Phường Thanh Bình,16.073419,108.213994,2,105.5,24,37,0.649,444,288,FRC4,1,False
2026-08-17 10:07:42,2026-08-17T03:07:42Z,Mon,10,Trưng Nữ Vương,Phường Hòa Thuận Tây,16.044318,108.206417,2,25.0,37,47,0.787,999,786,FRC4,1,False
2026-08-17 10:07:42,2026-08-17T03:07:42Z,Mon,10,Đ. Ngô Thì Nhậm,Phường Hòa Minh,16.071259,108.156865,2,40.0,31,40,0.775,251,194,FRC4,1,False
2026-08-17 10:07:42,2026-08-17T03:07:42Z,Mon,10,Ngô Tử Hạ,Phường Hòa An,16.043478,108.178278,2,55.0,41,51,0.804,1684,1354,FRC1,1,False
2026-08-17 10:07:42,2026-08-17T03:07:42Z,Mon,10,"Kiệt 818 Trần Cao Vân, tổ 20 P.Thanh Khê",Phường Thanh Khê Đông,16.069731,108.184158,2,90.0,23,35,0.657,787,517,FRC4,1,False
2026-08-17 10:07:42,2026-08-17T03:07:42Z,Mon,10,Hẻm 45 Đường An Mỹ 08 (Hem 45 Duong An M,Phường An Hải Tây,16.06394,108.23185,2,10.0,23,33,0.697,102,71,FRC3,0.976058,False
2026-08-17 11:20:55,2026-08-17T04:20:55Z,Mon,11,15 Đường Quang Trung,Phường Hải Châu,16.075051,108.222198,5,12.0,22,34,0.647,822,532,FRC4,0.999642,False
2026-08-17 11:20:55,2026-08-17T04:20:55Z,Mon,11,Phần Lăng 1,Phường Hòa Cường Bắc,16.054171,108.188345,5,49.2,24,30,0.8,318,255,FRC4,0.847722,False
2026-08-17 11:20:55,2026-08-17T04:20:55Z,Mon,11,24 Đường Trần Phú,Phường Thạch Thang,16.077081,108.223023,5,12.0,27,36,0.75,395,296,FRC4,1,False
2026-08-17 11:20:55,2026-08-17T04:20:55Z,Mon,11,2 Đường Lý Thái Tổ (Duong Ly Thai To),Phường Thạc Gián,16.066432,108.209833,4,64.6,24,38,0.632,774,488,FRC1,0.998047,False
2026-08-17 11:20:55,2026-08-17T04:20:55Z,Mon,11,100 Đường Trần Phú,Phường Hải Châu 1,16.06907,108.22398,4,46.5,19,33,0.576,447,257,FRC4,1,False
2026-08-17 11:20:55,2026-08-17T04:20:55Z,Mon,11,Ngã tư Bắc Sơn – Trần Văn Ơn (Khu vực gi,Phường Hòa An,16.054638,108.176766,3,96.9,22,34,0.647,462,299,FRC4,0.983413,False
2026-08-17 11:20:55,2026-08-17T04:20:55Z,Mon,11,40 Đường Trần Phú,Phường Hải Châu I,16.071757,108.224725,3,59.6,21,27,0.778,18,14,FRC4,0.93,False
2026-08-17 11:20:55,2026-08-17T04:20:55Z,Mon,11,Bàu Làng,Phường Thanh Khê Đông,16.070435,108.185778,3,49.0,22,34,0.647,822,532,FRC4,0.999642,False
2026-08-17 11:20:55,2026-08-17T04:20:55Z,Mon,11,Huỳnh Ngọc Huệ,Phường Hòa Khê,16.061159,108.185345,3,81.0,18,27,0.667,445,296,FRC4,0.905709,False
2026-08-17 11:20:55,2026-08-17T04:20:55Z,Mon,11,"Hàm Nghi, tổ 36 P.Vĩnh Trung (số 87 - 16",Phường Thạc Gián,16.061954,108.210494,2,93.1,30,41,0.732,2360,1727,FRC2,0.995051,False
2026-08-17 11:20:55,2026-08-17T04:20:55Z,Mon,11,Đường Bắc Sơn (Từ số nhà 02 đến số nhà 9,Phường Hòa An,16.059092,108.175051,2,105.7,31,46,0.674,1289,869,FRC1,1,False
2026-08-17 11:20:55,2026-08-17T04:20:55Z,Mon,11,Lê Thanh Nghị,Phường Hòa Cường Nam,16.035861,108.218057,2,19.2,23,37,0.622,253,157,FRC4,1,False
2026-08-17 11:20:55,2026-08-17T04:20:55Z,Mon,11,50 Đường Hoàng Hoa Thám,Phường Tam Thuận,16.069332,108.209716,2,45.0,22,37,0.595,443,263,FRC4,1,False
2026-08-17 11:20:55,2026-08-17T04:20:55Z,Mon,11,Đường Cầm Bá Thước (Toàn bộ tuyến đường),Phường Hòa Cường Bắc,16.042987,108.212774,2,52.0,36,46,0.783,1027,803,FRC4,1,False
2026-08-17 11:20:55,2026-08-17T04:20:55Z,Mon,11,Hà Huy Tập,Phường Hòa Khê,16.05858,108.184255,2,64.0,24,30,0.8,318,255,FRC4,0.847722,False
2026-08-17 11:20:55,2026-08-17T04:20:55Z,Mon,11,Kiệt 179 Nguyễn Văn Linh (Toàn bộ kiệt),Phường Nam Dương,16.060362,108.214005,2,65.0,30,41,0.732,2360,1727,FRC2,0.995051,False
2026-08-17 11:20:55,2026-08-17T04:20:55Z,Mon,11,67 Đường Tố Hữu,Phường Hòa Cường Nam,16.034478,108.219218,2,10.0,23,37,0.622,253,157,FRC4,1,False
2026-08-17 11:20:55,2026-08-17T04:20:55Z,Mon,11,Ngã tư Lê Thạch – Cao Sơn Pháo (Khu vực ,Phường Hòa Minh,16.057221,108.172134,2,53.3,31,46,0.674,1289,869,FRC1,1,False
2026-08-17 11:20:55,2026-08-17T04:20:55Z,Mon,11,Đường Hải Hồ,Phường Thanh Bình,16.081622,108.216037,2,36.7,27,35,0.771,332,256,FRC3,1,False
2026-08-17 11:20:55,2026-08-17T04:20:55Z,Mon,11,Kiệt 640 Trưng Nữ Vương (Toàn bộ kiệt),Phường Hòa Cường Bắc,16.04386,108.207734,2,70.0,37,47,0.787,999,786,FRC4,1,False
2026-08-17 11:20:55,2026-08-17T04:20:55Z,Mon,11,20 Đường Lê Quý Đôn,Phường Bình Hiên,16.055828,108.22107,2,51.7,17,29,0.586,246,144,FRC4,0.842905,False
2026-08-17 11:20:55,2026-08-17T04:20:55Z,Mon,11,Đống Đa,Phường Thanh Bình,16.078364,108.216795,2,10.0,27,35,0.771,332,256,FRC3,1,False
2026-08-17 11:20:55,2026-08-17T04:20:55Z,Mon,11,Quận Liên Chiểu,Phường Hòa Minh,16.06738,108.166799,2,55.0,32,40,0.8,255,204,FRC4,1,False
2026-08-17 11:20:55,2026-08-17T04:20:55Z,Mon,11,Núi Thành,Phường Hòa Cường Nam,16.036737,108.222882,2,17.5,20,33,0.606,439,266,FRC4,1,False
2026-08-17 11:20:55,2026-08-17T04:20:55Z,Mon,11,"Ngã 3 Phạm Văn Nghị - Đào Duy Anh, phườn",Phường Thạc Gián,16.05869,108.209048,2,40.0,27,38,0.711,1654,1175,FRC4,1,False
2026-08-17 11:20:55,2026-08-17T04:20:55Z,Mon,11,Quận Sơn Trà,Phường Thọ Quang,16.104352,108.253997,2,26.5,45,45,1.0,1365,1365,FRC3,1,False
2026-08-17 11:20:55,2026-08-17T04:20:55Z,Mon,11,Quang Trung - Đống Đa (Đoạn ngã 4),Phường Thanh Bình,16.073419,108.213994,2,105.5,27,36,0.75,395,296,FRC4,1,False
2026-08-17 11:20:55,2026-08-17T04:20:55Z,Mon,11,Trưng Nữ Vương,Phường Hòa Thuận Tây,16.044318,108.206417,2,25.0,37,47,0.787,999,786,FRC4,1,False
2026-08-17 11:20:55,2026-08-17T04:20:55Z,Mon,11,Đ. Ngô Thì Nhậm,Phường Hòa Minh,16.071259,108.156865,2,40.0,29,40,0.725,268,194,FRC4,1,False
2026-08-17 11:20:55,2026-08-17T04:20:55Z,Mon,11,Ngô Tử Hạ,Phường Hòa An,16.043478,108.178278,2,55.0,41,51,0.804,1684,1354,FRC1,1,False
2026-08-17 11:20:55,2026-08-17T04:20:55Z,Mon,11,"Kiệt 818 Trần Cao Vân, tổ 20 P.Thanh Khê",Phường Thanh Khê Đông,16.069731,108.184158,2,90.0,23,34,0.676,787,532,FRC4,1,False
2026-08-17 11:20:55,2026-08-17T04:20:55Z,Mon,11,Hẻm 45 Đường An Mỹ 08 (Hem 45 Duong An M,Phường An Hải Tây,16.06394,108.23185,2,10.0,32,32,1.0,73,73,FRC3,1,False
2026-08-17 12:11:21,2026-08-17T05:11:21Z,Mon,12,15 Đường Quang Trung,Phường Hải Châu,16.075051,108.222198,5,12.0,25,34,0.735,724,532,FRC4,0.998654,False
2026-08-17 12:11:21,2026-08-17T05:11:21Z,Mon,12,Phần Lăng 1,Phường Hòa Cường Bắc,16.054171,108.188345,5,49.2,31,31,1.0,246,246,FRC4,1,False
2026-08-17 12:11:21,2026-08-17T05:11:21Z,Mon,12,24 Đường Trần Phú,Phường Thạch Thang,16.077081,108.223023,5,12.0,29,37,0.784,368,288,FRC4,1,False
2026-08-17 12:11:21,2026-08-17T05:11:21Z,Mon,12,2 Đường Lý Thái Tổ (Duong Ly Thai To),Phường Thạc Gián,16.066432,108.209833,4,64.6,25,39,0.641,743,476,FRC1,0.990275,False
2026-08-17 12:11:21,2026-08-17T05:11:21Z,Mon,12,100 Đường Trần Phú,Phường Hải Châu 1,16.06907,108.22398,4,46.5,17,33,0.515,500,257,FRC4,1,False
2026-08-17 12:11:21,2026-08-17T05:11:21Z,Mon,12,Ngã tư Bắc Sơn – Trần Văn Ơn (Khu vực gi,Phường Hòa An,16.054638,108.176766,3,96.9,27,35,0.771,377,290,FRC4,0.974055,False
2026-08-17 12:11:21,2026-08-17T05:11:21Z,Mon,12,40 Đường Trần Phú,Phường Hải Châu I,16.071757,108.224725,3,59.6,27,27,1.0,14,14,FRC4,1,False
2026-08-17 12:11:21,2026-08-17T05:11:21Z,Mon,12,Bàu Làng,Phường Thanh Khê Đông,16.070435,108.185778,3,49.0,25,34,0.735,724,532,FRC4,0.998654,False
2026-08-17 12:11:21,2026-08-17T05:11:21Z,Mon,12,Huỳnh Ngọc Huệ,Phường Hòa Khê,16.061159,108.185345,3,81.0,22,27,0.815,364,296,FRC4,0.921854,False
2026-08-17 12:11:21,2026-08-17T05:11:21Z,Mon,12,"Hàm Nghi, tổ 36 P.Vĩnh Trung (số 87 - 16",Phường Thạc Gián,16.061954,108.210494,2,93.1,32,40,0.8,2213,1770,FRC2,0.99865,False
2026-08-17 12:11:21,2026-08-17T05:11:21Z,Mon,12,Đường Bắc Sơn (Từ số nhà 02 đến số nhà 9,Phường Hòa An,16.059092,108.175051,2,105.7,32,46,0.696,1249,869,FRC1,1,False
2026-08-17 12:11:21,2026-08-17T05:11:21Z,Mon,12,Lê Thanh Nghị,Phường Hòa Cường Nam,16.035861,108.218057,2,19.2,25,37,0.676,233,157,FRC4,1,False
2026-08-17 12:11:21,2026-08-17T05:11:21Z,Mon,12,50 Đường Hoàng Hoa Thám,Phường Tam Thuận,16.069332,108.209716,2,45.0,22,38,0.579,443,256,FRC4,1,False
2026-08-17 12:11:21,2026-08-17T05:11:21Z,Mon,12,Đường Cầm Bá Thước (Toàn bộ tuyến đường),Phường Hòa Cường Bắc,16.042987,108.212774,2,52.0,38,46,0.826,973,803,FRC4,1,False
2026-08-17 12:11:21,2026-08-17T05:11:21Z,Mon,12,Hà Huy Tập,Phường Hòa Khê,16.05858,108.184255,2,64.0,31,31,1.0,246,246,FRC4,1,False
2026-08-17 12:11:21,2026-08-17T05:11:21Z,Mon,12,Kiệt 179 Nguyễn Văn Linh (Toàn bộ kiệt),Phường Nam Dương,16.060362,108.214005,2,65.0,32,41,0.78,2213,1727,FRC2,0.99865,False
2026-08-17 12:11:21,2026-08-17T05:11:21Z,Mon,12,67 Đường Tố Hữu,Phường Hòa Cường Nam,16.034478,108.219218,2,10.0,25,37,0.676,233,157,FRC4,1,False
2026-08-17 12:11:21,2026-08-17T05:11:21Z,Mon,12,Ngã tư Lê Thạch – Cao Sơn Pháo (Khu vực ,Phường Hòa Minh,16.057221,108.172134,2,53.3,32,46,0.696,1249,869,FRC1,1,False
2026-08-17 12:11:21,2026-08-17T05:11:21Z,Mon,12,Đường Hải Hồ,Phường Thanh Bình,16.081622,108.216037,2,36.7,28,35,0.8,320,256,FRC3,1,False
2026-08-17 12:11:21,2026-08-17T05:11:21Z,Mon,12,Kiệt 640 Trưng Nữ Vương (Toàn bộ kiệt),Phường Hòa Cường Bắc,16.04386,108.207734,2,70.0,39,47,0.83,948,786,FRC4,1,False
2026-08-17 12:11:21,2026-08-17T05:11:21Z,Mon,12,20 Đường Lê Quý Đôn,Phường Bình Hiên,16.055828,108.22107,2,51.7,19,29,0.655,220,144,FRC4,0.89,False
2026-08-17 12:11:21,2026-08-17T05:11:21Z,Mon,12,Đống Đa,Phường Thanh Bình,16.078364,108.216795,2,10.0,28,35,0.8,320,256,FRC3,1,False
2026-08-17 12:11:21,2026-08-17T05:11:21Z,Mon,12,Quận Liên Chiểu,Phường Hòa Minh,16.06738,108.166799,2,55.0,35,40,0.875,233,204,FRC4,1,False
2026-08-17 12:11:21,2026-08-17T05:11:21Z,Mon,12,Núi Thành,Phường Hòa Cường Nam,16.036737,108.222882,2,17.5,26,33,0.788,338,266,FRC4,1,False
2026-08-17 12:11:21,2026-08-17T05:11:21Z,Mon,12,"Ngã 3 Phạm Văn Nghị - Đào Duy Anh, phườn",Phường Thạc Gián,16.05869,108.209048,2,40.0,28,38,0.737,1595,1175,FRC4,1,False
2026-08-17 12:11:21,2026-08-17T05:11:21Z,Mon,12,Quận Sơn Trà,Phường Thọ Quang,16.104352,108.253997,2,26.5,45,45,1.0,1365,1365,FRC3,1,False
2026-08-17 12:11:21,2026-08-17T05:11:21Z,Mon,12,Quang Trung - Đống Đa (Đoạn ngã 4),Phường Thanh Bình,16.073419,108.213994,2,105.5,29,36,0.806,368,296,FRC4,1,False
2026-08-17 12:11:21,2026-08-17T05:11:21Z,Mon,12,Trưng Nữ Vương,Phường Hòa Thuận Tây,16.044318,108.206417,2,25.0,39,47,0.83,948,786,FRC4,1,False
2026-08-17 12:11:21,2026-08-17T05:11:21Z,Mon,12,Đ. Ngô Thì Nhậm,Phường Hòa Minh,16.071259,108.156865,2,40.0,29,40,0.725,268,194,FRC4,1,False
2026-08-17 12:11:21,2026-08-17T05:11:21Z,Mon,12,Ngô Tử Hạ,Phường Hòa An,16.043478,108.178278,2,55.0,44,51,0.863,1569,1354,FRC1,1,False
2026-08-17 12:11:21,2026-08-17T05:11:21Z,Mon,12,"Kiệt 818 Trần Cao Vân, tổ 20 P.Thanh Khê",Phường Thanh Khê Đông,16.069731,108.184158,2,90.0,26,35,0.743,696,517,FRC4,1,False
2026-08-17 12:11:21,2026-08-17T05:11:21Z,Mon,12,Hẻm 45 Đường An Mỹ 08 (Hem 45 Duong An M,Phường An Hải Tây,16.06394,108.23185,2,10.0,32,32,1.0,73,73,FRC3,1,False
2026-08-17 13:02:25,2026-08-17T06:02:25Z,Mon,13,15 Đường Quang Trung,Phường Hải Châu,16.075051,108.222198,5,12.0,26,33,0.788,696,548,FRC4,1,False
2026-08-17 13:02:25,2026-08-17T06:02:25Z,Mon,13,Phần Lăng 1,Phường Hòa Cường Bắc,16.054171,108.188345,5,49.2,22,30,0.733,347,255,FRC4,0.916953,False
2026-08-17 13:02:25,2026-08-17T06:02:25Z,Mon,13,24 Đường Trần Phú,Phường Thạch Thang,16.077081,108.223023,5,12.0,28,35,0.8,381,304,FRC4,1,False
2026-08-17 13:02:25,2026-08-17T06:02:25Z,Mon,13,2 Đường Lý Thái Tổ (Duong Ly Thai To),Phường Thạc Gián,16.066432,108.209833,4,64.6,27,38,0.711,688,488,FRC1,0.992362,False
2026-08-17 13:02:25,2026-08-17T06:02:25Z,Mon,13,100 Đường Trần Phú,Phường Hải Châu 1,16.06907,108.22398,4,46.5,20,31,0.645,425,274,FRC4,0.999081,False
2026-08-17 13:02:25,2026-08-17T06:02:25Z,Mon,13,Ngã tư Bắc Sơn – Trần Văn Ơn (Khu vực gi,Phường Hòa An,16.054638,108.176766,3,96.9,36,36,1.0,282,282,FRC4,1,False
2026-08-17 13:02:25,2026-08-17T06:02:25Z,Mon,13,40 Đường Trần Phú,Phường Hải Châu I,16.071757,108.224725,3,59.6,13,27,0.481,29,14,FRC4,0.96,False
2026-08-17 13:02:25,2026-08-17T06:02:25Z,Mon,13,Bàu Làng,Phường Thanh Khê Đông,16.070435,108.185778,3,49.0,26,33,0.788,696,548,FRC4,1,False
2026-08-17 13:02:25,2026-08-17T06:02:25Z,Mon,13,Huỳnh Ngọc Huệ,Phường Hòa Khê,16.061159,108.185345,3,81.0,23,27,0.852,348,296,FRC4,0.881536,False
2026-08-17 13:02:25,2026-08-17T06:02:25Z,Mon,13,"Hàm Nghi, tổ 36 P.Vĩnh Trung (số 87 - 16",Phường Thạc Gián,16.061954,108.210494,2,93.1,34,41,0.829,2082,1727,FRC2,0.997659,False
2026-08-17 13:02:25,2026-08-17T06:02:25Z,Mon,13,Đường Bắc Sơn (Từ số nhà 02 đến số nhà 9,Phường Hòa An,16.059092,108.175051,2,105.7,34,46,0.739,1176,869,FRC1,1,False
2026-08-17 13:02:25,2026-08-17T06:02:25Z,Mon,13,Lê Thanh Nghị,Phường Hòa Cường Nam,16.035861,108.218057,2,19.2,27,37,0.73,216,157,FRC4,1,False
2026-08-17 13:02:25,2026-08-17T06:02:25Z,Mon,13,50 Đường Hoàng Hoa Thám,Phường Tam Thuận,16.069332,108.209716,2,45.0,25,36,0.694,390,271,FRC4,1,False
2026-08-17 13:02:25,2026-08-17T06:02:25Z,Mon,13,Đường Cầm Bá Thước (Toàn bộ tuyến đường),Phường Hòa Cường Bắc,16.042987,108.212774,2,52.0,47,47,1.0,786,786,FRC4,1,False
2026-08-17 13:02:25,2026-08-17T06:02:25Z,Mon,13,Hà Huy Tập,Phường Hòa Khê,16.05858,108.184255,2,64.0,22,30,0.733,347,255,FRC4,0.916953,False
2026-08-17 13:02:25,2026-08-17T06:02:25Z,Mon,13,Kiệt 179 Nguyễn Văn Linh (Toàn bộ kiệt),Phường Nam Dương,16.060362,108.214005,2,65.0,34,41,0.829,2082,1727,FRC2,0.997659,False
2026-08-17 13:02:25,2026-08-17T06:02:25Z,Mon,13,67 Đường Tố Hữu,Phường Hòa Cường Nam,16.034478,108.219218,2,10.0,27,37,0.73,216,157,FRC4,1,False
2026-08-17 13:02:25,2026-08-17T06:02:25Z,Mon,13,Ngã tư Lê Thạch – Cao Sơn Pháo (Khu vực ,Phường Hòa Minh,16.057221,108.172134,2,53.3,34,46,0.739,1176,869,FRC1,1,False
2026-08-17 13:02:25,2026-08-17T06:02:25Z,Mon,13,Đường Hải Hồ,Phường Thanh Bình,16.081622,108.216037,2,36.7,30,35,0.857,299,256,FRC3,1,False
2026-08-17 13:02:25,2026-08-17T06:02:25Z,Mon,13,Kiệt 640 Trưng Nữ Vương (Toàn bộ kiệt),Phường Hòa Cường Bắc,16.04386,108.207734,2,70.0,39,47,0.83,948,786,FRC4,1,False
2026-08-17 13:02:25,2026-08-17T06:02:25Z,Mon,13,20 Đường Lê Quý Đôn,Phường Bình Hiên,16.055828,108.22107,2,51.7,20,29,0.69,209,144,FRC4,0.8,False
2026-08-17 13:02:25,2026-08-17T06:02:25Z,Mon,13,Đống Đa,Phường Thanh Bình,16.078364,108.216795,2,10.0,30,35,0.857,299,256,FRC3,1,False
2026-08-17 13:02:25,2026-08-17T06:02:25Z,Mon,13,Quận Liên Chiểu,Phường Hòa Minh,16.06738,108.166799,2,55.0,34,41,0.829,240,199,FRC4,1,False
2026-08-17 13:02:25,2026-08-17T06:02:25Z,Mon,13,Núi Thành,Phường Hòa Cường Nam,16.036737,108.222882,2,17.5,24,33,0.727,366,266,FRC4,1,False
2026-08-17 13:02:25,2026-08-17T06:02:25Z,Mon,13,"Ngã 3 Phạm Văn Nghị - Đào Duy Anh, phườn",Phường Thạc Gián,16.05869,108.209048,2,40.0,28,37,0.757,1595,1207,FRC4,1,False
2026-08-17 13:02:25,2026-08-17T06:02:25Z,Mon,13,Quận Sơn Trà,Phường Thọ Quang,16.104352,108.253997,2,26.5,45,45,1.0,1365,1365,FRC3,1,False
2026-08-17 13:02:25,2026-08-17T06:02:25Z,Mon,13,Quang Trung - Đống Đa (Đoạn ngã 4),Phường Thanh Bình,16.073419,108.213994,2,105.5,28,35,0.8,381,304,FRC4,1,False
2026-08-17 13:02:25,2026-08-17T06:02:25Z,Mon,13,Trưng Nữ Vương,Phường Hòa Thuận Tây,16.044318,108.206417,2,25.0,39,47,0.83,948,786,FRC4,1,False
2026-08-17 13:02:25,2026-08-17T06:02:25Z,Mon,13,Đ. Ngô Thì Nhậm,Phường Hòa Minh,16.071259,108.156865,2,40.0,40,40,1.0,194,194,FRC4,1,False
2026-08-17 13:02:25,2026-08-17T06:02:25Z,Mon,13,Ngô Tử Hạ,Phường Hòa An,16.043478,108.178278,2,55.0,44,51,0.863,1569,1354,FRC1,1,False
2026-08-17 13:02:25,2026-08-17T06:02:25Z,Mon,13,"Kiệt 818 Trần Cao Vân, tổ 20 P.Thanh Khê",Phường Thanh Khê Đông,16.069731,108.184158,2,90.0,26,35,0.743,696,517,FRC4,1,False
2026-08-17 13:02:25,2026-08-17T06:02:25Z,Mon,13,Hẻm 45 Đường An Mỹ 08 (Hem 45 Duong An M,Phường An Hải Tây,16.06394,108.23185,2,10.0,26,32,0.812,90,73,FRC3,0.99,False
2026-08-17 14:09:54,2026-08-17T07:09:54Z,Mon,14,15 Đường Quang Trung,Phường Hải Châu,16.075051,108.222198,5,12.0,23,33,0.697,787,548,FRC4,1,False
2026-08-17 14:09:54,2026-08-17T07:09:54Z,Mon,14,Phần Lăng 1,Phường Hòa Cường Bắc,16.054171,108.188345,5,49.2,31,31,1.0,246,246,FRC4,1,False
2026-08-17 14:09:54,2026-08-17T07:09:54Z,Mon,14,24 Đường Trần Phú,Phường Thạch Thang,16.077081,108.223023,5,12.0,26,36,0.722,410,296,FRC4,1,False
2026-08-17 14:09:54,2026-08-17T07:09:54Z,Mon,14,2 Đường Lý Thái Tổ (Duong Ly Thai To),Phường Thạc Gián,16.066432,108.209833,4,64.6,25,38,0.658,743,488,FRC1,0.996102,False
2026-08-17 14:09:54,2026-08-17T07:09:54Z,Mon,14,100 Đường Trần Phú,Phường Hải Châu 1,16.06907,108.22398,4,46.5,18,33,0.545,472,257,FRC4,0.999081,False
2026-08-17 14:09:54,2026-08-17T07:09:54Z,Mon,14,Ngã tư Bắc Sơn – Trần Văn Ơn (Khu vực gi,Phường Hòa An,16.054638,108.176766,3,96.9,25,35,0.714,407,290,FRC4,0.975843,False
2026-08-17 14:09:54,2026-08-17T07:09:54Z,Mon,14,40 Đường Trần Phú,Phường Hải Châu I,16.071757,108.224725,3,59.6,27,27,1.0,14,14,FRC4,1,False
2026-08-17 14:09:54,2026-08-17T07:09:54Z,Mon,14,Bàu Làng,Phường Thanh Khê Đông,16.070435,108.185778,3,49.0,23,33,0.697,787,548,FRC4,1,False
2026-08-17 14:09:54,2026-08-17T07:09:54Z,Mon,14,Huỳnh Ngọc Huệ,Phường Hòa Khê,16.061159,108.185345,3,81.0,19,28,0.679,421,286,FRC4,0.94,False
2026-08-17 14:09:54,2026-08-17T07:09:54Z,Mon,14,"Hàm Nghi, tổ 36 P.Vĩnh Trung (số 87 - 16",Phường Thạc Gián,16.061954,108.210494,2,93.1,32,41,0.78,2213,1727,FRC2,0.999025,False
2026-08-17 14:09:54,2026-08-17T07:09:54Z,Mon,14,Đường Bắc Sơn (Từ số nhà 02 đến số nhà 9,Phường Hòa An,16.059092,108.175051,2,105.7,32,46,0.696,1249,869,FRC1,1,False
2026-08-17 14:09:54,2026-08-17T07:09:54Z,Mon,14,Lê Thanh Nghị,Phường Hòa Cường Nam,16.035861,108.218057,2,19.2,30,37,0.811,194,157,FRC4,1,False
2026-08-17 14:09:54,2026-08-17T07:09:54Z,Mon,14,50 Đường Hoàng Hoa Thám,Phường Tam Thuận,16.069332,108.209716,2,45.0,24,37,0.649,406,263,FRC4,1,False
2026-08-17 14:09:54,2026-08-17T07:09:54Z,Mon,14,Đường Cầm Bá Thước (Toàn bộ tuyến đường),Phường Hòa Cường Bắc,16.042987,108.212774,2,52.0,37,47,0.787,999,786,FRC4,1,False
2026-08-17 14:09:54,2026-08-17T07:09:54Z,Mon,14,Hà Huy Tập,Phường Hòa Khê,16.05858,108.184255,2,64.0,31,31,1.0,246,246,FRC4,1,False
2026-08-17 14:09:54,2026-08-17T07:09:54Z,Mon,14,Kiệt 179 Nguyễn Văn Linh (Toàn bộ kiệt),Phường Nam Dương,16.060362,108.214005,2,65.0,32,41,0.78,2213,1727,FRC2,0.999025,False
2026-08-17 14:09:54,2026-08-17T07:09:54Z,Mon,14,67 Đường Tố Hữu,Phường Hòa Cường Nam,16.034478,108.219218,2,10.0,30,37,0.811,194,157,FRC4,1,False
2026-08-17 14:09:54,2026-08-17T07:09:54Z,Mon,14,Ngã tư Lê Thạch – Cao Sơn Pháo (Khu vực ,Phường Hòa Minh,16.057221,108.172134,2,53.3,32,46,0.696,1249,869,FRC1,1,False
2026-08-17 14:09:54,2026-08-17T07:09:54Z,Mon,14,Đường Hải Hồ,Phường Thanh Bình,16.081622,108.216037,2,36.7,25,35,0.714,359,256,FRC3,1,False
2026-08-17 14:09:54,2026-08-17T07:09:54Z,Mon,14,Kiệt 640 Trưng Nữ Vương (Toàn bộ kiệt),Phường Hòa Cường Bắc,16.04386,108.207734,2,70.0,36,47,0.766,1027,786,FRC4,1,False
2026-08-17 14:09:54,2026-08-17T07:09:54Z,Mon,14,20 Đường Lê Quý Đôn,Phường Bình Hiên,16.055828,108.22107,2,51.7,18,28,0.643,232,149,FRC4,0.88,False
2026-08-17 14:09:54,2026-08-17T07:09:54Z,Mon,14,Đống Đa,Phường Thanh Bình,16.078364,108.216795,2,10.0,25,35,0.714,359,256,FRC3,1,False
2026-08-17 14:09:54,2026-08-17T07:09:54Z,Mon,14,Quận Liên Chiểu,Phường Hòa Minh,16.06738,108.166799,2,55.0,34,41,0.829,240,199,FRC4,1,False
2026-08-17 14:09:54,2026-08-17T07:09:54Z,Mon,14,Núi Thành,Phường Hòa Cường Nam,16.036737,108.222882,2,17.5,24,34,0.706,366,258,FRC4,1,False
2026-08-17 14:09:54,2026-08-17T07:09:54Z,Mon,14,"Ngã 3 Phạm Văn Nghị - Đào Duy Anh, phườn",Phường Thạc Gián,16.05869,108.209048,2,40.0,27,38,0.711,1654,1175,FRC4,1,False
2026-08-17 14:09:54,2026-08-17T07:09:54Z,Mon,14,Quận Sơn Trà,Phường Thọ Quang,16.104352,108.253997,2,26.5,45,45,1.0,1365,1365,FRC3,1,False
2026-08-17 14:09:54,2026-08-17T07:09:54Z,Mon,14,Quang Trung - Đống Đa (Đoạn ngã 4),Phường Thanh Bình,16.073419,108.213994,2,105.5,26,36,0.722,410,296,FRC4,1,False
2026-08-17 14:09:54,2026-08-17T07:09:54Z,Mon,14,Trưng Nữ Vương,Phường Hòa Thuận Tây,16.044318,108.206417,2,25.0,37,47,0.787,999,786,FRC4,1,False
2026-08-17 14:09:54,2026-08-17T07:09:54Z,Mon,14,Đ. Ngô Thì Nhậm,Phường Hòa Minh,16.071259,108.156865,2,40.0,31,39,0.795,251,199,FRC4,1,False
2026-08-17 14:09:54,2026-08-17T07:09:54Z,Mon,14,Ngô Tử Hạ,Phường Hòa An,16.043478,108.178278,2,55.0,41,51,0.804,1684,1354,FRC1,1,False
2026-08-17 14:09:54,2026-08-17T07:09:54Z,Mon,14,"Kiệt 818 Trần Cao Vân, tổ 20 P.Thanh Khê",Phường Thanh Khê Đông,16.069731,108.184158,2,90.0,26,35,0.743,696,517,FRC4,1,False
2026-08-17 14:09:54,2026-08-17T07:09:54Z,Mon,14,Hẻm 45 Đường An Mỹ 08 (Hem 45 Duong An M,Phường An Hải Tây,16.06394,108.23185,2,10.0,32,32,1.0,73,73,FRC3,1,False
2026-08-17 15:08:55,2026-08-17T08:08:55Z,Mon,15,15 Đường Quang Trung,Phường Hải Châu,16.075051,108.222198,5,12.0,22,33,0.667,822,548,FRC4,0.999057,False
2026-08-17 15:08:55,2026-08-17T08:08:55Z,Mon,15,Phần Lăng 1,Phường Hòa Cường Bắc,16.054171,108.188345,5,49.2,31,31,1.0,246,246,FRC4,1,False
2026-08-17 15:08:55,2026-08-17T08:08:55Z,Mon,15,24 Đường Trần Phú,Phường Thạch Thang,16.077081,108.223023,5,12.0,25,36,0.694,426,296,FRC4,1,False
2026-08-17 15:08:55,2026-08-17T08:08:55Z,Mon,15,2 Đường Lý Thái Tổ (Duong Ly Thai To),Phường Thạc Gián,16.066432,108.209833,4,64.6,24,39,0.615,774,476,FRC1,0.992188,False
2026-08-17 15:08:55,2026-08-17T08:08:55Z,Mon,15,100 Đường Trần Phú,Phường Hải Châu 1,16.06907,108.22398,4,46.5,16,33,0.485,531,257,FRC4,0.998196,False
2026-08-17 15:08:55,2026-08-17T08:08:55Z,Mon,15,Ngã tư Bắc Sơn – Trần Văn Ơn (Khu vực gi,Phường Hòa An,16.054638,108.176766,3,96.9,22,36,0.611,462,282,FRC4,0.988187,False
2026-08-17 15:08:55,2026-08-17T08:08:55Z,Mon,15,40 Đường Trần Phú,Phường Hải Châu I,16.071757,108.224725,3,59.6,27,27,1.0,14,14,FRC4,1,False
2026-08-17 15:08:55,2026-08-17T08:08:55Z,Mon,15,Bàu Làng,Phường Thanh Khê Đông,16.070435,108.185778,3,49.0,22,33,0.667,822,548,FRC4,1,False
2026-08-17 15:08:55,2026-08-17T08:08:55Z,Mon,15,Huỳnh Ngọc Huệ,Phường Hòa Khê,16.061159,108.185345,3,81.0,23,27,0.852,348,296,FRC4,0.931873,False
2026-08-17 15:08:55,2026-08-17T08:08:55Z,Mon,15,"Hàm Nghi, tổ 36 P.Vĩnh Trung (số 87 - 16",Phường Thạc Gián,16.061954,108.210494,2,93.1,33,41,0.805,2146,1727,FRC2,0.999082,False
2026-08-17 15:08:55,2026-08-17T08:08:55Z,Mon,15,Đường Bắc Sơn (Từ số nhà 02 đến số nhà 9,Phường Hòa An,16.059092,108.175051,2,105.7,31,47,0.66,1289,850,FRC1,1,False
2026-08-17 15:08:55,2026-08-17T08:08:55Z,Mon,15,Lê Thanh Nghị,Phường Hòa Cường Nam,16.035861,108.218057,2,19.2,25,37,0.676,233,157,FRC4,1,False
2026-08-17 15:08:55,2026-08-17T08:08:55Z,Mon,15,50 Đường Hoàng Hoa Thám,Phường Tam Thuận,16.069332,108.209716,2,45.0,21,37,0.568,464,263,FRC4,1,False
2026-08-17 15:08:55,2026-08-17T08:08:55Z,Mon,15,Đường Cầm Bá Thước (Toàn bộ tuyến đường),Phường Hòa Cường Bắc,16.042987,108.212774,2,52.0,36,47,0.766,1027,786,FRC4,1,False
2026-08-17 15:08:55,2026-08-17T08:08:55Z,Mon,15,Hà Huy Tập,Phường Hòa Khê,16.05858,108.184255,2,64.0,31,31,1.0,246,246,FRC4,1,False
2026-08-17 15:08:55,2026-08-17T08:08:55Z,Mon,15,Kiệt 179 Nguyễn Văn Linh (Toàn bộ kiệt),Phường Nam Dương,16.060362,108.214005,2,65.0,33,41,0.805,2146,1727,FRC2,0.999082,False
2026-08-17 15:08:55,2026-08-17T08:08:55Z,Mon,15,67 Đường Tố Hữu,Phường Hòa Cường Nam,16.034478,108.219218,2,10.0,25,37,0.676,233,157,FRC4,1,False
2026-08-17 15:08:55,2026-08-17T08:08:55Z,Mon,15,Ngã tư Lê Thạch – Cao Sơn Pháo (Khu vực ,Phường Hòa Minh,16.057221,108.172134,2,53.3,31,47,0.66,1289,850,FRC1,1,False
2026-08-17 15:08:55,2026-08-17T08:08:55Z,Mon,15,Đường Hải Hồ,Phường Thanh Bình,16.081622,108.216037,2,36.7,29,35,0.829,309,256,FRC3,1,False
2026-08-17 15:08:55,2026-08-17T08:08:55Z,Mon,15,Kiệt 640 Trưng Nữ Vương (Toàn bộ kiệt),Phường Hòa Cường Bắc,16.04386,108.207734,2,70.0,36,47,0.766,1027,786,FRC4,1,False
2026-08-17 15:08:55,2026-08-17T08:08:55Z,Mon,15,20 Đường Lê Quý Đôn,Phường Bình Hiên,16.055828,108.22107,2,51.7,19,29,0.655,220,144,FRC4,0.9,False
2026-08-17 15:08:55,2026-08-17T08:08:55Z,Mon,15,Đống Đa,Phường Thanh Bình,16.078364,108.216795,2,10.0,29,35,0.829,309,256,FRC3,1,False
2026-08-17 15:08:55,2026-08-17T08:08:55Z,Mon,15,Quận Liên Chiểu,Phường Hòa Minh,16.06738,108.166799,2,55.0,33,41,0.805,247,199,FRC4,1,False
2026-08-17 15:08:55,2026-08-17T08:08:55Z,Mon,15,Núi Thành,Phường Hòa Cường Nam,16.036737,108.222882,2,17.5,23,34,0.676,382,258,FRC4,1,False
2026-08-17 15:08:55,2026-08-17T08:08:55Z,Mon,15,"Ngã 3 Phạm Văn Nghị - Đào Duy Anh, phườn",Phường Thạc Gián,16.05869,108.209048,2,40.0,27,38,0.711,1654,1175,FRC4,1,False
2026-08-17 15:08:55,2026-08-17T08:08:55Z,Mon,15,Quận Sơn Trà,Phường Thọ Quang,16.104352,108.253997,2,26.5,45,45,1.0,1365,1365,FRC3,1,False
2026-08-17 15:08:55,2026-08-17T08:08:55Z,Mon,15,Quang Trung - Đống Đa (Đoạn ngã 4),Phường Thanh Bình,16.073419,108.213994,2,105.5,26,36,0.722,410,296,FRC4,1,False
2026-08-17 15:08:55,2026-08-17T08:08:55Z,Mon,15,Trưng Nữ Vương,Phường Hòa Thuận Tây,16.044318,108.206417,2,25.0,36,47,0.766,1027,786,FRC4,1,False
2026-08-17 15:08:55,2026-08-17T08:08:55Z,Mon,15,Đ. Ngô Thì Nhậm,Phường Hòa Minh,16.071259,108.156865,2,40.0,34,40,0.85,229,194,FRC4,1,False
2026-08-17 15:08:55,2026-08-17T08:08:55Z,Mon,15,Ngô Tử Hạ,Phường Hòa An,16.043478,108.178278,2,55.0,41,51,0.804,1684,1354,FRC1,1,False
2026-08-17 15:08:55,2026-08-17T08:08:55Z,Mon,15,"Kiệt 818 Trần Cao Vân, tổ 20 P.Thanh Khê",Phường Thanh Khê Đông,16.069731,108.184158,2,90.0,23,33,0.697,787,548,FRC4,1,False
2026-08-17 15:08:55,2026-08-17T08:08:55Z,Mon,15,Hẻm 45 Đường An Mỹ 08 (Hem 45 Duong An M,Phường An Hải Tây,16.06394,108.23185,2,10.0,32,32,1.0,73,73,FRC3,1,False
2026-08-17 16:11:20,2026-08-17T09:11:20Z,Mon,16,15 Đường Quang Trung,Phường Hải Châu,16.075051,108.222198,5,12.0,24,33,0.727,754,548,FRC4,0.999608,False
2026-08-17 16:11:20,2026-08-17T09:11:20Z,Mon,16,Phần Lăng 1,Phường Hòa Cường Bắc,16.054171,108.188345,5,49.2,25,31,0.806,306,246,FRC4,0.94,False
2026-08-17 16:11:20,2026-08-17T09:11:20Z,Mon,16,24 Đường Trần Phú,Phường Thạch Thang,16.077081,108.223023,5,12.0,24,35,0.686,444,304,FRC4,1,False
2026-08-17 16:11:20,2026-08-17T09:11:20Z,Mon,16,2 Đường Lý Thái Tổ (Duong Ly Thai To),Phường Thạc Gián,16.066432,108.209833,4,64.6,21,39,0.538,884,476,FRC1,0.992269,False
2026-08-17 16:11:20,2026-08-17T09:11:20Z,Mon,16,100 Đường Trần Phú,Phường Hải Châu 1,16.06907,108.22398,4,46.5,18,32,0.562,472,265,FRC4,0.999399,False
2026-08-17 16:11:20,2026-08-17T09:11:20Z,Mon,16,Ngã tư Bắc Sơn – Trần Văn Ơn (Khu vực gi,Phường Hòa An,16.054638,108.176766,3,96.9,25,36,0.694,407,282,FRC4,0.990786,False
2026-08-17 16:11:20,2026-08-17T09:11:20Z,Mon,16,40 Đường Trần Phú,Phường Hải Châu I,16.071757,108.224725,3,59.6,21,26,0.808,18,14,FRC4,0.81,False
2026-08-17 16:11:20,2026-08-17T09:11:20Z,Mon,16,Bàu Làng,Phường Thanh Khê Đông,16.070435,108.185778,3,49.0,24,33,0.727,754,548,FRC4,0.999608,False
2026-08-17 16:11:20,2026-08-17T09:11:20Z,Mon,16,Huỳnh Ngọc Huệ,Phường Hòa Khê,16.061159,108.185345,3,81.0,18,27,0.667,445,296,FRC4,0.913313,False
2026-08-17 16:11:20,2026-08-17T09:11:20Z,Mon,16,"Hàm Nghi, tổ 36 P.Vĩnh Trung (số 87 - 16",Phường Thạc Gián,16.061954,108.210494,2,93.1,33,41,0.805,2146,1727,FRC2,0.998003,False
2026-08-17 16:11:20,2026-08-17T09:11:20Z,Mon,16,Đường Bắc Sơn (Từ số nhà 02 đến số nhà 9,Phường Hòa An,16.059092,108.175051,2,105.7,30,46,0.652,1332,869,FRC1,1,False
2026-08-17 16:11:20,2026-08-17T09:11:20Z,Mon,16,Lê Thanh Nghị,Phường Hòa Cường Nam,16.035861,108.218057,2,19.2,23,37,0.622,253,157,FRC4,1,False
2026-08-17 16:11:20,2026-08-17T09:11:20Z,Mon,16,50 Đường Hoàng Hoa Thám,Phường Tam Thuận,16.069332,108.209716,2,45.0,21,37,0.568,464,263,FRC4,1,False
2026-08-17 16:11:20,2026-08-17T09:11:20Z,Mon,16,Đường Cầm Bá Thước (Toàn bộ tuyến đường),Phường Hòa Cường Bắc,16.042987,108.212774,2,52.0,38,46,0.826,973,803,FRC4,1,False
2026-08-17 16:11:20,2026-08-17T09:11:20Z,Mon,16,Hà Huy Tập,Phường Hòa Khê,16.05858,108.184255,2,64.0,25,31,0.806,306,246,FRC4,0.94,False
2026-08-17 16:11:20,2026-08-17T09:11:20Z,Mon,16,Kiệt 179 Nguyễn Văn Linh (Toàn bộ kiệt),Phường Nam Dương,16.060362,108.214005,2,65.0,33,41,0.805,2146,1727,FRC2,0.998003,False
2026-08-17 16:11:20,2026-08-17T09:11:20Z,Mon,16,67 Đường Tố Hữu,Phường Hòa Cường Nam,16.034478,108.219218,2,10.0,23,37,0.622,253,157,FRC4,1,False
2026-08-17 16:11:20,2026-08-17T09:11:20Z,Mon,16,Ngã tư Lê Thạch – Cao Sơn Pháo (Khu vực ,Phường Hòa Minh,16.057221,108.172134,2,53.3,30,46,0.652,1332,869,FRC1,1,False
2026-08-17 16:11:20,2026-08-17T09:11:20Z,Mon,16,Đường Hải Hồ,Phường Thanh Bình,16.081622,108.216037,2,36.7,27,36,0.75,332,249,FRC3,1,False
2026-08-17 16:11:20,2026-08-17T09:11:20Z,Mon,16,Kiệt 640 Trưng Nữ Vương (Toàn bộ kiệt),Phường Hòa Cường Bắc,16.04386,108.207734,2,70.0,35,46,0.761,1056,803,FRC4,1,False
2026-08-17 16:11:20,2026-08-17T09:11:20Z,Mon,16,20 Đường Lê Quý Đôn,Phường Bình Hiên,16.055828,108.22107,2,51.7,12,29,0.414,348,144,FRC4,0.96362,False
2026-08-17 16:11:20,2026-08-17T09:11:20Z,Mon,16,Đống Đa,Phường Thanh Bình,16.078364,108.216795,2,10.0,27,36,0.75,332,249,FRC3,1,False
2026-08-17 16:11:20,2026-08-17T09:11:20Z,Mon,16,Quận Liên Chiểu,Phường Hòa Minh,16.06738,108.166799,2,55.0,28,41,0.683,292,199,FRC4,1,False
2026-08-17 16:11:20,2026-08-17T09:11:20Z,Mon,16,Núi Thành,Phường Hòa Cường Nam,16.036737,108.222882,2,17.5,24,33,0.727,366,266,FRC4,1,False
2026-08-17 16:11:20,2026-08-17T09:11:20Z,Mon,16,"Ngã 3 Phạm Văn Nghị - Đào Duy Anh, phườn",Phường Thạc Gián,16.05869,108.209048,2,40.0,27,38,0.711,1654,1175,FRC4,1,False
2026-08-17 16:11:20,2026-08-17T09:11:20Z,Mon,16,Quận Sơn Trà,Phường Thọ Quang,16.104352,108.253997,2,26.5,38,45,0.844,1616,1365,FRC3,1,False
2026-08-17 16:11:20,2026-08-17T09:11:20Z,Mon,16,Quang Trung - Đống Đa (Đoạn ngã 4),Phường Thanh Bình,16.073419,108.213994,2,105.5,23,36,0.639,464,296,FRC4,1,False
2026-08-17 16:11:20,2026-08-17T09:11:20Z,Mon,16,Trưng Nữ Vương,Phường Hòa Thuận Tây,16.044318,108.206417,2,25.0,36,47,0.766,1027,786,FRC4,1,False
2026-08-17 16:11:20,2026-08-17T09:11:20Z,Mon,16,Đ. Ngô Thì Nhậm,Phường Hòa Minh,16.071259,108.156865,2,40.0,30,39,0.769,259,199,FRC4,1,False
2026-08-17 16:11:20,2026-08-17T09:11:20Z,Mon,16,Ngô Tử Hạ,Phường Hòa An,16.043478,108.178278,2,55.0,43,51,0.843,1606,1354,FRC1,1,False
2026-08-17 16:11:20,2026-08-17T09:11:20Z,Mon,16,"Kiệt 818 Trần Cao Vân, tổ 20 P.Thanh Khê",Phường Thanh Khê Đông,16.069731,108.184158,2,90.0,22,34,0.647,822,532,FRC4,1,False
2026-08-17 16:11:20,2026-08-17T09:11:20Z,Mon,16,Hẻm 45 Đường An Mỹ 08 (Hem 45 Duong An M,Phường An Hải Tây,16.06394,108.23185,2,10.0,32,32,1.0,73,73,FRC3,1,False
2026-08-17 17:06:38,2026-08-17T10:06:38Z,Mon,17,15 Đường Quang Trung,Phường Hải Châu,16.075051,108.222198,5,12.0,20,34,0.588,905,532,FRC4,1,False
2026-08-17 17:06:38,2026-08-17T10:06:38Z,Mon,17,Phần Lăng 1,Phường Hòa Cường Bắc,16.054171,108.188345,5,49.2,24,30,0.8,318,255,FRC4,0.948709,False
2026-08-17 17:06:38,2026-08-17T10:06:38Z,Mon,17,24 Đường Trần Phú,Phường Thạch Thang,16.077081,108.223023,5,12.0,25,36,0.694,426,296,FRC4,1,False
2026-08-17 17:06:38,2026-08-17T10:06:38Z,Mon,17,2 Đường Lý Thái Tổ (Duong Ly Thai To),Phường Thạc Gián,16.066432,108.209833,4,64.6,22,38,0.579,844,488,FRC1,0.975636,False
2026-08-17 17:06:38,2026-08-17T10:06:38Z,Mon,17,100 Đường Trần Phú,Phường Hải Châu 1,16.06907,108.22398,4,46.5,17,33,0.515,500,257,FRC4,1,False
2026-08-17 17:06:38,2026-08-17T10:06:38Z,Mon,17,Ngã tư Bắc Sơn – Trần Văn Ơn (Khu vực gi,Phường Hòa An,16.054638,108.176766,3,96.9,20,35,0.571,509,290,FRC4,0.989067,False
2026-08-17 17:06:38,2026-08-17T10:06:38Z,Mon,17,40 Đường Trần Phú,Phường Hải Châu I,16.071757,108.224725,3,59.6,19,27,0.704,20,14,FRC4,0.96,False
2026-08-17 17:06:38,2026-08-17T10:06:38Z,Mon,17,Bàu Làng,Phường Thanh Khê Đông,16.070435,108.185778,3,49.0,20,34,0.588,905,532,FRC4,1,False
2026-08-17 17:06:38,2026-08-17T10:06:38Z,Mon,17,Huỳnh Ngọc Huệ,Phường Hòa Khê,16.061159,108.185345,3,81.0,15,27,0.556,534,296,FRC4,0.957047,False
2026-08-17 17:06:38,2026-08-17T10:06:38Z,Mon,17,"Hàm Nghi, tổ 36 P.Vĩnh Trung (số 87 - 16",Phường Thạc Gián,16.061954,108.210494,2,93.1,31,41,0.756,2284,1727,FRC2,0.999697,False
2026-08-17 17:06:38,2026-08-17T10:06:38Z,Mon,17,Đường Bắc Sơn (Từ số nhà 02 đến số nhà 9,Phường Hòa An,16.059092,108.175051,2,105.7,28,46,0.609,1428,869,FRC1,1,False
2026-08-17 17:06:38,2026-08-17T10:06:38Z,Mon,17,Lê Thanh Nghị,Phường Hòa Cường Nam,16.035861,108.218057,2,19.2,23,36,0.639,253,162,FRC4,1,False
2026-08-17 17:06:38,2026-08-17T10:06:38Z,Mon,17,50 Đường Hoàng Hoa Thám,Phường Tam Thuận,16.069332,108.209716,2,45.0,13,36,0.361,750,271,FRC4,1,False
2026-08-17 17:06:38,2026-08-17T10:06:38Z,Mon,17,Đường Cầm Bá Thước (Toàn bộ tuyến đường),Phường Hòa Cường Bắc,16.042987,108.212774,2,52.0,32,47,0.681,1155,786,FRC4,1,False
2026-08-17 17:06:38,2026-08-17T10:06:38Z,Mon,17,Hà Huy Tập,Phường Hòa Khê,16.05858,108.184255,2,64.0,24,30,0.8,318,255,FRC4,0.948709,False
2026-08-17 17:06:38,2026-08-17T10:06:38Z,Mon,17,Kiệt 179 Nguyễn Văn Linh (Toàn bộ kiệt),Phường Nam Dương,16.060362,108.214005,2,65.0,31,41,0.756,2284,1727,FRC2,0.999697,False
2026-08-17 17:06:38,2026-08-17T10:06:38Z,Mon,17,67 Đường Tố Hữu,Phường Hòa Cường Nam,16.034478,108.219218,2,10.0,23,36,0.639,253,162,FRC4,1,False
2026-08-17 17:06:38,2026-08-17T10:06:38Z,Mon,17,Ngã tư Lê Thạch – Cao Sơn Pháo (Khu vực ,Phường Hòa Minh,16.057221,108.172134,2,53.3,28,46,0.609,1428,869,FRC1,1,False
2026-08-17 17:06:38,2026-08-17T10:06:38Z,Mon,17,Đường Hải Hồ,Phường Thanh Bình,16.081622,108.216037,2,36.7,23,36,0.639,390,249,FRC3,1,False
2026-08-17 17:06:38,2026-08-17T10:06:38Z,Mon,17,Kiệt 640 Trưng Nữ Vương (Toàn bộ kiệt),Phường Hòa Cường Bắc,16.04386,108.207734,2,70.0,35,47,0.745,1056,786,FRC4,1,False
2026-08-17 17:06:38,2026-08-17T10:06:38Z,Mon,17,20 Đường Lê Quý Đôn,Phường Bình Hiên,16.055828,108.22107,2,51.7,16,29,0.552,261,144,FRC4,0.984146,False
2026-08-17 17:06:38,2026-08-17T10:06:38Z,Mon,17,Đống Đa,Phường Thanh Bình,16.078364,108.216795,2,10.0,23,36,0.639,390,249,FRC3,1,False
2026-08-17 17:06:38,2026-08-17T10:06:38Z,Mon,17,Quận Liên Chiểu,Phường Hòa Minh,16.06738,108.166799,2,55.0,23,41,0.561,355,199,FRC4,1,False
2026-08-17 17:06:38,2026-08-17T10:06:38Z,Mon,17,Núi Thành,Phường Hòa Cường Nam,16.036737,108.222882,2,17.5,16,34,0.471,549,258,FRC4,1,False
2026-08-17 17:06:38,2026-08-17T10:06:38Z,Mon,17,"Ngã 3 Phạm Văn Nghị - Đào Duy Anh, phườn",Phường Thạc Gián,16.05869,108.209048,2,40.0,26,38,0.684,1718,1175,FRC4,1,False
2026-08-17 17:06:38,2026-08-17T10:06:38Z,Mon,17,Quận Sơn Trà,Phường Thọ Quang,16.104352,108.253997,2,26.5,35,44,0.795,1755,1396,FRC3,1,False
2026-08-17 17:06:38,2026-08-17T10:06:38Z,Mon,17,Quang Trung - Đống Đa (Đoạn ngã 4),Phường Thanh Bình,16.073419,108.213994,2,105.5,25,36,0.694,426,296,FRC4,1,False
2026-08-17 17:06:38,2026-08-17T10:06:38Z,Mon,17,Trưng Nữ Vương,Phường Hòa Thuận Tây,16.044318,108.206417,2,25.0,35,47,0.745,1056,786,FRC4,1,False
2026-08-17 17:06:38,2026-08-17T10:06:38Z,Mon,17,Đ. Ngô Thì Nhậm,Phường Hòa Minh,16.071259,108.156865,2,40.0,29,40,0.725,268,194,FRC4,1,False
2026-08-17 17:06:38,2026-08-17T10:06:38Z,Mon,17,Ngô Tử Hạ,Phường Hòa An,16.043478,108.178278,2,55.0,37,51,0.725,1866,1354,FRC1,1,False
2026-08-17 17:06:38,2026-08-17T10:06:38Z,Mon,17,"Kiệt 818 Trần Cao Vân, tổ 20 P.Thanh Khê",Phường Thanh Khê Đông,16.069731,108.184158,2,90.0,21,34,0.618,862,532,FRC4,1,False
2026-08-17 17:06:38,2026-08-17T10:06:38Z,Mon,17,Hẻm 45 Đường An Mỹ 08 (Hem 45 Duong An M,Phường An Hải Tây,16.06394,108.23185,2,10.0,21,32,0.656,112,73,FRC3,0.99,False
2026-08-17 17:44:30,2026-08-17T10:44:30Z,Mon,17,15 Đường Quang Trung,Phường Hải Châu,16.075051,108.222198,5,12.0,20,34,0.588,905,532,FRC4,0.999833,False
2026-08-17 17:44:30,2026-08-17T10:44:30Z,Mon,17,Phần Lăng 1,Phường Hòa Cường Bắc,16.054171,108.188345,5,49.2,22,31,0.71,347,246,FRC4,0.97,False
2026-08-17 17:44:30,2026-08-17T10:44:30Z,Mon,17,24 Đường Trần Phú,Phường Thạch Thang,16.077081,108.223023,5,12.0,23,35,0.657,464,304,FRC4,1,False
2026-08-17 17:44:30,2026-08-17T10:44:30Z,Mon,17,2 Đường Lý Thái Tổ (Duong Ly Thai To),Phường Thạc Gián,16.066432,108.209833,4,64.6,22,38,0.579,844,488,FRC1,0.98928,False
2026-08-17 17:44:30,2026-08-17T10:44:30Z,Mon,17,100 Đường Trần Phú,Phường Hải Châu 1,16.06907,108.22398,4,46.5,15,33,0.455,566,257,FRC4,0.999399,False
2026-08-17 17:44:30,2026-08-17T10:44:30Z,Mon,17,Ngã tư Bắc Sơn – Trần Văn Ơn (Khu vực gi,Phường Hòa An,16.054638,108.176766,3,96.9,20,35,0.571,509,290,FRC4,0.991854,False
2026-08-17 17:44:30,2026-08-17T10:44:30Z,Mon,17,40 Đường Trần Phú,Phường Hải Châu I,16.071757,108.224725,3,59.6,27,27,1.0,14,14,FRC4,1,False
2026-08-17 17:44:30,2026-08-17T10:44:30Z,Mon,17,Bàu Làng,Phường Thanh Khê Đông,16.070435,108.185778,3,49.0,20,34,0.588,905,532,FRC4,0.999833,False
2026-08-17 17:44:30,2026-08-17T10:44:30Z,Mon,17,Huỳnh Ngọc Huệ,Phường Hòa Khê,16.061159,108.185345,3,81.0,12,28,0.429,668,286,FRC4,0.98642,False
2026-08-17 17:44:30,2026-08-17T10:44:30Z,Mon,17,"Hàm Nghi, tổ 36 P.Vĩnh Trung (số 87 - 16",Phường Thạc Gián,16.061954,108.210494,2,93.1,32,41,0.78,2213,1727,FRC2,0.999661,False
2026-08-17 17:44:30,2026-08-17T10:44:30Z,Mon,17,Đường Bắc Sơn (Từ số nhà 02 đến số nhà 9,Phường Hòa An,16.059092,108.175051,2,105.7,29,46,0.63,1378,869,FRC1,1,False
2026-08-17 17:44:30,2026-08-17T10:44:30Z,Mon,17,Lê Thanh Nghị,Phường Hòa Cường Nam,16.035861,108.218057,2,19.2,24,37,0.649,243,157,FRC4,1,False
2026-08-17 17:44:30,2026-08-17T10:44:30Z,Mon,17,50 Đường Hoàng Hoa Thám,Phường Tam Thuận,16.069332,108.209716,2,45.0,12,37,0.324,813,263,FRC4,1,False
2026-08-17 17:44:30,2026-08-17T10:44:30Z,Mon,17,Đường Cầm Bá Thước (Toàn bộ tuyến đường),Phường Hòa Cường Bắc,16.042987,108.212774,2,52.0,32,46,0.696,1155,803,FRC4,1,False
2026-08-17 17:44:30,2026-08-17T10:44:30Z,Mon,17,Hà Huy Tập,Phường Hòa Khê,16.05858,108.184255,2,64.0,22,31,0.71,347,246,FRC4,0.97,False
2026-08-17 17:44:30,2026-08-17T10:44:30Z,Mon,17,Kiệt 179 Nguyễn Văn Linh (Toàn bộ kiệt),Phường Nam Dương,16.060362,108.214005,2,65.0,31,41,0.756,2284,1727,FRC2,1,False
2026-08-17 17:44:30,2026-08-17T10:44:30Z,Mon,17,67 Đường Tố Hữu,Phường Hòa Cường Nam,16.034478,108.219218,2,10.0,23,36,0.639,253,162,FRC4,1,False
2026-08-17 17:44:30,2026-08-17T10:44:30Z,Mon,17,Ngã tư Lê Thạch – Cao Sơn Pháo (Khu vực ,Phường Hòa Minh,16.057221,108.172134,2,53.3,30,46,0.652,1332,869,FRC1,1,False
2026-08-17 17:44:30,2026-08-17T10:44:30Z,Mon,17,Đường Hải Hồ,Phường Thanh Bình,16.081622,108.216037,2,36.7,24,35,0.686,374,256,FRC3,1,False
2026-08-17 17:44:30,2026-08-17T10:44:30Z,Mon,17,Kiệt 640 Trưng Nữ Vương (Toàn bộ kiệt),Phường Hòa Cường Bắc,16.04386,108.207734,2,70.0,34,47,0.723,1087,786,FRC4,1,False
2026-08-17 17:44:30,2026-08-17T10:44:30Z,Mon,17,20 Đường Lê Quý Đôn,Phường Bình Hiên,16.055828,108.22107,2,51.7,13,29,0.448,321,144,FRC4,0.967055,False
2026-08-17 17:44:30,2026-08-17T10:44:30Z,Mon,17,Đống Đa,Phường Thanh Bình,16.078364,108.216795,2,10.0,24,35,0.686,374,256,FRC3,1,False
2026-08-17 17:44:30,2026-08-17T10:44:30Z,Mon,17,Quận Liên Chiểu,Phường Hòa Minh,16.06738,108.166799,2,55.0,30,40,0.75,272,204,FRC4,1,False
2026-08-17 17:44:30,2026-08-17T10:44:30Z,Mon,17,Núi Thành,Phường Hòa Cường Nam,16.036737,108.222882,2,17.5,21,34,0.618,418,258,FRC4,1,False
2026-08-17 17:44:30,2026-08-17T10:44:30Z,Mon,17,"Ngã 3 Phạm Văn Nghị - Đào Duy Anh, phườn",Phường Thạc Gián,16.05869,108.209048,2,40.0,25,38,0.658,1786,1175,FRC4,1,False
2026-08-17 17:44:30,2026-08-17T10:44:30Z,Mon,17,Quận Sơn Trà,Phường Thọ Quang,16.104352,108.253997,2,26.5,35,45,0.778,1755,1365,FRC3,1,False
2026-08-17 17:44:30,2026-08-17T10:44:30Z,Mon,17,Quang Trung - Đống Đa (Đoạn ngã 4),Phường Thanh Bình,16.073419,108.213994,2,105.5,23,36,0.639,464,296,FRC4,1,False
2026-08-17 17:44:30,2026-08-17T10:44:30Z,Mon,17,Trưng Nữ Vương,Phường Hòa Thuận Tây,16.044318,108.206417,2,25.0,34,47,0.723,1087,786,FRC4,1,False
2026-08-17 17:44:30,2026-08-17T10:44:30Z,Mon,17,Đ. Ngô Thì Nhậm,Phường Hòa Minh,16.071259,108.156865,2,40.0,28,39,0.718,278,199,FRC4,1,False
2026-08-17 17:44:30,2026-08-17T10:44:30Z,Mon,17,Ngô Tử Hạ,Phường Hòa An,16.043478,108.178278,2,55.0,38,51,0.745,1817,1354,FRC1,1,False
2026-08-17 17:44:30,2026-08-17T10:44:30Z,Mon,17,"Kiệt 818 Trần Cao Vân, tổ 20 P.Thanh Khê",Phường Thanh Khê Đông,16.069731,108.184158,2,90.0,19,34,0.559,952,532,FRC4,1,False
2026-08-17 17:44:30,2026-08-17T10:44:30Z,Mon,17,Hẻm 45 Đường An Mỹ 08 (Hem 45 Duong An M,Phường An Hải Tây,16.06394,108.23185,2,10.0,32,32,1.0,73,73,FRC3,1,False
2026-08-17 18:33:08,2026-08-17T11:33:08Z,Mon,18,15 Đường Quang Trung,Phường Hải Châu,16.075051,108.222198,5,12.0,21,33,0.636,862,548,FRC4,0.999063,False
2026-08-17 18:33:08,2026-08-17T11:33:08Z,Mon,18,Phần Lăng 1,Phường Hòa Cường Bắc,16.054171,108.188345,5,49.2,22,29,0.759,347,263,FRC4,0.93524,False
2026-08-17 18:33:08,2026-08-17T11:33:08Z,Mon,18,24 Đường Trần Phú,Phường Thạch Thang,16.077081,108.223023,5,12.0,25,36,0.694,426,296,FRC4,1,False
2026-08-17 18:33:08,2026-08-17T11:33:08Z,Mon,18,2 Đường Lý Thái Tổ (Duong Ly Thai To),Phường Thạc Gián,16.066432,108.209833,4,64.6,22,38,0.579,844,488,FRC1,0.996177,False
2026-08-17 18:33:08,2026-08-17T11:33:08Z,Mon,18,100 Đường Trần Phú,Phường Hải Châu 1,16.06907,108.22398,4,46.5,15,32,0.469,566,265,FRC4,1,False
2026-08-17 18:33:08,2026-08-17T11:33:08Z,Mon,18,Ngã tư Bắc Sơn – Trần Văn Ơn (Khu vực gi,Phường Hòa An,16.054638,108.176766,3,96.9,25,35,0.714,407,290,FRC4,1,False
2026-08-17 18:33:08,2026-08-17T11:33:08Z,Mon,18,40 Đường Trần Phú,Phường Hải Châu I,16.071757,108.224725,3,59.6,27,27,1.0,14,14,FRC4,1,False
2026-08-17 18:33:08,2026-08-17T11:33:08Z,Mon,18,Bàu Làng,Phường Thanh Khê Đông,16.070435,108.185778,3,49.0,21,33,0.636,862,548,FRC4,0.999063,False
2026-08-17 18:33:08,2026-08-17T11:33:08Z,Mon,18,Huỳnh Ngọc Huệ,Phường Hòa Khê,16.061159,108.185345,3,81.0,16,27,0.593,501,296,FRC4,0.959921,False
2026-08-17 18:33:08,2026-08-17T11:33:08Z,Mon,18,"Hàm Nghi, tổ 36 P.Vĩnh Trung (số 87 - 16",Phường Thạc Gián,16.061954,108.210494,2,93.1,31,41,0.756,2284,1727,FRC2,0.999351,False
2026-08-17 18:33:08,2026-08-17T11:33:08Z,Mon,18,Đường Bắc Sơn (Từ số nhà 02 đến số nhà 9,Phường Hòa An,16.059092,108.175051,2,105.7,27,47,0.574,1480,850,FRC1,1,False
2026-08-17 18:33:08,2026-08-17T11:33:08Z,Mon,18,Lê Thanh Nghị,Phường Hòa Cường Nam,16.035861,108.218057,2,19.2,21,37,0.568,277,157,FRC4,1,False
2026-08-17 18:33:08,2026-08-17T11:33:08Z,Mon,18,50 Đường Hoàng Hoa Thám,Phường Tam Thuận,16.069332,108.209716,2,45.0,18,37,0.486,542,263,FRC4,1,False
2026-08-17 18:33:08,2026-08-17T11:33:08Z,Mon,18,Đường Cầm Bá Thước (Toàn bộ tuyến đường),Phường Hòa Cường Bắc,16.042987,108.212774,2,52.0,37,47,0.787,999,786,FRC4,1,False
2026-08-17 18:33:08,2026-08-17T11:33:08Z,Mon,18,Hà Huy Tập,Phường Hòa Khê,16.05858,108.184255,2,64.0,22,29,0.759,347,263,FRC4,0.93524,False
2026-08-17 18:33:08,2026-08-17T11:33:08Z,Mon,18,Kiệt 179 Nguyễn Văn Linh (Toàn bộ kiệt),Phường Nam Dương,16.060362,108.214005,2,65.0,31,41,0.756,2284,1727,FRC2,0.999351,False
2026-08-17 18:33:08,2026-08-17T11:33:08Z,Mon,18,67 Đường Tố Hữu,Phường Hòa Cường Nam,16.034478,108.219218,2,10.0,21,37,0.568,277,157,FRC4,1,False
2026-08-17 18:33:08,2026-08-17T11:33:08Z,Mon,18,Ngã tư Lê Thạch – Cao Sơn Pháo (Khu vực ,Phường Hòa Minh,16.057221,108.172134,2,53.3,27,47,0.574,1480,850,FRC1,1,False
2026-08-17 18:33:08,2026-08-17T11:33:08Z,Mon,18,Đường Hải Hồ,Phường Thanh Bình,16.081622,108.216037,2,36.7,24,35,0.686,374,256,FRC3,1,False
2026-08-17 18:33:08,2026-08-17T11:33:08Z,Mon,18,Kiệt 640 Trưng Nữ Vương (Toàn bộ kiệt),Phường Hòa Cường Bắc,16.04386,108.207734,2,70.0,35,46,0.761,1056,803,FRC4,1,False
2026-08-17 18:33:08,2026-08-17T11:33:08Z,Mon,18,20 Đường Lê Quý Đôn,Phường Bình Hiên,16.055828,108.22107,2,51.7,15,28,0.536,278,149,FRC4,0.791083,False
2026-08-17 18:33:08,2026-08-17T11:33:08Z,Mon,18,Đống Đa,Phường Thanh Bình,16.078364,108.216795,2,10.0,24,35,0.686,374,256,FRC3,1,False
2026-08-17 18:33:08,2026-08-17T11:33:08Z,Mon,18,Quận Liên Chiểu,Phường Hòa Minh,16.06738,108.166799,2,55.0,31,41,0.756,263,199,FRC4,1,False
2026-08-17 18:33:08,2026-08-17T11:33:08Z,Mon,18,Núi Thành,Phường Hòa Cường Nam,16.036737,108.222882,2,17.5,18,33,0.545,488,266,FRC4,1,False
2026-08-17 18:33:08,2026-08-17T11:33:08Z,Mon,18,"Ngã 3 Phạm Văn Nghị - Đào Duy Anh, phườn",Phường Thạc Gián,16.05869,108.209048,2,40.0,25,38,0.658,1786,1175,FRC4,1,False
2026-08-17 18:33:08,2026-08-17T11:33:08Z,Mon,18,Quận Sơn Trà,Phường Thọ Quang,16.104352,108.253997,2,26.5,35,45,0.778,1755,1365,FRC3,1,False
2026-08-17 18:33:08,2026-08-17T11:33:08Z,Mon,18,Quang Trung - Đống Đa (Đoạn ngã 4),Phường Thanh Bình,16.073419,108.213994,2,105.5,25,36,0.694,426,296,FRC4,1,False
2026-08-17 18:33:08,2026-08-17T11:33:08Z,Mon,18,Trưng Nữ Vương,Phường Hòa Thuận Tây,16.044318,108.206417,2,25.0,35,46,0.761,1056,803,FRC4,1,False
2026-08-17 18:33:08,2026-08-17T11:33:08Z,Mon,18,Đ. Ngô Thì Nhậm,Phường Hòa Minh,16.071259,108.156865,2,40.0,27,40,0.675,288,194,FRC4,1,False
2026-08-17 18:33:08,2026-08-17T11:33:08Z,Mon,18,Ngô Tử Hạ,Phường Hòa An,16.043478,108.178278,2,55.0,40,51,0.784,1726,1354,FRC1,1,False
2026-08-17 18:33:08,2026-08-17T11:33:08Z,Mon,18,"Kiệt 818 Trần Cao Vân, tổ 20 P.Thanh Khê",Phường Thanh Khê Đông,16.069731,108.184158,2,90.0,22,35,0.629,822,517,FRC4,1,False
2026-08-17 18:33:08,2026-08-17T11:33:08Z,Mon,18,Hẻm 45 Đường An Mỹ 08 (Hem 45 Duong An M,Phường An Hải Tây,16.06394,108.23185,2,10.0,32,32,1.0,73,73,FRC3,1,False
2026-08-17 18:53:08,2026-08-17T11:53:08Z,Mon,18,15 Đường Quang Trung,Phường Hải Châu,16.075051,108.222198,5,12.0,20,33,0.606,905,548,FRC4,0.998186,False
2026-08-17 18:53:08,2026-08-17T11:53:08Z,Mon,18,Phần Lăng 1,Phường Hòa Cường Bắc,16.054171,108.188345,5,49.2,21,30,0.7,364,255,FRC4,0.928835,False
2026-08-17 18:53:08,2026-08-17T11:53:08Z,Mon,18,24 Đường Trần Phú,Phường Thạch Thang,16.077081,108.223023,5,12.0,25,36,0.694,426,296,FRC4,1,False
2026-08-17 18:53:08,2026-08-17T11:53:08Z,Mon,18,2 Đường Lý Thái Tổ (Duong Ly Thai To),Phường Thạc Gián,16.066432,108.209833,4,64.6,25,39,0.641,743,476,FRC1,0.996181,False
2026-08-17 18:53:08,2026-08-17T11:53:08Z,Mon,18,100 Đường Trần Phú,Phường Hải Châu 1,16.06907,108.22398,4,46.5,20,33,0.606,425,257,FRC4,1,False
2026-08-17 18:53:08,2026-08-17T11:53:08Z,Mon,18,Ngã tư Bắc Sơn – Trần Văn Ơn (Khu vực gi,Phường Hòa An,16.054638,108.176766,3,96.9,22,35,0.629,462,290,FRC4,0.994951,False
2026-08-17 18:53:08,2026-08-17T11:53:08Z,Mon,18,40 Đường Trần Phú,Phường Hải Châu I,16.071757,108.224725,3,59.6,27,27,1.0,14,14,FRC4,1,False
2026-08-17 18:53:08,2026-08-17T11:53:08Z,Mon,18,Bàu Làng,Phường Thanh Khê Đông,16.070435,108.185778,3,49.0,20,33,0.606,905,548,FRC4,0.998186,False
2026-08-17 18:53:08,2026-08-17T11:53:08Z,Mon,18,Huỳnh Ngọc Huệ,Phường Hòa Khê,16.061159,108.185345,3,81.0,18,28,0.643,445,286,FRC4,0.92,False
2026-08-17 18:53:08,2026-08-17T11:53:08Z,Mon,18,"Hàm Nghi, tổ 36 P.Vĩnh Trung (số 87 - 16",Phường Thạc Gián,16.061954,108.210494,2,93.1,31,41,0.756,2284,1727,FRC2,0.999025,False
2026-08-17 18:53:08,2026-08-17T11:53:08Z,Mon,18,Đường Bắc Sơn (Từ số nhà 02 đến số nhà 9,Phường Hòa An,16.059092,108.175051,2,105.7,29,46,0.63,1378,869,FRC1,1,False
2026-08-17 18:53:08,2026-08-17T11:53:08Z,Mon,18,Lê Thanh Nghị,Phường Hòa Cường Nam,16.035861,108.218057,2,19.2,23,37,0.622,253,157,FRC4,1,False
2026-08-17 18:53:08,2026-08-17T11:53:08Z,Mon,18,50 Đường Hoàng Hoa Thám,Phường Tam Thuận,16.069332,108.209716,2,45.0,21,36,0.583,464,271,FRC4,1,False
2026-08-17 18:53:08,2026-08-17T11:53:08Z,Mon,18,Đường Cầm Bá Thước (Toàn bộ tuyến đường),Phường Hòa Cường Bắc,16.042987,108.212774,2,52.0,36,47,0.766,1027,786,FRC4,1,False
2026-08-17 18:53:08,2026-08-17T11:53:08Z,Mon,18,Hà Huy Tập,Phường Hòa Khê,16.05858,108.184255,2,64.0,21,30,0.7,364,255,FRC4,0.928835,False
2026-08-17 18:53:08,2026-08-17T11:53:08Z,Mon,18,Kiệt 179 Nguyễn Văn Linh (Toàn bộ kiệt),Phường Nam Dương,16.060362,108.214005,2,65.0,31,41,0.756,2284,1727,FRC2,0.999025,False
2026-08-17 18:53:08,2026-08-17T11:53:08Z,Mon,18,67 Đường Tố Hữu,Phường Hòa Cường Nam,16.034478,108.219218,2,10.0,23,37,0.622,253,157,FRC4,1,False
2026-08-17 18:53:08,2026-08-17T11:53:08Z,Mon,18,Ngã tư Lê Thạch – Cao Sơn Pháo (Khu vực ,Phường Hòa Minh,16.057221,108.172134,2,53.3,29,46,0.63,1378,869,FRC1,1,False
2026-08-17 18:53:08,2026-08-17T11:53:08Z,Mon,18,Đường Hải Hồ,Phường Thanh Bình,16.081622,108.216037,2,36.7,23,35,0.657,390,256,FRC3,1,False
2026-08-17 18:53:08,2026-08-17T11:53:08Z,Mon,18,Kiệt 640 Trưng Nữ Vương (Toàn bộ kiệt),Phường Hòa Cường Bắc,16.04386,108.207734,2,70.0,35,47,0.745,1056,786,FRC4,1,False
2026-08-17 18:53:08,2026-08-17T11:53:08Z,Mon,18,20 Đường Lê Quý Đôn,Phường Bình Hiên,16.055828,108.22107,2,51.7,15,29,0.517,278,144,FRC4,0.959229,False
2026-08-17 18:53:08,2026-08-17T11:53:08Z,Mon,18,Đống Đa,Phường Thanh Bình,16.078364,108.216795,2,10.0,23,35,0.657,390,256,FRC3,1,False
2026-08-17 18:53:08,2026-08-17T11:53:08Z,Mon,18,Quận Liên Chiểu,Phường Hòa Minh,16.06738,108.166799,2,55.0,29,41,0.707,282,199,FRC4,1,False
2026-08-17 18:53:08,2026-08-17T11:53:08Z,Mon,18,Núi Thành,Phường Hòa Cường Nam,16.036737,108.222882,2,17.5,21,33,0.636,418,266,FRC4,1,False
2026-08-17 18:53:08,2026-08-17T11:53:08Z,Mon,18,"Ngã 3 Phạm Văn Nghị - Đào Duy Anh, phườn",Phường Thạc Gián,16.05869,108.209048,2,40.0,25,38,0.658,1786,1175,FRC4,1,False
2026-08-17 18:53:08,2026-08-17T11:53:08Z,Mon,18,Quận Sơn Trà,Phường Thọ Quang,16.104352,108.253997,2,26.5,37,45,0.822,1660,1365,FRC3,1,False
2026-08-17 18:53:08,2026-08-17T11:53:08Z,Mon,18,Quang Trung - Đống Đa (Đoạn ngã 4),Phường Thanh Bình,16.073419,108.213994,2,105.5,24,35,0.686,444,304,FRC4,1,False
2026-08-17 18:53:08,2026-08-17T11:53:08Z,Mon,18,Trưng Nữ Vương,Phường Hòa Thuận Tây,16.044318,108.206417,2,25.0,35,47,0.745,1056,786,FRC4,1,False
2026-08-17 18:53:08,2026-08-17T11:53:08Z,Mon,18,Đ. Ngô Thì Nhậm,Phường Hòa Minh,16.071259,108.156865,2,40.0,27,40,0.675,288,194,FRC4,1,False
2026-08-17 18:53:08,2026-08-17T11:53:08Z,Mon,18,Ngô Tử Hạ,Phường Hòa An,16.043478,108.178278,2,55.0,41,51,0.804,1684,1354,FRC1,1,False
2026-08-17 18:53:08,2026-08-17T11:53:08Z,Mon,18,"Kiệt 818 Trần Cao Vân, tổ 20 P.Thanh Khê",Phường Thanh Khê Đông,16.069731,108.184158,2,90.0,21,35,0.6,862,517,FRC4,1,False
2026-08-17 18:53:08,2026-08-17T11:53:08Z,Mon,18,Hẻm 45 Đường An Mỹ 08 (Hem 45 Duong An M,Phường An Hải Tây,16.06394,108.23185,2,10.0,22,32,0.688,107,73,FRC3,1,False
2026-08-17 19:58:35,2026-08-17T12:58:35Z,Mon,19,15 Đường Quang Trung,Phường Hải Châu,16.075051,108.222198,5,12.0,20,33,0.606,905,548,FRC4,1,False
2026-08-17 19:58:35,2026-08-17T12:58:35Z,Mon,19,Phần Lăng 1,Phường Hòa Cường Bắc,16.054171,108.188345,5,49.2,25,29,0.862,306,263,FRC4,0.956285,False
2026-08-17 19:58:35,2026-08-17T12:58:35Z,Mon,19,24 Đường Trần Phú,Phường Thạch Thang,16.077081,108.223023,5,12.0,22,36,0.611,485,296,FRC4,1,False
2026-08-17 19:58:35,2026-08-17T12:58:35Z,Mon,19,2 Đường Lý Thái Tổ (Duong Ly Thai To),Phường Thạc Gián,16.066432,108.209833,4,64.6,24,39,0.615,774,476,FRC1,0.996727,False
2026-08-17 19:58:35,2026-08-17T12:58:35Z,Mon,19,100 Đường Trần Phú,Phường Hải Châu 1,16.06907,108.22398,4,46.5,19,32,0.594,447,265,FRC4,1,False
2026-08-17 19:58:35,2026-08-17T12:58:35Z,Mon,19,Ngã tư Bắc Sơn – Trần Văn Ơn (Khu vực gi,Phường Hòa An,16.054638,108.176766,3,96.9,25,36,0.694,407,282,FRC4,0.99,False
2026-08-17 19:58:35,2026-08-17T12:58:35Z,Mon,19,40 Đường Trần Phú,Phường Hải Châu I,16.071757,108.224725,3,59.6,21,26,0.808,18,14,FRC4,0.81,False
2026-08-17 19:58:35,2026-08-17T12:58:35Z,Mon,19,Bàu Làng,Phường Thanh Khê Đông,16.070435,108.185778,3,49.0,20,33,0.606,905,548,FRC4,1,False
2026-08-17 19:58:35,2026-08-17T12:58:35Z,Mon,19,Huỳnh Ngọc Huệ,Phường Hòa Khê,16.061159,108.185345,3,81.0,19,26,0.731,421,308,FRC4,0.965082,False
2026-08-17 19:58:35,2026-08-17T12:58:35Z,Mon,19,"Hàm Nghi, tổ 36 P.Vĩnh Trung (số 87 - 16",Phường Thạc Gián,16.061954,108.210494,2,93.1,33,41,0.805,2146,1727,FRC2,0.99743,False
2026-08-17 19:58:35,2026-08-17T12:58:35Z,Mon,19,Đường Bắc Sơn (Từ số nhà 02 đến số nhà 9,Phường Hòa An,16.059092,108.175051,2,105.7,31,46,0.674,1289,869,FRC1,1,False
2026-08-17 19:58:35,2026-08-17T12:58:35Z,Mon,19,Lê Thanh Nghị,Phường Hòa Cường Nam,16.035861,108.218057,2,19.2,22,36,0.611,265,162,FRC4,1,False
2026-08-17 19:58:35,2026-08-17T12:58:35Z,Mon,19,50 Đường Hoàng Hoa Thám,Phường Tam Thuận,16.069332,108.209716,2,45.0,20,37,0.541,487,263,FRC4,1,False
2026-08-17 19:58:35,2026-08-17T12:58:35Z,Mon,19,Đường Cầm Bá Thước (Toàn bộ tuyến đường),Phường Hòa Cường Bắc,16.042987,108.212774,2,52.0,36,45,0.8,1027,821,FRC4,1,False
2026-08-17 19:58:35,2026-08-17T12:58:35Z,Mon,19,Hà Huy Tập,Phường Hòa Khê,16.05858,108.184255,2,64.0,25,29,0.862,306,263,FRC4,0.956285,False
2026-08-17 19:58:35,2026-08-17T12:58:35Z,Mon,19,Kiệt 179 Nguyễn Văn Linh (Toàn bộ kiệt),Phường Nam Dương,16.060362,108.214005,2,65.0,33,41,0.805,2146,1727,FRC2,0.99743,False
2026-08-17 19:58:35,2026-08-17T12:58:35Z,Mon,19,67 Đường Tố Hữu,Phường Hòa Cường Nam,16.034478,108.219218,2,10.0,22,36,0.611,265,162,FRC4,1,False
2026-08-17 19:58:35,2026-08-17T12:58:35Z,Mon,19,Ngã tư Lê Thạch – Cao Sơn Pháo (Khu vực ,Phường Hòa Minh,16.057221,108.172134,2,53.3,31,46,0.674,1289,869,FRC1,1,False
2026-08-17 19:58:35,2026-08-17T12:58:35Z,Mon,19,Đường Hải Hồ,Phường Thanh Bình,16.081622,108.216037,2,36.7,23,35,0.657,390,256,FRC3,1,False
2026-08-17 19:58:35,2026-08-17T12:58:35Z,Mon,19,Kiệt 640 Trưng Nữ Vương (Toàn bộ kiệt),Phường Hòa Cường Bắc,16.04386,108.207734,2,70.0,37,47,0.787,999,786,FRC4,1,False
2026-08-17 19:58:35,2026-08-17T12:58:35Z,Mon,19,20 Đường Lê Quý Đôn,Phường Bình Hiên,16.055828,108.22107,2,51.7,18,29,0.621,232,144,FRC4,0.936499,False
2026-08-17 19:58:35,2026-08-17T12:58:35Z,Mon,19,Đống Đa,Phường Thanh Bình,16.078364,108.216795,2,10.0,23,35,0.657,390,256,FRC3,1,False
2026-08-17 19:58:35,2026-08-17T12:58:35Z,Mon,19,Quận Liên Chiểu,Phường Hòa Minh,16.06738,108.166799,2,55.0,41,41,1.0,199,199,FRC4,1,False
2026-08-17 19:58:35,2026-08-17T12:58:35Z,Mon,19,Núi Thành,Phường Hòa Cường Nam,16.036737,108.222882,2,17.5,22,33,0.667,399,266,FRC4,1,False
2026-08-17 19:58:35,2026-08-17T12:58:35Z,Mon,19,"Ngã 3 Phạm Văn Nghị - Đào Duy Anh, phườn",Phường Thạc Gián,16.05869,108.209048,2,40.0,26,38,0.684,1718,1175,FRC4,1,False
2026-08-17 19:58:35,2026-08-17T12:58:35Z,Mon,19,Quận Sơn Trà,Phường Thọ Quang,16.104352,108.253997,2,26.5,36,44,0.818,1706,1396,FRC3,1,False
2026-08-17 19:58:35,2026-08-17T12:58:35Z,Mon,19,Quang Trung - Đống Đa (Đoạn ngã 4),Phường Thanh Bình,16.073419,108.213994,2,105.5,22,36,0.611,485,296,FRC4,1,False
2026-08-17 19:58:35,2026-08-17T12:58:35Z,Mon,19,Trưng Nữ Vương,Phường Hòa Thuận Tây,16.044318,108.206417,2,25.0,37,47,0.787,999,786,FRC4,1,False
2026-08-17 19:58:35,2026-08-17T12:58:35Z,Mon,19,Đ. Ngô Thì Nhậm,Phường Hòa Minh,16.071259,108.156865,2,40.0,28,40,0.7,278,194,FRC4,1,False
2026-08-17 19:58:35,2026-08-17T12:58:35Z,Mon,19,Ngô Tử Hạ,Phường Hòa An,16.043478,108.178278,2,55.0,40,51,0.784,1726,1354,FRC1,1,False
2026-08-17 19:58:35,2026-08-17T12:58:35Z,Mon,19,"Kiệt 818 Trần Cao Vân, tổ 20 P.Thanh Khê",Phường Thanh Khê Đông,16.069731,108.184158,2,90.0,23,34,0.676,787,532,FRC4,1,False
2026-08-17 19:58:35,2026-08-17T12:58:35Z,Mon,19,Hẻm 45 Đường An Mỹ 08 (Hem 45 Duong An M,Phường An Hải Tây,16.06394,108.23185,2,10.0,32,32,1.0,73,73,FRC3,1,False
2026-08-17 20:44:33,2026-08-17T13:44:33Z,Mon,20,15 Đường Quang Trung,Phường Hải Châu,16.075051,108.222198,5,12.0,23,33,0.697,787,548,FRC4,1,False
2026-08-17 20:44:33,2026-08-17T13:44:33Z,Mon,20,Phần Lăng 1,Phường Hòa Cường Bắc,16.054171,108.188345,5,49.2,30,30,1.0,255,255,FRC4,1,False
2026-08-17 20:44:33,2026-08-17T13:44:33Z,Mon,20,24 Đường Trần Phú,Phường Thạch Thang,16.077081,108.223023,5,12.0,27,36,0.75,395,296,FRC4,1,False
2026-08-17 20:44:33,2026-08-17T13:44:33Z,Mon,20,2 Đường Lý Thái Tổ (Duong Ly Thai To),Phường Thạc Gián,16.066432,108.209833,4,64.6,26,39,0.667,714,476,FRC1,0.996766,False
2026-08-17 20:44:33,2026-08-17T13:44:33Z,Mon,20,100 Đường Trần Phú,Phường Hải Châu 1,16.06907,108.22398,4,46.5,19,33,0.576,447,257,FRC4,1,False
2026-08-17 20:44:33,2026-08-17T13:44:33Z,Mon,20,Ngã tư Bắc Sơn – Trần Văn Ơn (Khu vực gi,Phường Hòa An,16.054638,108.176766,3,96.9,22,34,0.647,462,299,FRC4,0.996125,False
2026-08-17 20:44:33,2026-08-17T13:44:33Z,Mon,20,40 Đường Trần Phú,Phường Hải Châu I,16.071757,108.224725,3,59.6,27,27,1.0,14,14,FRC4,1,False
2026-08-17 20:44:33,2026-08-17T13:44:33Z,Mon,20,Bàu Làng,Phường Thanh Khê Đông,16.070435,108.185778,3,49.0,23,33,0.697,787,548,FRC4,1,False
2026-08-17 20:44:33,2026-08-17T13:44:33Z,Mon,20,Huỳnh Ngọc Huệ,Phường Hòa Khê,16.061159,108.185345,3,81.0,23,28,0.821,348,286,FRC4,0.917852,False
2026-08-17 20:44:33,2026-08-17T13:44:33Z,Mon,20,"Hàm Nghi, tổ 36 P.Vĩnh Trung (số 87 - 16",Phường Thạc Gián,16.061954,108.210494,2,93.1,31,41,0.756,2284,1727,FRC2,0.996507,False
2026-08-17 20:44:33,2026-08-17T13:44:33Z,Mon,20,Đường Bắc Sơn (Từ số nhà 02 đến số nhà 9,Phường Hòa An,16.059092,108.175051,2,105.7,30,47,0.638,1332,850,FRC1,1,False
2026-08-17 20:44:33,2026-08-17T13:44:33Z,Mon,20,Lê Thanh Nghị,Phường Hòa Cường Nam,16.035861,108.218057,2,19.2,25,37,0.676,233,157,FRC4,1,False
2026-08-17 20:44:33,2026-08-17T13:44:33Z,Mon,20,50 Đường Hoàng Hoa Thám,Phường Tam Thuận,16.069332,108.209716,2,45.0,20,37,0.541,487,263,FRC4,1,False
2026-08-17 20:44:33,2026-08-17T13:44:33Z,Mon,20,Đường Cầm Bá Thước (Toàn bộ tuyến đường),Phường Hòa Cường Bắc,16.042987,108.212774,2,52.0,37,46,0.804,999,803,FRC4,1,False
2026-08-17 20:44:33,2026-08-17T13:44:33Z,Mon,20,Hà Huy Tập,Phường Hòa Khê,16.05858,108.184255,2,64.0,30,30,1.0,255,255,FRC4,1,False
2026-08-17 20:44:33,2026-08-17T13:44:33Z,Mon,20,Kiệt 179 Nguyễn Văn Linh (Toàn bộ kiệt),Phường Nam Dương,16.060362,108.214005,2,65.0,31,41,0.756,2284,1727,FRC2,0.996507,False
2026-08-17 20:44:33,2026-08-17T13:44:33Z,Mon,20,67 Đường Tố Hữu,Phường Hòa Cường Nam,16.034478,108.219218,2,10.0,25,37,0.676,233,157,FRC4,1,False
2026-08-17 20:44:33,2026-08-17T13:44:33Z,Mon,20,Ngã tư Lê Thạch – Cao Sơn Pháo (Khu vực ,Phường Hòa Minh,16.057221,108.172134,2,53.3,30,47,0.638,1332,850,FRC1,1,False
2026-08-17 20:44:33,2026-08-17T13:44:33Z,Mon,20,Đường Hải Hồ,Phường Thanh Bình,16.081622,108.216037,2,36.7,25,35,0.714,359,256,FRC3,1,False
2026-08-17 20:44:33,2026-08-17T13:44:33Z,Mon,20,Kiệt 640 Trưng Nữ Vương (Toàn bộ kiệt),Phường Hòa Cường Bắc,16.04386,108.207734,2,70.0,39,46,0.848,948,803,FRC4,1,False
2026-08-17 20:44:33,2026-08-17T13:44:33Z,Mon,20,20 Đường Lê Quý Đôn,Phường Bình Hiên,16.055828,108.22107,2,51.7,12,28,0.429,348,149,FRC4,0.823303,False
2026-08-17 20:44:33,2026-08-17T13:44:33Z,Mon,20,Đống Đa,Phường Thanh Bình,16.078364,108.216795,2,10.0,25,35,0.714,359,256,FRC3,1,False
2026-08-17 20:44:33,2026-08-17T13:44:33Z,Mon,20,Quận Liên Chiểu,Phường Hòa Minh,16.06738,108.166799,2,55.0,30,41,0.732,272,199,FRC4,1,False
2026-08-17 20:44:33,2026-08-17T13:44:33Z,Mon,20,Núi Thành,Phường Hòa Cường Nam,16.036737,108.222882,2,17.5,20,33,0.606,439,266,FRC4,1,False
2026-08-17 20:44:33,2026-08-17T13:44:33Z,Mon,20,"Ngã 3 Phạm Văn Nghị - Đào Duy Anh, phườn",Phường Thạc Gián,16.05869,108.209048,2,40.0,27,37,0.73,1654,1207,FRC4,1,False
2026-08-17 20:44:33,2026-08-17T13:44:33Z,Mon,20,Quận Sơn Trà,Phường Thọ Quang,16.104352,108.253997,2,26.5,36,44,0.818,1706,1396,FRC3,1,False
2026-08-17 20:44:33,2026-08-17T13:44:33Z,Mon,20,Quang Trung - Đống Đa (Đoạn ngã 4),Phường Thanh Bình,16.073419,108.213994,2,105.5,27,36,0.75,395,296,FRC4,1,False
2026-08-17 20:44:33,2026-08-17T13:44:33Z,Mon,20,Trưng Nữ Vương,Phường Hòa Thuận Tây,16.044318,108.206417,2,25.0,39,46,0.848,948,803,FRC4,1,False
2026-08-17 20:44:33,2026-08-17T13:44:33Z,Mon,20,Đ. Ngô Thì Nhậm,Phường Hòa Minh,16.071259,108.156865,2,40.0,25,39,0.641,311,199,FRC4,1,False
2026-08-17 20:44:33,2026-08-17T13:44:33Z,Mon,20,Ngô Tử Hạ,Phường Hòa An,16.043478,108.178278,2,55.0,41,51,0.804,1684,1354,FRC1,1,False
2026-08-17 20:44:33,2026-08-17T13:44:33Z,Mon,20,"Kiệt 818 Trần Cao Vân, tổ 20 P.Thanh Khê",Phường Thanh Khê Đông,16.069731,108.184158,2,90.0,24,34,0.706,754,532,FRC4,1,False
2026-08-17 20:44:33,2026-08-17T13:44:33Z,Mon,20,Hẻm 45 Đường An Mỹ 08 (Hem 45 Duong An M,Phường An Hải Tây,16.06394,108.23185,2,10.0,32,32,1.0,73,73,FRC3,1,False
2026-08-17 21:36:02,2026-08-17T14:36:02Z,Mon,21,15 Đường Quang Trung,Phường Hải Châu,16.075051,108.222198,5,12.0,25,34,0.735,724,532,FRC4,0.992523,False
2026-08-17 21:36:02,2026-08-17T14:36:02Z,Mon,21,Phần Lăng 1,Phường Hòa Cường Bắc,16.054171,108.188345,5,49.2,24,30,0.8,318,255,FRC4,0.941934,False
2026-08-17 21:36:02,2026-08-17T14:36:02Z,Mon,21,24 Đường Trần Phú,Phường Thạch Thang,16.077081,108.223023,5,12.0,26,35,0.743,410,304,FRC4,1,False
2026-08-17 21:36:02,2026-08-17T14:36:02Z,Mon,21,2 Đường Lý Thái Tổ (Duong Ly Thai To),Phường Thạc Gián,16.066432,108.209833,4,64.6,28,39,0.718,663,476,FRC1,1,False
2026-08-17 21:36:02,2026-08-17T14:36:02Z,Mon,21,100 Đường Trần Phú,Phường Hải Châu 1,16.06907,108.22398,4,46.5,20,32,0.625,425,265,FRC4,1,False
2026-08-17 21:36:02,2026-08-17T14:36:02Z,Mon,21,Ngã tư Bắc Sơn – Trần Văn Ơn (Khu vực gi,Phường Hòa An,16.054638,108.176766,3,96.9,28,36,0.778,363,282,FRC4,0.981193,False
2026-08-17 21:36:02,2026-08-17T14:36:02Z,Mon,21,40 Đường Trần Phú,Phường Hải Châu I,16.071757,108.224725,3,59.6,27,27,1.0,14,14,FRC4,1,False
2026-08-17 21:36:02,2026-08-17T14:36:02Z,Mon,21,Bàu Làng,Phường Thanh Khê Đông,16.070435,108.185778,3,49.0,25,34,0.735,724,532,FRC4,0.992523,False
2026-08-17 21:36:02,2026-08-17T14:36:02Z,Mon,21,Huỳnh Ngọc Huệ,Phường Hòa Khê,16.061159,108.185345,3,81.0,20,27,0.741,400,296,FRC4,0.953719,False
2026-08-17 21:36:02,2026-08-17T14:36:02Z,Mon,21,"Hàm Nghi, tổ 36 P.Vĩnh Trung (số 87 - 16",Phường Thạc Gián,16.061954,108.210494,2,93.1,32,41,0.78,2213,1727,FRC2,0.996234,False
2026-08-17 21:36:02,2026-08-17T14:36:02Z,Mon,21,Đường Bắc Sơn (Từ số nhà 02 đến số nhà 9,Phường Hòa An,16.059092,108.175051,2,105.7,29,47,0.617,1378,850,FRC1,1,False
2026-08-17 21:36:02,2026-08-17T14:36:02Z,Mon,21,Lê Thanh Nghị,Phường Hòa Cường Nam,16.035861,108.218057,2,19.2,25,37,0.676,233,157,FRC4,1,False
2026-08-17 21:36:02,2026-08-17T14:36:02Z,Mon,21,50 Đường Hoàng Hoa Thám,Phường Tam Thuận,16.069332,108.209716,2,45.0,23,37,0.622,424,263,FRC4,1,False
2026-08-17 21:36:02,2026-08-17T14:36:02Z,Mon,21,Đường Cầm Bá Thước (Toàn bộ tuyến đường),Phường Hòa Cường Bắc,16.042987,108.212774,2,52.0,47,47,1.0,786,786,FRC4,1,False
2026-08-17 21:36:02,2026-08-17T14:36:02Z,Mon,21,Hà Huy Tập,Phường Hòa Khê,16.05858,108.184255,2,64.0,24,30,0.8,318,255,FRC4,0.941934,False
2026-08-17 21:36:02,2026-08-17T14:36:02Z,Mon,21,Kiệt 179 Nguyễn Văn Linh (Toàn bộ kiệt),Phường Nam Dương,16.060362,108.214005,2,65.0,32,41,0.78,2213,1727,FRC2,0.996234,False
2026-08-17 21:36:02,2026-08-17T14:36:02Z,Mon,21,67 Đường Tố Hữu,Phường Hòa Cường Nam,16.034478,108.219218,2,10.0,25,37,0.676,233,157,FRC4,1,False
2026-08-17 21:36:02,2026-08-17T14:36:02Z,Mon,21,Ngã tư Lê Thạch – Cao Sơn Pháo (Khu vực ,Phường Hòa Minh,16.057221,108.172134,2,53.3,29,47,0.617,1378,850,FRC1,1,False
2026-08-17 21:36:02,2026-08-17T14:36:02Z,Mon,21,Đường Hải Hồ,Phường Thanh Bình,16.081622,108.216037,2,36.7,25,35,0.714,359,256,FRC3,1,False
2026-08-17 21:36:02,2026-08-17T14:36:02Z,Mon,21,Kiệt 640 Trưng Nữ Vương (Toàn bộ kiệt),Phường Hòa Cường Bắc,16.04386,108.207734,2,70.0,38,46,0.826,973,803,FRC4,1,False
2026-08-17 21:36:02,2026-08-17T14:36:02Z,Mon,21,20 Đường Lê Quý Đôn,Phường Bình Hiên,16.055828,108.22107,2,51.7,20,29,0.69,209,144,FRC4,0.93,False
2026-08-17 21:36:02,2026-08-17T14:36:02Z,Mon,21,Đống Đa,Phường Thanh Bình,16.078364,108.216795,2,10.0,25,35,0.714,359,256,FRC3,1,False
2026-08-17 21:36:02,2026-08-17T14:36:02Z,Mon,21,Quận Liên Chiểu,Phường Hòa Minh,16.06738,108.166799,2,55.0,41,41,1.0,199,199,FRC4,1,False
2026-08-17 21:36:02,2026-08-17T14:36:02Z,Mon,21,Núi Thành,Phường Hòa Cường Nam,16.036737,108.222882,2,17.5,26,34,0.765,338,258,FRC4,1,False
2026-08-17 21:36:02,2026-08-17T14:36:02Z,Mon,21,"Ngã 3 Phạm Văn Nghị - Đào Duy Anh, phườn",Phường Thạc Gián,16.05869,108.209048,2,40.0,28,38,0.737,1595,1175,FRC4,1,False
2026-08-17 21:36:02,2026-08-17T14:36:02Z,Mon,21,Quận Sơn Trà,Phường Thọ Quang,16.104352,108.253997,2,26.5,36,44,0.818,1706,1396,FRC3,1,False
2026-08-17 21:36:02,2026-08-17T14:36:02Z,Mon,21,Quang Trung - Đống Đa (Đoạn ngã 4),Phường Thanh Bình,16.073419,108.213994,2,105.5,26,35,0.743,410,304,FRC4,1,False
2026-08-17 21:36:02,2026-08-17T14:36:02Z,Mon,21,Trưng Nữ Vương,Phường Hòa Thuận Tây,16.044318,108.206417,2,25.0,38,46,0.826,973,803,FRC4,1,False
2026-08-17 21:36:02,2026-08-17T14:36:02Z,Mon,21,Đ. Ngô Thì Nhậm,Phường Hòa Minh,16.071259,108.156865,2,40.0,28,39,0.718,278,199,FRC4,1,False
2026-08-17 21:36:02,2026-08-17T14:36:02Z,Mon,21,Ngô Tử Hạ,Phường Hòa An,16.043478,108.178278,2,55.0,42,51,0.824,1644,1354,FRC1,1,False
2026-08-17 21:36:02,2026-08-17T14:36:02Z,Mon,21,"Kiệt 818 Trần Cao Vân, tổ 20 P.Thanh Khê",Phường Thanh Khê Đông,16.069731,108.184158,2,90.0,22,34,0.647,822,532,FRC4,0.997534,False
2026-08-17 21:36:02,2026-08-17T14:36:02Z,Mon,21,Hẻm 45 Đường An Mỹ 08 (Hem 45 Duong An M,Phường An Hải Tây,16.06394,108.23185,2,10.0,32,32,1.0,73,73,FRC3,1,False
2026-08-17 21:57:09,2026-08-17T14:57:09Z,Mon,21,15 Đường Quang Trung,Phường Hải Châu,16.075051,108.222198,5,12.0,24,33,0.727,754,548,FRC4,0.993309,False
2026-08-17 21:57:09,2026-08-17T14:57:09Z,Mon,21,Phần Lăng 1,Phường Hòa Cường Bắc,16.054171,108.188345,5,49.2,25,30,0.833,306,255,FRC4,0.929562,False
2026-08-17 21:57:09,2026-08-17T14:57:09Z,Mon,21,24 Đường Trần Phú,Phường Thạch Thang,16.077081,108.223023,5,12.0,26,36,0.722,410,296,FRC4,1,False
2026-08-17 21:57:09,2026-08-17T14:57:09Z,Mon,21,2 Đường Lý Thái Tổ (Duong Ly Thai To),Phường Thạc Gián,16.066432,108.209833,4,64.6,28,38,0.737,663,488,FRC1,0.996766,False
2026-08-17 21:57:09,2026-08-17T14:57:09Z,Mon,21,100 Đường Trần Phú,Phường Hải Châu 1,16.06907,108.22398,4,46.5,22,32,0.688,386,265,FRC4,1,False
2026-08-17 21:57:09,2026-08-17T14:57:09Z,Mon,21,Ngã tư Bắc Sơn – Trần Văn Ơn (Khu vực gi,Phường Hòa An,16.054638,108.176766,3,96.9,36,36,1.0,282,282,FRC4,1,False
2026-08-17 21:57:09,2026-08-17T14:57:09Z,Mon,21,40 Đường Trần Phú,Phường Hải Châu I,16.071757,108.224725,3,59.6,27,27,1.0,14,14,FRC4,1,False
2026-08-17 21:57:09,2026-08-17T14:57:09Z,Mon,21,Bàu Làng,Phường Thanh Khê Đông,16.070435,108.185778,3,49.0,24,33,0.727,754,548,FRC4,0.993309,False
2026-08-17 21:57:09,2026-08-17T14:57:09Z,Mon,21,Huỳnh Ngọc Huệ,Phường Hòa Khê,16.061159,108.185345,3,81.0,22,27,0.815,364,296,FRC4,0.91,False
2026-08-17 21:57:09,2026-08-17T14:57:09Z,Mon,21,"Hàm Nghi, tổ 36 P.Vĩnh Trung (số 87 - 16",Phường Thạc Gián,16.061954,108.210494,2,93.1,32,41,0.78,2213,1727,FRC2,0.992981,False
2026-08-17 21:57:09,2026-08-17T14:57:09Z,Mon,21,Đường Bắc Sơn (Từ số nhà 02 đến số nhà 9,Phường Hòa An,16.059092,108.175051,2,105.7,31,46,0.674,1289,869,FRC1,1,False
2026-08-17 21:57:09,2026-08-17T14:57:09Z,Mon,21,Lê Thanh Nghị,Phường Hòa Cường Nam,16.035861,108.218057,2,19.2,23,37,0.622,253,157,FRC4,1,False
2026-08-17 21:57:09,2026-08-17T14:57:09Z,Mon,21,50 Đường Hoàng Hoa Thám,Phường Tam Thuận,16.069332,108.209716,2,45.0,25,37,0.676,390,263,FRC4,1,False
2026-08-17 21:57:09,2026-08-17T14:57:09Z,Mon,21,Đường Cầm Bá Thước (Toàn bộ tuyến đường),Phường Hòa Cường Bắc,16.042987,108.212774,2,52.0,47,47,1.0,786,786,FRC4,1,False
2026-08-17 21:57:09,2026-08-17T14:57:09Z,Mon,21,Hà Huy Tập,Phường Hòa Khê,16.05858,108.184255,2,64.0,25,30,0.833,306,255,FRC4,0.929562,False
2026-08-17 21:57:09,2026-08-17T14:57:09Z,Mon,21,Kiệt 179 Nguyễn Văn Linh (Toàn bộ kiệt),Phường Nam Dương,16.060362,108.214005,2,65.0,32,41,0.78,2213,1727,FRC2,0.992981,False
2026-08-17 21:57:09,2026-08-17T14:57:09Z,Mon,21,67 Đường Tố Hữu,Phường Hòa Cường Nam,16.034478,108.219218,2,10.0,23,37,0.622,253,157,FRC4,1,False
2026-08-17 21:57:09,2026-08-17T14:57:09Z,Mon,21,Ngã tư Lê Thạch – Cao Sơn Pháo (Khu vực ,Phường Hòa Minh,16.057221,108.172134,2,53.3,31,46,0.674,1289,869,FRC1,1,False
2026-08-17 21:57:09,2026-08-17T14:57:09Z,Mon,21,Đường Hải Hồ,Phường Thanh Bình,16.081622,108.216037,2,36.7,23,35,0.657,390,256,FRC3,1,False
2026-08-17 21:57:09,2026-08-17T14:57:09Z,Mon,21,Kiệt 640 Trưng Nữ Vương (Toàn bộ kiệt),Phường Hòa Cường Bắc,16.04386,108.207734,2,70.0,39,47,0.83,948,786,FRC4,1,False
2026-08-17 21:57:09,2026-08-17T14:57:09Z,Mon,21,20 Đường Lê Quý Đôn,Phường Bình Hiên,16.055828,108.22107,2,51.7,18,29,0.621,232,144,FRC4,0.90511,False
2026-08-17 21:57:09,2026-08-17T14:57:09Z,Mon,21,Đống Đa,Phường Thanh Bình,16.078364,108.216795,2,10.0,23,35,0.657,390,256,FRC3,1,False
2026-08-17 21:57:09,2026-08-17T14:57:09Z,Mon,21,Quận Liên Chiểu,Phường Hòa Minh,16.06738,108.166799,2,55.0,41,41,1.0,199,199,FRC4,1,False
2026-08-17 21:57:09,2026-08-17T14:57:09Z,Mon,21,Núi Thành,Phường Hòa Cường Nam,16.036737,108.222882,2,17.5,24,33,0.727,366,266,FRC4,1,False
2026-08-17 21:57:09,2026-08-17T14:57:09Z,Mon,21,"Ngã 3 Phạm Văn Nghị - Đào Duy Anh, phườn",Phường Thạc Gián,16.05869,108.209048,2,40.0,29,37,0.784,1540,1207,FRC4,1,False
2026-08-17 21:57:09,2026-08-17T14:57:09Z,Mon,21,Quận Sơn Trà,Phường Thọ Quang,16.104352,108.253997,2,26.5,37,44,0.841,1660,1396,FRC3,1,False
2026-08-17 21:57:09,2026-08-17T14:57:09Z,Mon,21,Quang Trung - Đống Đa (Đoạn ngã 4),Phường Thanh Bình,16.073419,108.213994,2,105.5,26,36,0.722,410,296,FRC4,1,False
2026-08-17 21:57:09,2026-08-17T14:57:09Z,Mon,21,Trưng Nữ Vương,Phường Hòa Thuận Tây,16.044318,108.206417,2,25.0,39,47,0.83,948,786,FRC4,1,False
2026-08-17 21:57:09,2026-08-17T14:57:09Z,Mon,21,Đ. Ngô Thì Nhậm,Phường Hòa Minh,16.071259,108.156865,2,40.0,30,40,0.75,259,194,FRC4,1,False
2026-08-17 21:57:09,2026-08-17T14:57:09Z,Mon,21,Ngô Tử Hạ,Phường Hòa An,16.043478,108.178278,2,55.0,52,52,1.0,1328,1328,FRC1,1,False
2026-08-17 21:57:09,2026-08-17T14:57:09Z,Mon,21,"Kiệt 818 Trần Cao Vân, tổ 20 P.Thanh Khê",Phường Thanh Khê Đông,16.069731,108.184158,2,90.0,24,34,0.706,754,532,FRC4,0.996413,False
2026-08-17 21:57:09,2026-08-17T14:57:09Z,Mon,21,Hẻm 45 Đường An Mỹ 08 (Hem 45 Duong An M,Phường An Hải Tây,16.06394,108.23185,2,10.0,32,32,1.0,73,73,FRC3,1,False
2026-08-17 22:32:22,2026-08-17T15:32:22Z,Mon,22,15 Đường Quang Trung,Phường Hải Châu,16.075051,108.222198,5,12.0,34,34,1.0,532,532,FRC4,1,False
2026-08-17 22:32:22,2026-08-17T15:32:22Z,Mon,22,Phần Lăng 1,Phường Hòa Cường Bắc,16.054171,108.188345,5,49.2,30,30,1.0,255,255,FRC4,1,False
2026-08-17 22:32:22,2026-08-17T15:32:22Z,Mon,22,24 Đường Trần Phú,Phường Thạch Thang,16.077081,108.223023,5,12.0,37,37,1.0,288,288,FRC4,1,False
2026-08-17 22:32:22,2026-08-17T15:32:22Z,Mon,22,2 Đường Lý Thái Tổ (Duong Ly Thai To),Phường Thạc Gián,16.066432,108.209833,4,64.6,29,39,0.744,640,476,FRC1,0.997192,False
2026-08-17 22:32:22,2026-08-17T15:32:22Z,Mon,22,100 Đường Trần Phú,Phường Hải Châu 1,16.06907,108.22398,4,46.5,33,33,1.0,257,257,FRC4,1,False
2026-08-17 22:32:22,2026-08-17T15:32:22Z,Mon,22,Ngã tư Bắc Sơn – Trần Văn Ơn (Khu vực gi,Phường Hòa An,16.054638,108.176766,3,96.9,36,36,1.0,282,282,FRC4,1,False
2026-08-17 22:32:22,2026-08-17T15:32:22Z,Mon,22,40 Đường Trần Phú,Phường Hải Châu I,16.071757,108.224725,3,59.6,20,26,0.769,19,14,FRC4,0.95,False
2026-08-17 22:32:22,2026-08-17T15:32:22Z,Mon,22,Bàu Làng,Phường Thanh Khê Đông,16.070435,108.185778,3,49.0,34,34,1.0,532,532,FRC4,1,False
2026-08-17 22:32:22,2026-08-17T15:32:22Z,Mon,22,Huỳnh Ngọc Huệ,Phường Hòa Khê,16.061159,108.185345,3,81.0,22,27,0.815,364,296,FRC4,0.887423,False
2026-08-17 22:32:22,2026-08-17T15:32:22Z,Mon,22,"Hàm Nghi, tổ 36 P.Vĩnh Trung (số 87 - 16",Phường Thạc Gián,16.061954,108.210494,2,93.1,32,40,0.8,2213,1770,FRC2,0.987056,False
2026-08-17 22:32:22,2026-08-17T15:32:22Z,Mon,22,Đường Bắc Sơn (Từ số nhà 02 đến số nhà 9,Phường Hòa An,16.059092,108.175051,2,105.7,30,46,0.652,1332,869,FRC1,1,False
2026-08-17 22:32:22,2026-08-17T15:32:22Z,Mon,22,Lê Thanh Nghị,Phường Hòa Cường Nam,16.035861,108.218057,2,19.2,30,37,0.811,194,157,FRC4,1,False
2026-08-17 22:32:22,2026-08-17T15:32:22Z,Mon,22,50 Đường Hoàng Hoa Thám,Phường Tam Thuận,16.069332,108.209716,2,45.0,27,37,0.73,361,263,FRC4,1,False
2026-08-17 22:32:22,2026-08-17T15:32:22Z,Mon,22,Đường Cầm Bá Thước (Toàn bộ tuyến đường),Phường Hòa Cường Bắc,16.042987,108.212774,2,52.0,47,47,1.0,786,786,FRC4,1,False
2026-08-17 22:32:22,2026-08-17T15:32:22Z,Mon,22,Hà Huy Tập,Phường Hòa Khê,16.05858,108.184255,2,64.0,30,30,1.0,255,255,FRC4,1,False
2026-08-17 22:32:22,2026-08-17T15:32:22Z,Mon,22,Kiệt 179 Nguyễn Văn Linh (Toàn bộ kiệt),Phường Nam Dương,16.060362,108.214005,2,65.0,32,40,0.8,2213,1770,FRC2,0.987056,False
2026-08-17 22:32:22,2026-08-17T15:32:22Z,Mon,22,67 Đường Tố Hữu,Phường Hòa Cường Nam,16.034478,108.219218,2,10.0,30,37,0.811,194,157,FRC4,1,False
2026-08-17 22:32:22,2026-08-17T15:32:22Z,Mon,22,Ngã tư Lê Thạch – Cao Sơn Pháo (Khu vực ,Phường Hòa Minh,16.057221,108.172134,2,53.3,30,46,0.652,1332,869,FRC1,1,False
2026-08-17 22:32:22,2026-08-17T15:32:22Z,Mon,22,Đường Hải Hồ,Phường Thanh Bình,16.081622,108.216037,2,36.7,36,36,1.0,249,249,FRC3,1,False
2026-08-17 22:32:22,2026-08-17T15:32:22Z,Mon,22,Kiệt 640 Trưng Nữ Vương (Toàn bộ kiệt),Phường Hòa Cường Bắc,16.04386,108.207734,2,70.0,47,47,1.0,786,786,FRC4,1,False
2026-08-17 22:32:22,2026-08-17T15:32:22Z,Mon,22,20 Đường Lê Quý Đôn,Phường Bình Hiên,16.055828,108.22107,2,51.7,20,29,0.69,209,144,FRC4,0.956143,False
2026-08-17 22:32:22,2026-08-17T15:32:22Z,Mon,22,Đống Đa,Phường Thanh Bình,16.078364,108.216795,2,10.0,36,36,1.0,249,249,FRC3,1,False
2026-08-17 22:32:22,2026-08-17T15:32:22Z,Mon,22,Quận Liên Chiểu,Phường Hòa Minh,16.06738,108.166799,2,55.0,41,41,1.0,199,199,FRC4,1,False
2026-08-17 22:32:22,2026-08-17T15:32:22Z,Mon,22,Núi Thành,Phường Hòa Cường Nam,16.036737,108.222882,2,17.5,23,32,0.719,382,274,FRC4,1,False
2026-08-17 22:32:22,2026-08-17T15:32:22Z,Mon,22,"Ngã 3 Phạm Văn Nghị - Đào Duy Anh, phườn",Phường Thạc Gián,16.05869,108.209048,2,40.0,29,37,0.784,1540,1207,FRC4,1,False
2026-08-17 22:32:22,2026-08-17T15:32:22Z,Mon,22,Quận Sơn Trà,Phường Thọ Quang,16.104352,108.253997,2,26.5,36,44,0.818,1706,1396,FRC3,1,False
2026-08-17 22:32:22,2026-08-17T15:32:22Z,Mon,22,Quang Trung - Đống Đa (Đoạn ngã 4),Phường Thanh Bình,16.073419,108.213994,2,105.5,37,37,1.0,288,288,FRC4,1,False
2026-08-17 22:32:22,2026-08-17T15:32:22Z,Mon,22,Trưng Nữ Vương,Phường Hòa Thuận Tây,16.044318,108.206417,2,25.0,47,47,1.0,786,786,FRC4,1,False
2026-08-17 22:32:22,2026-08-17T15:32:22Z,Mon,22,Đ. Ngô Thì Nhậm,Phường Hòa Minh,16.071259,108.156865,2,40.0,29,40,0.725,268,194,FRC4,1,False
2026-08-17 22:32:22,2026-08-17T15:32:22Z,Mon,22,Ngô Tử Hạ,Phường Hòa An,16.043478,108.178278,2,55.0,52,52,1.0,1328,1328,FRC1,1,False
2026-08-17 22:32:22,2026-08-17T15:32:22Z,Mon,22,"Kiệt 818 Trần Cao Vân, tổ 20 P.Thanh Khê",Phường Thanh Khê Đông,16.069731,108.184158,2,90.0,35,35,1.0,517,517,FRC4,1,False
2026-08-17 22:32:22,2026-08-17T15:32:22Z,Mon,22,Hẻm 45 Đường An Mỹ 08 (Hem 45 Duong An M,Phường An Hải Tây,16.06394,108.23185,2,10.0,25,30,0.833,94,78,FRC3,1,False
2026-08-17 22:51:57,2026-08-17T15:51:57Z,Mon,22,15 Đường Quang Trung,Phường Hải Châu,16.075051,108.222198,5,12.0,27,33,0.818,670,548,FRC4,1,False
2026-08-17 22:51:57,2026-08-17T15:51:57Z,Mon,22,Phần Lăng 1,Phường Hòa Cường Bắc,16.054171,108.188345,5,49.2,30,30,1.0,255,255,FRC4,1,False
2026-08-17 22:51:57,2026-08-17T15:51:57Z,Mon,22,24 Đường Trần Phú,Phường Thạch Thang,16.077081,108.223023,5,12.0,31,36,0.861,344,296,FRC4,1,False
2026-08-17 22:51:57,2026-08-17T15:51:57Z,Mon,22,2 Đường Lý Thái Tổ (Duong Ly Thai To),Phường Thạc Gián,16.066432,108.209833,4,64.6,28,38,0.737,663,488,FRC1,0.988479,False
2026-08-17 22:51:57,2026-08-17T15:51:57Z,Mon,22,100 Đường Trần Phú,Phường Hải Châu 1,16.06907,108.22398,4,46.5,24,32,0.75,354,265,FRC4,1,False
2026-08-17 22:51:57,2026-08-17T15:51:57Z,Mon,22,Ngã tư Bắc Sơn – Trần Văn Ơn (Khu vực gi,Phường Hòa An,16.054638,108.176766,3,96.9,36,36,1.0,282,282,FRC4,1,False
2026-08-17 22:51:57,2026-08-17T15:51:57Z,Mon,22,40 Đường Trần Phú,Phường Hải Châu I,16.071757,108.224725,3,59.6,27,27,1.0,14,14,FRC4,1,False
2026-08-17 22:51:57,2026-08-17T15:51:57Z,Mon,22,Bàu Làng,Phường Thanh Khê Đông,16.070435,108.185778,3,49.0,27,33,0.818,670,548,FRC4,1,False
2026-08-17 22:51:57,2026-08-17T15:51:57Z,Mon,22,Huỳnh Ngọc Huệ,Phường Hòa Khê,16.061159,108.185345,3,81.0,28,28,1.0,286,286,FRC4,1,False
2026-08-17 22:51:57,2026-08-17T15:51:57Z,Mon,22,"Hàm Nghi, tổ 36 P.Vĩnh Trung (số 87 - 16",Phường Thạc Gián,16.061954,108.210494,2,93.1,34,41,0.829,2082,1727,FRC2,0.975445,False
2026-08-17 22:51:57,2026-08-17T15:51:57Z,Mon,22,Đường Bắc Sơn (Từ số nhà 02 đến số nhà 9,Phường Hòa An,16.059092,108.175051,2,105.7,31,46,0.674,1289,869,FRC1,1,False
2026-08-17 22:51:57,2026-08-17T15:51:57Z,Mon,22,Lê Thanh Nghị,Phường Hòa Cường Nam,16.035861,108.218057,2,19.2,37,37,1.0,157,157,FRC4,1,False
2026-08-17 22:51:57,2026-08-17T15:51:57Z,Mon,22,50 Đường Hoàng Hoa Thám,Phường Tam Thuận,16.069332,108.209716,2,45.0,38,38,1.0,256,256,FRC4,1,False
2026-08-17 22:51:57,2026-08-17T15:51:57Z,Mon,22,Đường Cầm Bá Thước (Toàn bộ tuyến đường),Phường Hòa Cường Bắc,16.042987,108.212774,2,52.0,47,47,1.0,786,786,FRC4,1,False
2026-08-17 22:51:57,2026-08-17T15:51:57Z,Mon,22,Hà Huy Tập,Phường Hòa Khê,16.05858,108.184255,2,64.0,30,30,1.0,255,255,FRC4,1,False
2026-08-17 22:51:57,2026-08-17T15:51:57Z,Mon,22,Kiệt 179 Nguyễn Văn Linh (Toàn bộ kiệt),Phường Nam Dương,16.060362,108.214005,2,65.0,34,41,0.829,2082,1727,FRC2,0.975445,False
2026-08-17 22:51:57,2026-08-17T15:51:57Z,Mon,22,67 Đường Tố Hữu,Phường Hòa Cường Nam,16.034478,108.219218,2,10.0,37,37,1.0,157,157,FRC4,1,False
2026-08-17 22:51:57,2026-08-17T15:51:57Z,Mon,22,Ngã tư Lê Thạch – Cao Sơn Pháo (Khu vực ,Phường Hòa Minh,16.057221,108.172134,2,53.3,31,46,0.674,1289,869,FRC1,1,False
2026-08-17 22:51:57,2026-08-17T15:51:57Z,Mon,22,Đường Hải Hồ,Phường Thanh Bình,16.081622,108.216037,2,36.7,36,36,1.0,249,249,FRC3,1,False
2026-08-17 22:51:57,2026-08-17T15:51:57Z,Mon,22,Kiệt 640 Trưng Nữ Vương (Toàn bộ kiệt),Phường Hòa Cường Bắc,16.04386,108.207734,2,70.0,47,47,1.0,786,786,FRC4,1,False
2026-08-17 22:51:57,2026-08-17T15:51:57Z,Mon,22,20 Đường Lê Quý Đôn,Phường Bình Hiên,16.055828,108.22107,2,51.7,29,29,1.0,144,144,FRC4,1,False
2026-08-17 22:51:57,2026-08-17T15:51:57Z,Mon,22,Đống Đa,Phường Thanh Bình,16.078364,108.216795,2,10.0,36,36,1.0,249,249,FRC3,1,False
2026-08-17 22:51:57,2026-08-17T15:51:57Z,Mon,22,Quận Liên Chiểu,Phường Hòa Minh,16.06738,108.166799,2,55.0,33,41,0.805,247,199,FRC4,1,False
2026-08-17 22:51:57,2026-08-17T15:51:57Z,Mon,22,Núi Thành,Phường Hòa Cường Nam,16.036737,108.222882,2,17.5,26,33,0.788,338,266,FRC4,1,False
2026-08-17 22:51:57,2026-08-17T15:51:57Z,Mon,22,"Ngã 3 Phạm Văn Nghị - Đào Duy Anh, phườn",Phường Thạc Gián,16.05869,108.209048,2,40.0,28,37,0.757,1595,1207,FRC4,1,False
2026-08-17 22:51:57,2026-08-17T15:51:57Z,Mon,22,Quận Sơn Trà,Phường Thọ Quang,16.104352,108.253997,2,26.5,45,45,1.0,1365,1365,FRC3,1,False
2026-08-17 22:51:57,2026-08-17T15:51:57Z,Mon,22,Quang Trung - Đống Đa (Đoạn ngã 4),Phường Thanh Bình,16.073419,108.213994,2,105.5,31,36,0.861,344,296,FRC4,1,False
2026-08-17 22:51:57,2026-08-17T15:51:57Z,Mon,22,Trưng Nữ Vương,Phường Hòa Thuận Tây,16.044318,108.206417,2,25.0,47,47,1.0,786,786,FRC4,1,False
2026-08-17 22:51:57,2026-08-17T15:51:57Z,Mon,22,Đ. Ngô Thì Nhậm,Phường Hòa Minh,16.071259,108.156865,2,40.0,29,40,0.725,268,194,FRC4,1,False
2026-08-17 22:51:57,2026-08-17T15:51:57Z,Mon,22,Ngô Tử Hạ,Phường Hòa An,16.043478,108.178278,2,55.0,52,52,1.0,1328,1328,FRC1,1,False
2026-08-17 22:51:57,2026-08-17T15:51:57Z,Mon,22,"Kiệt 818 Trần Cao Vân, tổ 20 P.Thanh Khê",Phường Thanh Khê Đông,16.069731,108.184158,2,90.0,35,35,1.0,517,517,FRC4,1,False
2026-08-17 22:51:57,2026-08-17T15:51:57Z,Mon,22,Hẻm 45 Đường An Mỹ 08 (Hem 45 Duong An M,Phường An Hải Tây,16.06394,108.23185,2,10.0,32,32,1.0,73,73,FRC3,1,False
2026-08-17 23:36:19,2026-08-17T16:36:19Z,Mon,23,15 Đường Quang Trung,Phường Hải Châu,16.075051,108.222198,5,12.0,34,34,1.0,532,532,FRC4,1,False
2026-08-17 23:36:19,2026-08-17T16:36:19Z,Mon,23,Phần Lăng 1,Phường Hòa Cường Bắc,16.054171,108.188345,5,49.2,30,30,1.0,255,255,FRC4,1,False
2026-08-17 23:36:19,2026-08-17T16:36:19Z,Mon,23,24 Đường Trần Phú,Phường Thạch Thang,16.077081,108.223023,5,12.0,37,37,1.0,288,288,FRC4,1,False
2026-08-17 23:36:19,2026-08-17T16:36:19Z,Mon,23,2 Đường Lý Thái Tổ (Duong Ly Thai To),Phường Thạc Gián,16.066432,108.209833,4,64.6,38,38,1.0,488,488,FRC1,1,False
2026-08-17 23:36:19,2026-08-17T16:36:19Z,Mon,23,100 Đường Trần Phú,Phường Hải Châu 1,16.06907,108.22398,4,46.5,33,33,1.0,257,257,FRC4,1,False
2026-08-17 23:36:19,2026-08-17T16:36:19Z,Mon,23,Ngã tư Bắc Sơn – Trần Văn Ơn (Khu vực gi,Phường Hòa An,16.054638,108.176766,3,96.9,36,36,1.0,282,282,FRC4,1,False
2026-08-17 23:36:19,2026-08-17T16:36:19Z,Mon,23,40 Đường Trần Phú,Phường Hải Châu I,16.071757,108.224725,3,59.6,27,27,1.0,14,14,FRC4,1,False
2026-08-17 23:36:19,2026-08-17T16:36:19Z,Mon,23,Bàu Làng,Phường Thanh Khê Đông,16.070435,108.185778,3,49.0,34,34,1.0,532,532,FRC4,1,False
2026-08-17 23:36:19,2026-08-17T16:36:19Z,Mon,23,Huỳnh Ngọc Huệ,Phường Hòa Khê,16.061159,108.185345,3,81.0,28,28,1.0,286,286,FRC4,1,False
2026-08-17 23:36:19,2026-08-17T16:36:19Z,Mon,23,"Hàm Nghi, tổ 36 P.Vĩnh Trung (số 87 - 16",Phường Thạc Gián,16.061954,108.210494,2,93.1,40,40,1.0,1770,1770,FRC2,1,False
2026-08-17 23:36:19,2026-08-17T16:36:19Z,Mon,23,Đường Bắc Sơn (Từ số nhà 02 đến số nhà 9,Phường Hòa An,16.059092,108.175051,2,105.7,34,46,0.739,1176,869,FRC1,1,False
2026-08-17 23:36:19,2026-08-17T16:36:19Z,Mon,23,Lê Thanh Nghị,Phường Hòa Cường Nam,16.035861,108.218057,2,19.2,37,37,1.0,157,157,FRC4,1,False
2026-08-17 23:36:19,2026-08-17T16:36:19Z,Mon,23,50 Đường Hoàng Hoa Thám,Phường Tam Thuận,16.069332,108.209716,2,45.0,38,38,1.0,256,256,FRC4,1,False
2026-08-17 23:36:19,2026-08-17T16:36:19Z,Mon,23,Đường Cầm Bá Thước (Toàn bộ tuyến đường),Phường Hòa Cường Bắc,16.042987,108.212774,2,52.0,47,47,1.0,786,786,FRC4,1,False
2026-08-17 23:36:19,2026-08-17T16:36:19Z,Mon,23,Hà Huy Tập,Phường Hòa Khê,16.05858,108.184255,2,64.0,30,30,1.0,255,255,FRC4,1,False
2026-08-17 23:36:19,2026-08-17T16:36:19Z,Mon,23,Kiệt 179 Nguyễn Văn Linh (Toàn bộ kiệt),Phường Nam Dương,16.060362,108.214005,2,65.0,40,40,1.0,1770,1770,FRC2,1,False
2026-08-17 23:36:19,2026-08-17T16:36:19Z,Mon,23,67 Đường Tố Hữu,Phường Hòa Cường Nam,16.034478,108.219218,2,10.0,37,37,1.0,157,157,FRC4,1,False
2026-08-17 23:36:19,2026-08-17T16:36:19Z,Mon,23,Ngã tư Lê Thạch – Cao Sơn Pháo (Khu vực ,Phường Hòa Minh,16.057221,108.172134,2,53.3,34,46,0.739,1176,869,FRC1,1,False
2026-08-17 23:36:19,2026-08-17T16:36:19Z,Mon,23,Đường Hải Hồ,Phường Thanh Bình,16.081622,108.216037,2,36.7,24,34,0.706,374,264,FRC3,1,False
2026-08-17 23:36:19,2026-08-17T16:36:19Z,Mon,23,Kiệt 640 Trưng Nữ Vương (Toàn bộ kiệt),Phường Hòa Cường Bắc,16.04386,108.207734,2,70.0,47,47,1.0,786,786,FRC4,1,False
2026-08-17 23:36:19,2026-08-17T16:36:19Z,Mon,23,20 Đường Lê Quý Đôn,Phường Bình Hiên,16.055828,108.22107,2,51.7,29,29,1.0,144,144,FRC4,1,False
2026-08-17 23:36:19,2026-08-17T16:36:19Z,Mon,23,Đống Đa,Phường Thanh Bình,16.078364,108.216795,2,10.0,24,34,0.706,374,264,FRC3,1,False
2026-08-17 23:36:19,2026-08-17T16:36:19Z,Mon,23,Quận Liên Chiểu,Phường Hòa Minh,16.06738,108.166799,2,55.0,41,41,1.0,199,199,FRC4,1,False
2026-08-17 23:36:19,2026-08-17T16:36:19Z,Mon,23,Núi Thành,Phường Hòa Cường Nam,16.036737,108.222882,2,17.5,28,33,0.848,314,266,FRC4,1,False
2026-08-17 23:36:19,2026-08-17T16:36:19Z,Mon,23,"Ngã 3 Phạm Văn Nghị - Đào Duy Anh, phườn",Phường Thạc Gián,16.05869,108.209048,2,40.0,38,38,1.0,1175,1175,FRC4,1,False
2026-08-17 23:36:19,2026-08-17T16:36:19Z,Mon,23,Quận Sơn Trà,Phường Thọ Quang,16.104352,108.253997,2,26.5,45,45,1.0,1365,1365,FRC3,1,False
2026-08-17 23:36:19,2026-08-17T16:36:19Z,Mon,23,Quang Trung - Đống Đa (Đoạn ngã 4),Phường Thanh Bình,16.073419,108.213994,2,105.5,37,37,1.0,288,288,FRC4,1,False
2026-08-17 23:36:19,2026-08-17T16:36:19Z,Mon,23,Trưng Nữ Vương,Phường Hòa Thuận Tây,16.044318,108.206417,2,25.0,47,47,1.0,786,786,FRC4,1,False
2026-08-17 23:36:19,2026-08-17T16:36:19Z,Mon,23,Đ. Ngô Thì Nhậm,Phường Hòa Minh,16.071259,108.156865,2,40.0,29,39,0.744,268,199,FRC4,1,False
2026-08-17 23:36:19,2026-08-17T16:36:19Z,Mon,23,Ngô Tử Hạ,Phường Hòa An,16.043478,108.178278,2,55.0,52,52,1.0,1328,1328,FRC1,1,False
2026-08-17 23:36:19,2026-08-17T16:36:19Z,Mon,23,"Kiệt 818 Trần Cao Vân, tổ 20 P.Thanh Khê",Phường Thanh Khê Đông,16.069731,108.184158,2,90.0,35,35,1.0,517,517,FRC4,1,False
2026-08-17 23:36:19,2026-08-17T16:36:19Z,Mon,23,Hẻm 45 Đường An Mỹ 08 (Hem 45 Duong An M,Phường An Hải Tây,16.06394,108.23185,2,10.0,32,32,1.0,73,73,FRC3,1,False
2026-08-17 23:59:06,2026-08-17T16:59:06Z,Mon,23,15 Đường Quang Trung,Phường Hải Châu,16.075051,108.222198,5,12.0,34,34,1.0,532,532,FRC4,1,False
2026-08-17 23:59:06,2026-08-17T16:59:06Z,Mon,23,Phần Lăng 1,Phường Hòa Cường Bắc,16.054171,108.188345,5,49.2,30,30,1.0,255,255,FRC4,1,False
2026-08-17 23:59:06,2026-08-17T16:59:06Z,Mon,23,24 Đường Trần Phú,Phường Thạch Thang,16.077081,108.223023,5,12.0,37,37,1.0,288,288,FRC4,1,False
2026-08-17 23:59:06,2026-08-17T16:59:06Z,Mon,23,2 Đường Lý Thái Tổ (Duong Ly Thai To),Phường Thạc Gián,16.066432,108.209833,4,64.6,38,38,1.0,488,488,FRC1,1,False
2026-08-17 23:59:06,2026-08-17T16:59:06Z,Mon,23,100 Đường Trần Phú,Phường Hải Châu 1,16.06907,108.22398,4,46.5,33,33,1.0,257,257,FRC4,1,False
2026-08-17 23:59:06,2026-08-17T16:59:06Z,Mon,23,Ngã tư Bắc Sơn – Trần Văn Ơn (Khu vực gi,Phường Hòa An,16.054638,108.176766,3,96.9,36,36,1.0,282,282,FRC4,1,False
2026-08-17 23:59:06,2026-08-17T16:59:06Z,Mon,23,40 Đường Trần Phú,Phường Hải Châu I,16.071757,108.224725,3,59.6,27,27,1.0,14,14,FRC4,1,False
2026-08-17 23:59:06,2026-08-17T16:59:06Z,Mon,23,Bàu Làng,Phường Thanh Khê Đông,16.070435,108.185778,3,49.0,34,34,1.0,532,532,FRC4,1,False
2026-08-17 23:59:06,2026-08-17T16:59:06Z,Mon,23,Huỳnh Ngọc Huệ,Phường Hòa Khê,16.061159,108.185345,3,81.0,28,28,1.0,286,286,FRC4,1,False
2026-08-17 23:59:06,2026-08-17T16:59:06Z,Mon,23,"Hàm Nghi, tổ 36 P.Vĩnh Trung (số 87 - 16",Phường Thạc Gián,16.061954,108.210494,2,93.1,40,40,1.0,1770,1770,FRC2,1,False
2026-08-17 23:59:06,2026-08-17T16:59:06Z,Mon,23,Đường Bắc Sơn (Từ số nhà 02 đến số nhà 9,Phường Hòa An,16.059092,108.175051,2,105.7,33,46,0.717,1211,869,FRC1,0.993845,False
2026-08-17 23:59:06,2026-08-17T16:59:06Z,Mon,23,Lê Thanh Nghị,Phường Hòa Cường Nam,16.035861,108.218057,2,19.2,37,37,1.0,157,157,FRC4,1,False
2026-08-17 23:59:06,2026-08-17T16:59:06Z,Mon,23,50 Đường Hoàng Hoa Thám,Phường Tam Thuận,16.069332,108.209716,2,45.0,38,38,1.0,256,256,FRC4,1,False
2026-08-17 23:59:06,2026-08-17T16:59:06Z,Mon,23,Đường Cầm Bá Thước (Toàn bộ tuyến đường),Phường Hòa Cường Bắc,16.042987,108.212774,2,52.0,47,47,1.0,786,786,FRC4,1,False
2026-08-17 23:59:06,2026-08-17T16:59:06Z,Mon,23,Hà Huy Tập,Phường Hòa Khê,16.05858,108.184255,2,64.0,30,30,1.0,255,255,FRC4,1,False
2026-08-17 23:59:06,2026-08-17T16:59:06Z,Mon,23,Kiệt 179 Nguyễn Văn Linh (Toàn bộ kiệt),Phường Nam Dương,16.060362,108.214005,2,65.0,40,40,1.0,1770,1770,FRC2,1,False
2026-08-17 23:59:06,2026-08-17T16:59:06Z,Mon,23,67 Đường Tố Hữu,Phường Hòa Cường Nam,16.034478,108.219218,2,10.0,37,37,1.0,157,157,FRC4,1,False
2026-08-17 23:59:06,2026-08-17T16:59:06Z,Mon,23,Ngã tư Lê Thạch – Cao Sơn Pháo (Khu vực ,Phường Hòa Minh,16.057221,108.172134,2,53.3,33,46,0.717,1211,869,FRC1,0.993845,False
2026-08-17 23:59:06,2026-08-17T16:59:06Z,Mon,23,Đường Hải Hồ,Phường Thanh Bình,16.081622,108.216037,2,36.7,36,36,1.0,249,249,FRC3,1,False
2026-08-17 23:59:06,2026-08-17T16:59:06Z,Mon,23,Kiệt 640 Trưng Nữ Vương (Toàn bộ kiệt),Phường Hòa Cường Bắc,16.04386,108.207734,2,70.0,47,47,1.0,786,786,FRC4,1,False
2026-08-17 23:59:06,2026-08-17T16:59:06Z,Mon,23,20 Đường Lê Quý Đôn,Phường Bình Hiên,16.055828,108.22107,2,51.7,29,29,1.0,144,144,FRC4,1,False
2026-08-17 23:59:06,2026-08-17T16:59:06Z,Mon,23,Đống Đa,Phường Thanh Bình,16.078364,108.216795,2,10.0,36,36,1.0,249,249,FRC3,1,False
2026-08-17 23:59:06,2026-08-17T16:59:06Z,Mon,23,Quận Liên Chiểu,Phường Hòa Minh,16.06738,108.166799,2,55.0,41,41,1.0,199,199,FRC4,1,False
2026-08-17 23:59:06,2026-08-17T16:59:06Z,Mon,23,Núi Thành,Phường Hòa Cường Nam,16.036737,108.222882,2,17.5,26,33,0.788,338,266,FRC4,1,False
2026-08-17 23:59:06,2026-08-17T16:59:06Z,Mon,23,"Ngã 3 Phạm Văn Nghị - Đào Duy Anh, phườn",Phường Thạc Gián,16.05869,108.209048,2,40.0,38,38,1.0,1175,1175,FRC4,1,False
2026-08-17 23:59:06,2026-08-17T16:59:06Z,Mon,23,Quận Sơn Trà,Phường Thọ Quang,16.104352,108.253997,2,26.5,37,44,0.841,1660,1396,FRC3,0.99547,False
2026-08-17 23:59:06,2026-08-17T16:59:06Z,Mon,23,Quang Trung - Đống Đa (Đoạn ngã 4),Phường Thanh Bình,16.073419,108.213994,2,105.5,37,37,1.0,288,288,FRC4,1,False
2026-08-17 23:59:06,2026-08-17T16:59:06Z,Mon,23,Trưng Nữ Vương,Phường Hòa Thuận Tây,16.044318,108.206417,2,25.0,47,47,1.0,786,786,FRC4,1,False
2026-08-17 23:59:06,2026-08-17T16:59:06Z,Mon,23,Đ. Ngô Thì Nhậm,Phường Hòa Minh,16.071259,108.156865,2,40.0,27,40,0.675,288,194,FRC4,1,False
2026-08-17 23:59:06,2026-08-17T16:59:06Z,Mon,23,Ngô Tử Hạ,Phường Hòa An,16.043478,108.178278,2,55.0,52,52,1.0,1328,1328,FRC1,1,False
2026-08-17 23:59:06,2026-08-17T16:59:06Z,Mon,23,"Kiệt 818 Trần Cao Vân, tổ 20 P.Thanh Khê",Phường Thanh Khê Đông,16.069731,108.184158,2,90.0,27,34,0.794,670,532,FRC4,0.995735,False
2026-08-17 23:59:06,2026-08-17T16:59:06Z,Mon,23,Hẻm 45 Đường An Mỹ 08 (Hem 45 Duong An M,Phường An Hải Tây,16.06394,108.23185,2,10.0,32,32,1.0,73,73,FRC3,1,False
2026-08-18 00:35:24,2026-08-17T17:35:24Z,Tue,0,15 Đường Quang Trung,Phường Hải Châu,16.075051,108.222198,5,12.0,34,34,1.0,532,532,FRC4,1,False
2026-08-18 00:35:24,2026-08-17T17:35:24Z,Tue,0,Phần Lăng 1,Phường Hòa Cường Bắc,16.054171,108.188345,5,49.2,30,30,1.0,255,255,FRC4,1,False
2026-08-18 00:35:24,2026-08-17T17:35:24Z,Tue,0,24 Đường Trần Phú,Phường Thạch Thang,16.077081,108.223023,5,12.0,37,37,1.0,288,288,FRC4,1,False
2026-08-18 00:35:24,2026-08-17T17:35:24Z,Tue,0,2 Đường Lý Thái Tổ (Duong Ly Thai To),Phường Thạc Gián,16.066432,108.209833,4,64.6,38,38,1.0,488,488,FRC1,1,False
2026-08-18 00:35:24,2026-08-17T17:35:24Z,Tue,0,100 Đường Trần Phú,Phường Hải Châu 1,16.06907,108.22398,4,46.5,33,33,1.0,257,257,FRC4,1,False
2026-08-18 00:35:24,2026-08-17T17:35:24Z,Tue,0,Ngã tư Bắc Sơn – Trần Văn Ơn (Khu vực gi,Phường Hòa An,16.054638,108.176766,3,96.9,36,36,1.0,282,282,FRC4,1,False
2026-08-18 00:35:24,2026-08-17T17:35:24Z,Tue,0,40 Đường Trần Phú,Phường Hải Châu I,16.071757,108.224725,3,59.6,27,27,1.0,14,14,FRC4,1,False
2026-08-18 00:35:24,2026-08-17T17:35:24Z,Tue,0,Bàu Làng,Phường Thanh Khê Đông,16.070435,108.185778,3,49.0,34,34,1.0,532,532,FRC4,1,False
2026-08-18 00:35:24,2026-08-17T17:35:24Z,Tue,0,Huỳnh Ngọc Huệ,Phường Hòa Khê,16.061159,108.185345,3,81.0,28,28,1.0,286,286,FRC4,1,False
2026-08-18 00:35:24,2026-08-17T17:35:24Z,Tue,0,"Hàm Nghi, tổ 36 P.Vĩnh Trung (số 87 - 16",Phường Thạc Gián,16.061954,108.210494,2,93.1,40,40,1.0,1770,1770,FRC2,1,False
2026-08-18 00:35:24,2026-08-17T17:35:24Z,Tue,0,Đường Bắc Sơn (Từ số nhà 02 đến số nhà 9,Phường Hòa An,16.059092,108.175051,2,105.7,47,47,1.0,850,850,FRC1,1,False
2026-08-18 00:35:24,2026-08-17T17:35:24Z,Tue,0,Lê Thanh Nghị,Phường Hòa Cường Nam,16.035861,108.218057,2,19.2,29,36,0.806,201,162,FRC4,1,False
2026-08-18 00:35:24,2026-08-17T17:35:24Z,Tue,0,50 Đường Hoàng Hoa Thám,Phường Tam Thuận,16.069332,108.209716,2,45.0,38,38,1.0,256,256,FRC4,1,False
2026-08-18 00:35:24,2026-08-17T17:35:24Z,Tue,0,Đường Cầm Bá Thước (Toàn bộ tuyến đường),Phường Hòa Cường Bắc,16.042987,108.212774,2,52.0,47,47,1.0,786,786,FRC4,1,False
2026-08-18 00:35:24,2026-08-17T17:35:24Z,Tue,0,Hà Huy Tập,Phường Hòa Khê,16.05858,108.184255,2,64.0,30,30,1.0,255,255,FRC4,1,False
2026-08-18 00:35:24,2026-08-17T17:35:24Z,Tue,0,Kiệt 179 Nguyễn Văn Linh (Toàn bộ kiệt),Phường Nam Dương,16.060362,108.214005,2,65.0,40,40,1.0,1770,1770,FRC2,1,False
2026-08-18 00:35:24,2026-08-17T17:35:24Z,Tue,0,67 Đường Tố Hữu,Phường Hòa Cường Nam,16.034478,108.219218,2,10.0,29,36,0.806,201,162,FRC4,1,False
2026-08-18 00:35:24,2026-08-17T17:35:24Z,Tue,0,Ngã tư Lê Thạch – Cao Sơn Pháo (Khu vực ,Phường Hòa Minh,16.057221,108.172134,2,53.3,47,47,1.0,850,850,FRC1,1,False
2026-08-18 00:35:24,2026-08-17T17:35:24Z,Tue,0,Đường Hải Hồ,Phường Thanh Bình,16.081622,108.216037,2,36.7,36,36,1.0,249,249,FRC3,1,False
2026-08-18 00:35:24,2026-08-17T17:35:24Z,Tue,0,Kiệt 640 Trưng Nữ Vương (Toàn bộ kiệt),Phường Hòa Cường Bắc,16.04386,108.207734,2,70.0,47,47,1.0,786,786,FRC4,1,False
2026-08-18 00:35:24,2026-08-17T17:35:24Z,Tue,0,20 Đường Lê Quý Đôn,Phường Bình Hiên,16.055828,108.22107,2,51.7,29,29,1.0,144,144,FRC4,1,False
2026-08-18 00:35:24,2026-08-17T17:35:24Z,Tue,0,Đống Đa,Phường Thanh Bình,16.078364,108.216795,2,10.0,36,36,1.0,249,249,FRC3,1,False
2026-08-18 00:35:24,2026-08-17T17:35:24Z,Tue,0,Quận Liên Chiểu,Phường Hòa Minh,16.06738,108.166799,2,55.0,41,41,1.0,199,199,FRC4,1,False
2026-08-18 00:35:24,2026-08-17T17:35:24Z,Tue,0,Núi Thành,Phường Hòa Cường Nam,16.036737,108.222882,2,17.5,30,34,0.882,293,258,FRC4,0.998626,False
2026-08-18 00:35:24,2026-08-17T17:35:24Z,Tue,0,"Ngã 3 Phạm Văn Nghị - Đào Duy Anh, phườn",Phường Thạc Gián,16.05869,108.209048,2,40.0,38,38,1.0,1175,1175,FRC4,1,False
2026-08-18 00:35:24,2026-08-17T17:35:24Z,Tue,0,Quận Sơn Trà,Phường Thọ Quang,16.104352,108.253997,2,26.5,45,45,1.0,1365,1365,FRC3,1,False
2026-08-18 00:35:24,2026-08-17T17:35:24Z,Tue,0,Quang Trung - Đống Đa (Đoạn ngã 4),Phường Thanh Bình,16.073419,108.213994,2,105.5,37,37,1.0,288,288,FRC4,1,False
2026-08-18 00:35:24,2026-08-17T17:35:24Z,Tue,0,Trưng Nữ Vương,Phường Hòa Thuận Tây,16.044318,108.206417,2,25.0,47,47,1.0,786,786,FRC4,1,False
2026-08-18 00:35:24,2026-08-17T17:35:24Z,Tue,0,Đ. Ngô Thì Nhậm,Phường Hòa Minh,16.071259,108.156865,2,40.0,30,39,0.769,259,199,FRC4,1,False
2026-08-18 00:35:24,2026-08-17T17:35:24Z,Tue,0,Ngô Tử Hạ,Phường Hòa An,16.043478,108.178278,2,55.0,52,52,1.0,1328,1328,FRC1,1,False
2026-08-18 00:35:24,2026-08-17T17:35:24Z,Tue,0,"Kiệt 818 Trần Cao Vân, tổ 20 P.Thanh Khê",Phường Thanh Khê Đông,16.069731,108.184158,2,90.0,35,35,1.0,517,517,FRC4,1,False
2026-08-18 00:35:24,2026-08-17T17:35:24Z,Tue,0,Hẻm 45 Đường An Mỹ 08 (Hem 45 Duong An M,Phường An Hải Tây,16.06394,108.23185,2,10.0,20,32,0.625,117,73,FRC3,0.962116,False
